-- MySQL dump 10.13  Distrib 5.7.17, for Win64 (x86_64)
--
-- Host: 127.0.0.1    Database: mastergardener
-- ------------------------------------------------------
-- Server version	5.7.21-0ubuntu0.16.04.1

/*!40101 SET @OLD_CHARACTER_SET_CLIENT=@@CHARACTER_SET_CLIENT */;
/*!40101 SET @OLD_CHARACTER_SET_RESULTS=@@CHARACTER_SET_RESULTS */;
/*!40101 SET @OLD_COLLATION_CONNECTION=@@COLLATION_CONNECTION */;
/*!40101 SET NAMES utf8 */;
/*!40103 SET @OLD_TIME_ZONE=@@TIME_ZONE */;
/*!40103 SET TIME_ZONE='+00:00' */;
/*!40014 SET @OLD_UNIQUE_CHECKS=@@UNIQUE_CHECKS, UNIQUE_CHECKS=0 */;
/*!40014 SET @OLD_FOREIGN_KEY_CHECKS=@@FOREIGN_KEY_CHECKS, FOREIGN_KEY_CHECKS=0 */;
/*!40101 SET @OLD_SQL_MODE=@@SQL_MODE, SQL_MODE='NO_AUTO_VALUE_ON_ZERO' */;
/*!40111 SET @OLD_SQL_NOTES=@@SQL_NOTES, SQL_NOTES=0 */;

--
-- Table structure for table `mg_county`
--

DROP TABLE IF EXISTS `mg_county`;
/*!40101 SET @saved_cs_client     = @@character_set_client */;
/*!40101 SET character_set_client = utf8 */;
CREATE TABLE `mg_county` (
  `county_ID` int(11) NOT NULL AUTO_INCREMENT COMMENT 'Having a unique county ID per county name lets us identify which state the county is in.',
  `countyName` varchar(255) NOT NULL COMMENT 'A list of counties in the state. This does not necessarily have to be a unique name due to the fact that multiple states can have the same county names, but there should definitely be a check when adding a new county as to whether or not the county already exists for the given state.',
  `stateName` varchar(255) NOT NULL,
  PRIMARY KEY (`county_ID`)
) ENGINE=InnoDB AUTO_INCREMENT=69 DEFAULT CHARSET=utf8;
/*!40101 SET character_set_client = @saved_cs_client */;

--
-- Dumping data for table `mg_county`
--

LOCK TABLES `mg_county` WRITE;
/*!40000 ALTER TABLE `mg_county` DISABLE KEYS */;
INSERT INTO `mg_county` VALUES (1,'Adams','Pennsylvania'),(2,'Allegheny','Pennsylvania'),(3,'Beaver','Pennsylvania'),(4,'Berks','Pennsylvania'),(5,'Bradford','Pennsylvania'),(6,'CentreAPD','Pennsylvania'),(7,'Cumberland','Pennsylvania'),(8,'Dauphin','Pennsylvania'),(9,'Erie','Pennsylvania'),(10,'Fayette','Pennsylvania'),(11,'Fulton','Pennsylvania'),(12,'Greene','Pennsylvania'),(13,'Indiana','Pennsylvania'),(14,'Lawrence','Pennsylvania'),(15,'Lancaster','Pennsylvania'),(16,'Lehigh','Pennsylvania'),(17,'Luzerne','Pennsylvania'),(18,'Mercer','Pennsylvania'),(19,'Monroe','Pennsylvania'),(20,'Montgomery','Pennsylvania'),(21,'Northampton','Pennsylvania'),(22,'Schuykill','Pennsylvania'),(23,'Susquehanna','Pennsylvania'),(24,'Washington','Pennsylvania'),(25,'Wyoming','Pennsylvania'),(26,'York','Pennsylvania'),(27,'CentreSnets','Pennsylvania'),(28,'Armstrong','Pennsylvania'),(29,'Bedford','Pennsylvania'),(30,'Blair','Pennsylvania'),(31,'Bucks','Pennsylvania'),(32,'Butler','Pennsylvania'),(33,'Cambria','Pennsylvania'),(34,'Cameron','Pennsylvania'),(35,'Carbon','Pennsylvania'),(36,'Chester','Pennsylvania'),(37,'Clarion','Pennsylvania'),(38,'Clearfield','Pennsylvania'),(39,'Clinton','Pennsylvania'),(40,'Columbia County','Pennsylvania'),(41,'Crawford','Pennsylvania'),(42,'Delaware','Pennsylvania'),(43,'Elk','Pennsylvania'),(44,'Forest','Pennsylvania'),(45,'Franklin','Pennsylvania'),(46,'Huntington','Pennsylvania'),(47,'Jefferson','Pennsylvania'),(48,'Juniata','Pennsylvania'),(49,'Lackawanna','Pennsylvania'),(50,'Lebanon','Pennsylvania'),(51,'Lycoming','Pennsylvania'),(52,'McKean','Pennsylvania'),(53,'Mifflin','Pennsylvania'),(54,'Montour','Pennsylvania'),(55,'Northumberland','Pennsylvania'),(56,'Perry','Pennsylvania'),(57,'Philadelphia','Pennsylvania'),(58,'Pike','Pennsylvania'),(59,'Potter','Pennsylvania'),(60,'Snyder','Pennsylvania'),(61,'Somerset','Pennsylvania'),(62,'Sullivan','Pennsylvania'),(63,'Tioga','Pennsylvania'),(64,'Union','Pennsylvania'),(65,'Venango','Pennsylvania'),(66,'Warren','Pennsylvania'),(67,'Wayne','Pennsylvania'),(68,'Westmoreland','Pennsylvania');
/*!40000 ALTER TABLE `mg_county` ENABLE KEYS */;
UNLOCK TABLES;

--
-- Table structure for table `mg_data_form`
--

DROP TABLE IF EXISTS `mg_data_form`;
/*!40101 SET @saved_cs_client     = @@character_set_client */;
/*!40101 SET character_set_client = utf8 */;
CREATE TABLE `mg_data_form` (
  `id` int(11) NOT NULL AUTO_INCREMENT,
  `week_number` int(11) NOT NULL,
  `garden_id` int(11) NOT NULL,
  `county_id` int(11) NOT NULL,
  `generator_id1` int(11) DEFAULT NULL,
  `generator_id2` int(11) DEFAULT NULL,
  `generator_id3` int(11) DEFAULT NULL,
  `generator_id4` int(11) DEFAULT NULL,
  `date_generated` date NOT NULL,
  `monitor_start` time DEFAULT NULL,
  `monitor_stop` time DEFAULT NULL,
  `wind_status` varchar(50) DEFAULT NULL,
  `cloud_status` varchar(50) DEFAULT NULL,
  `comments` varchar(500) DEFAULT NULL,
  `confirmed` tinyint(1) DEFAULT '0',
  `temperature` int(11) DEFAULT NULL,
  `date_created` date NOT NULL,
  PRIMARY KEY (`id`)
) ENGINE=InnoDB AUTO_INCREMENT=327 DEFAULT CHARSET=utf8;
/*!40101 SET character_set_client = @saved_cs_client */;

--
-- Dumping data for table `mg_data_form`
--

LOCK TABLES `mg_data_form` WRITE;
/*!40000 ALTER TABLE `mg_data_form` DISABLE KEYS */;
INSERT INTO `mg_data_form` VALUES (1,4,1,1,-1,NULL,NULL,NULL,'2017-12-09','13:20:00','13:45:00','L','P','',1,70,'2016-06-24'),(2,5,1,1,-1,NULL,NULL,NULL,'2017-12-09','11:00:00','11:25:00','S','P','',1,80,'2016-07-07'),(3,8,1,1,-1,NULL,NULL,NULL,'2017-12-09','10:55:00','11:30:00','L','C','',1,80,'2016-07-21'),(4,9,1,1,-1,NULL,NULL,NULL,'2017-12-09','10:30:00','10:50:00','S','O','',1,80,'2016-07-28'),(5,10,1,1,-1,NULL,NULL,NULL,'2017-12-09','11:45:00','12:10:00','L','P','',1,80,'2016-08-04'),(6,12,1,1,-1,NULL,NULL,NULL,'2017-12-09','11:00:00','11:30:00','L','C','',1,80,'2016-08-17'),(7,13,1,1,-1,NULL,NULL,NULL,'2017-12-09','10:45:00','11:00:00','L','M','',1,70,'2016-08-25'),(8,14,1,1,-1,NULL,NULL,NULL,'2017-12-09','12:15:00','12:40:00','W','P','',1,70,'2016-09-02'),(9,15,1,1,-1,NULL,NULL,NULL,'2017-12-09','11:45:00','12:10:00','L','M','',1,90,'2016-09-09'),(10,5,2,2,-1,NULL,NULL,NULL,'2017-12-09','11:35:00','11:50:00','LB','PC','',1,80,'2016-06-27'),(11,6,2,2,-1,NULL,NULL,NULL,'2017-12-09','11:30:00','12:20:00','LB','O','',1,70,'2017-07-04'),(12,7,2,2,-1,NULL,NULL,NULL,'2017-12-09','11:30:00','11:55:00','LB','C','',1,80,'2016-07-11'),(13,8,2,2,-1,NULL,NULL,NULL,'2017-12-09','11:05:00','11:35:00','LB','C','',1,80,'2016-07-20'),(14,9,2,2,-1,NULL,NULL,NULL,'2017-12-09','11:45:00','12:15:00','S','PC','',1,80,'2016-07-25'),(15,10,2,2,-1,NULL,NULL,NULL,'2017-12-09','14:30:00','14:50:00','S','C','',1,80,'2016-08-01'),(16,11,2,2,-1,NULL,NULL,NULL,'2017-12-09','11:25:00','11:50:00','LB','PC','',1,80,'2016-08-08'),(17,12,2,2,-1,NULL,NULL,NULL,'2017-12-09','11:02:00','11:35:00','LB','O','',1,70,'2016-08-15'),(18,13,2,2,-1,NULL,NULL,NULL,'2017-12-09','11:35:00','11:55:00','LB','PC','',1,70,'2016-08-22'),(19,14,2,2,-1,NULL,NULL,NULL,'2017-12-09','14:30:00','15:00:00','LB','C','',1,80,'2016-08-29'),(20,15,2,2,-1,NULL,NULL,NULL,'2017-12-09','11:40:00','12:50:00','LB','C','',1,80,'2016-09-05'),(21,17,2,2,-1,NULL,NULL,NULL,'2017-12-09','12:25:00','12:55:00','LB','PC','',1,70,'2016-09-19'),(22,18,2,2,-1,NULL,NULL,NULL,'2017-12-09','11:40:00','12:18:00','LB','PC','',1,75,'2016-09-26'),(23,4,3,3,-1,NULL,NULL,NULL,'2017-12-09','10:50:00','11:10:00','LB','PC','',1,70,'2016-06-21'),(24,5,3,3,-1,NULL,NULL,NULL,'2017-12-09','13:45:00','15:06:00','LB','PC','',1,70,'2016-07-02'),(25,6,3,3,-1,NULL,NULL,NULL,'2017-12-09','11:45:00','12:45:00','LB','MC','',1,70,'2016-07-07'),(26,7,3,3,-1,NULL,NULL,NULL,'2017-12-09','11:30:00','12:30:00','LB','MC','',1,80,'2016-07-16'),(27,8,3,3,-1,NULL,NULL,NULL,'2017-12-09','13:15:00','14:15:00','LB','C','',1,90,'2016-07-24'),(28,9,3,3,-1,NULL,NULL,NULL,'2017-12-09','10:45:00','10:50:00','S','O','',1,70,'2016-07-28'),(29,10,3,3,-1,NULL,NULL,NULL,'2017-12-09','12:40:00','12:50:00','S','PC','',1,90,'2016-08-03'),(30,11,3,3,-1,NULL,NULL,NULL,'2017-12-09','18:30:00','19:35:00','LB','MC','',1,80,'2016-08-11'),(31,14,3,3,-1,NULL,NULL,NULL,'2017-12-09','15:00:00','16:00:00','LB','PC','',1,80,'2016-08-28'),(32,15,3,3,-1,NULL,NULL,NULL,'2017-12-09','17:05:00','17:50:00','LB','PC','',1,80,'2016-09-10'),(33,4,4,4,-1,NULL,NULL,NULL,'2017-12-09','12:15:00','12:20:00','S','C','',1,80,'2016-06-20'),(34,5,4,4,-1,NULL,NULL,NULL,'2017-12-09','12:15:00','12:20:00','LB','MC','',1,80,'2016-06-27'),(35,6,4,4,-1,NULL,NULL,NULL,'2017-12-09','12:15:00','12:20:00','LB','C','',1,90,'2016-07-06'),(36,7,4,4,-1,NULL,NULL,NULL,'2017-12-09','12:15:00','12:20:00','LB','PC','',1,80,'2016-07-11'),(37,8,4,4,-1,NULL,NULL,NULL,'2017-12-09','12:00:00','12:05:00','LB','PC','',1,90,'2016-07-18'),(38,9,4,4,-1,NULL,NULL,NULL,'2017-12-09','12:15:00','12:20:00','S','PC','',1,90,'2016-07-25'),(39,10,4,4,-1,NULL,NULL,NULL,'2017-12-09','12:15:00','12:20:00','','MC','',1,70,'2016-08-01'),(40,11,4,4,-1,NULL,NULL,NULL,'2017-12-09','12:15:00','12:20:00','S','MC','',1,70,'2016-08-08'),(41,12,4,4,-1,NULL,NULL,NULL,'2017-12-09','12:15:00','12:20:00','LB','C','',1,80,'2016-08-15'),(42,13,4,4,-1,NULL,NULL,NULL,'2017-12-09','12:15:00','12:20:00','LB','PC','',1,70,'2016-08-22'),(43,14,4,4,-1,NULL,NULL,NULL,'2017-12-09','12:15:00','12:20:00','S','C','',1,80,'2016-08-29'),(44,15,4,4,-1,NULL,NULL,NULL,'2017-12-09','12:12:00','12:17:00','W','','',1,80,'2016-09-06'),(45,16,4,4,-1,NULL,NULL,NULL,'2017-12-09','12:15:00','12:20:00','S','C','',1,70,'2016-09-12'),(46,17,4,4,-1,NULL,NULL,NULL,'2017-12-09','12:15:00','12:20:00','LB','MC','',1,70,'2016-09-19'),(47,18,4,4,-1,NULL,NULL,NULL,'2017-12-09','12:15:00','12:20:00','LB','O','',1,60,'2016-09-26'),(48,19,4,4,-1,NULL,NULL,NULL,'2017-12-09','12:15:00','12:20:00','LB','PC','',1,60,'2016-10-03'),(49,5,5,5,-1,NULL,NULL,NULL,'2017-12-09','11:20:00','11:50:00','LB','PC','',1,70,'2016-07-02'),(50,6,5,5,-1,NULL,NULL,NULL,'2017-12-09','11:30:00','12:15:00','LB','PC','',1,80,'2016-07-06'),(51,7,5,5,-1,NULL,NULL,NULL,'2017-12-09','11:35:00','12:30:00','LB','PC','',1,80,'2016-07-13'),(52,8,5,5,-1,NULL,NULL,NULL,'2017-12-09','14:30:00','15:00:00','S','C','',1,90,'2016-07-21'),(53,9,5,5,-1,NULL,NULL,NULL,'2017-12-09','12:00:00','12:45:00','LB','C','',1,80,'2016-07-26'),(54,10,5,5,-1,NULL,NULL,NULL,'2017-12-09','11:30:00','13:00:00','S','PC','',1,80,'2016-08-04'),(55,11,5,5,-1,NULL,NULL,NULL,'2017-12-09','11:30:00','13:00:00','S','PC','',1,90,'2016-08-13'),(56,12,5,5,-1,NULL,NULL,NULL,'2017-12-09','11:30:00','12:00:00','S','C','',1,80,'2016-08-19'),(57,13,5,5,-1,NULL,NULL,NULL,'2017-12-09','11:45:00','12:30:00','S','C','',1,80,'2016-08-27'),(58,14,5,5,-1,NULL,NULL,NULL,'2017-12-09','15:25:00','15:40:00','S','C','',1,90,'2016-08-30'),(59,16,5,5,-1,NULL,NULL,NULL,'2017-12-09','14:40:00','15:15:00','LB','C','',1,80,'2016-09-15'),(60,7,6,6,-1,NULL,NULL,NULL,'2017-12-09','11:30:00','12:45:00','L','C','',1,70,'2016-07-10'),(61,8,6,6,-1,NULL,NULL,NULL,'2017-12-09','11:30:00','12:30:00','L','P','',1,80,'2016-07-17'),(62,9,6,6,-1,NULL,NULL,NULL,'2017-12-09','12:00:00','12:30:00','L','P','',1,80,'2016-07-24'),(63,10,6,6,-1,NULL,NULL,NULL,'2017-12-09','11:30:00','12:30:00','L','P','',1,70,'2016-07-31'),(64,11,6,6,-1,NULL,NULL,NULL,'2017-12-09','11:30:00','12:30:00','L','P','',1,80,'2016-08-07'),(65,12,6,6,-1,NULL,NULL,NULL,'2017-12-09','12:00:00','12:30:00','W','M','',1,80,'2016-08-14'),(66,13,6,6,-1,NULL,NULL,NULL,'2017-12-09','12:30:00','13:20:00','L','C','',1,80,'2016-08-23'),(67,14,6,6,-1,NULL,NULL,NULL,'2017-12-09','11:30:00','12:00:00','G','C','',1,80,'2016-08-28'),(68,15,6,6,-1,NULL,NULL,NULL,'2017-12-09','12:15:00','12:45:00','S','C','',1,70,'2016-09-04'),(69,16,6,6,-1,NULL,NULL,NULL,'2017-12-09','11:30:00','12:00:00','L','P','',1,70,'2016-09-11'),(70,17,6,6,-1,NULL,NULL,NULL,'2017-12-09','11:30:00','12:00:00','L','O','',1,70,'2016-09-18'),(71,18,6,6,-1,NULL,NULL,NULL,'2017-12-09','11:45:00','12:30:00','S','C','',1,60,'2016-09-25'),(72,19,6,6,-1,NULL,NULL,NULL,'2017-12-09','11:30:00','12:00:00','L','O','',1,60,'2016-10-02'),(73,3,7,7,-1,NULL,NULL,NULL,'2017-12-09','11:18:00','11:37:00','S','C','',1,70,'2016-06-18'),(74,4,7,7,-1,NULL,NULL,NULL,'2017-12-09','11:47:00','12:30:00','S','C','',1,70,'2016-06-25'),(75,5,7,7,-1,NULL,NULL,NULL,'2017-12-09','15:06:00','15:11:00','L','C','',1,80,'2016-06-30'),(76,7,7,7,-1,NULL,NULL,NULL,'2017-12-09','11:25:00','11:40:00','L','C','',1,80,'2016-07-12'),(77,8,7,7,-1,NULL,NULL,NULL,'2017-12-09','11:33:00','11:45:00','L','C','',1,80,'2016-07-20'),(78,9,7,7,-1,NULL,NULL,NULL,'2017-12-09','11:00:00','11:40:00','G','P','',1,90,'2016-07-26'),(79,3,8,8,-1,NULL,NULL,NULL,'2017-12-09','11:40:00','12:05:00','','P','',1,70,'2016-06-17'),(80,4,8,8,-1,NULL,NULL,NULL,'2017-12-09','11:35:00','12:05:00','S','M','',1,70,'2016-06-24'),(81,5,8,8,-1,NULL,NULL,NULL,'2017-12-09','13:20:00','13:40:00','L','P','',1,80,'2016-06-29'),(82,6,8,8,-1,NULL,NULL,NULL,'2017-12-09','11:30:00','12:19:00','S','P','',1,80,'2016-07-07'),(83,7,8,8,-1,NULL,NULL,NULL,'2017-12-09','13:50:00','14:15:00','L','C','',1,80,'2016-07-11'),(84,8,8,8,-1,NULL,NULL,NULL,'2017-12-09','13:32:00','13:58:00','L','C','',1,80,'2016-07-21'),(85,9,8,8,-1,NULL,NULL,NULL,'2017-12-09','11:34:00','12:08:00','L','M','',1,80,'2016-07-27'),(86,10,8,8,-1,NULL,NULL,NULL,'2017-12-09','11:00:00','11:43:00','L','P','',1,70,'2016-08-01'),(87,11,8,8,-1,NULL,NULL,NULL,'2017-12-09','10:35:00','11:10:00','L','O','',1,80,'2016-08-10'),(88,12,8,8,-1,NULL,NULL,NULL,'2017-12-09','11:40:00','12:15:00','S','P','',1,80,'2016-08-19'),(89,13,8,8,-1,NULL,NULL,NULL,'2017-12-09','11:20:00','11:55:00','L','P','',1,70,'2016-08-22'),(90,14,8,8,-1,NULL,NULL,NULL,'2017-12-09','11:25:00','12:15:00','L','P','',1,80,'2016-08-31'),(91,15,8,8,-1,NULL,NULL,NULL,'2017-12-09','10:15:00','11:03:00','L','C','',1,80,'2016-09-06'),(92,16,8,8,-1,NULL,NULL,NULL,'2017-12-09','12:30:00','13:10:00','L','P','',1,80,'2016-09-13'),(93,17,8,8,-1,NULL,NULL,NULL,'2017-12-09','10:57:00','11:05:00','S','C','',1,70,'2016-09-22'),(94,6,9,9,-1,NULL,NULL,NULL,'2017-12-09','13:00:00','13:15:00','L','P','',1,80,'2016-07-03'),(95,8,9,9,-1,NULL,NULL,NULL,'2017-12-09','15:00:00','15:30:00','L','P','',1,80,'2016-07-20'),(96,9,9,9,-1,NULL,NULL,NULL,'2017-12-09','15:00:00','16:00:00','S','C','',1,80,'2016-07-27'),(97,10,9,9,-1,NULL,NULL,NULL,'2017-12-09','15:07:00','15:45:00','W','P','',1,80,'2016-08-03'),(98,11,9,9,-1,NULL,NULL,NULL,'2017-12-09','11:00:00','12:00:00','L','P','',1,80,'2016-08-10'),(99,12,9,9,-1,NULL,NULL,NULL,'2017-12-09','11:00:00','12:00:00','S','P','',1,70,'2016-08-17'),(100,13,9,9,-1,NULL,NULL,NULL,'2017-12-09','11:05:00','12:00:00','L','C','',1,80,'2016-08-24'),(101,14,9,9,-1,NULL,NULL,NULL,'2017-12-09','10:00:00','11:00:00','L','P','',1,80,'2016-09-02'),(102,15,9,9,-1,NULL,NULL,NULL,'2017-12-09','10:00:00','10:30:00','L','C','',1,80,'2016-09-08'),(103,2,10,10,-1,NULL,NULL,NULL,'2017-12-09','13:05:00','13:15:00','L','P','',1,70,'2016-06-07'),(104,3,10,10,-1,NULL,NULL,NULL,'2017-12-09','14:00:00','14:30:00','L','P','',1,80,'2016-06-18'),(105,4,10,10,-1,NULL,NULL,NULL,'2017-12-09','14:49:00','15:03:00','L','P','',1,80,'2016-06-25'),(106,5,10,10,-1,NULL,NULL,NULL,'2017-12-09','14:48:00','15:15:00','L','O','',1,70,'2016-07-02'),(107,6,10,10,-1,NULL,NULL,NULL,'2017-12-09','11:13:00','11:59:00','L','P','',1,70,'2016-07-09'),(108,7,10,10,-1,NULL,NULL,NULL,'2017-12-09','11:13:00','11:59:00','L','P','',1,70,'2016-07-12'),(109,8,10,10,-1,NULL,NULL,NULL,'2017-12-09','11:40:00','12:45:00','L','C','',1,80,'2016-07-19'),(110,9,10,10,-1,NULL,NULL,NULL,'2017-12-09','12:15:00','13:10:00','L','C','',1,80,'2016-07-24'),(111,10,10,10,-1,NULL,NULL,NULL,'2017-12-09','13:30:00','14:00:00','L','C','',1,80,'2016-08-02'),(112,11,10,10,-1,NULL,NULL,NULL,'2017-12-09','11:55:00','12:24:00','S','C','',1,80,'2016-08-09'),(113,12,10,10,-1,NULL,NULL,NULL,'2017-12-09','14:00:00','14:45:00','L','P','',1,80,'2016-08-18'),(114,13,10,10,-1,NULL,NULL,NULL,'2017-12-09','11:30:00','12:30:00','L','C','',1,70,'2016-08-24'),(115,14,10,10,-1,NULL,NULL,NULL,'2017-12-09','14:59:00','15:46:00','S','P','',1,90,'2016-08-28'),(116,15,10,10,-1,NULL,NULL,NULL,'2017-12-09','13:10:00','13:40:00','L','P','',1,80,'2016-09-07'),(117,16,10,10,-1,NULL,NULL,NULL,'2017-12-09','15:00:00','15:30:00','L','C','',1,80,'2016-09-12'),(118,17,10,10,-1,NULL,NULL,NULL,'2017-12-09','14:40:00','15:20:00','S','P','',1,70,'2016-09-22'),(119,18,10,10,-1,NULL,NULL,NULL,'2017-12-09','13:20:00','13:45:00','L','P','',1,60,'2016-09-27'),(120,19,10,10,-1,NULL,NULL,NULL,'2017-12-09','15:25:00','16:05:00','L','P','',1,60,'2016-10-02'),(121,20,10,10,-1,NULL,NULL,NULL,'2017-12-09','14:30:00','15:05:00','L','C','',1,60,'2016-10-10'),(122,4,11,11,-1,NULL,NULL,NULL,'2017-12-09','12:00:00','12:30:00','L','O','',1,70,'2016-06-24'),(123,5,11,11,-1,NULL,NULL,NULL,'2017-12-09','12:00:00','12:45:00','L','C','',1,80,'2016-06-30'),(124,7,11,11,-1,NULL,NULL,NULL,'2017-12-09','11:30:00','12:00:00','L','O','',1,80,'2016-07-13'),(125,8,11,11,-1,NULL,NULL,NULL,'2017-12-09','12:20:00','13:00:00','L','C','',1,80,'2016-07-20'),(126,9,11,11,-1,NULL,NULL,NULL,'2017-12-09','13:30:00','14:10:00','L','M','',1,80,'2016-07-26'),(127,10,11,11,-1,NULL,NULL,NULL,'2017-12-09','14:10:00','15:00:00','L','M','',1,80,'2016-08-04'),(128,11,11,11,-1,NULL,NULL,NULL,'2017-12-09','12:50:00','13:05:00','L','P','',1,80,'2016-08-10'),(129,12,11,11,-1,NULL,NULL,NULL,'2017-12-09','14:38:00','15:00:00','S','P','',1,80,'2016-08-15'),(130,13,11,11,-1,NULL,NULL,NULL,'2017-12-09','14:30:00','15:00:00','L','M','',1,80,'2016-08-23'),(131,14,11,11,-1,NULL,NULL,NULL,'2017-12-09','13:15:00','14:00:00','L','P','',1,70,'2016-09-01'),(132,15,11,11,-1,NULL,NULL,NULL,'2017-12-09','12:50:00','13:20:00','W','M','',1,80,'2016-09-07'),(133,17,11,11,-1,NULL,NULL,NULL,'2017-12-09','10:30:00','11:00:00','L','C','',1,70,'2016-09-22'),(134,19,11,11,-1,NULL,NULL,NULL,'2017-12-09','11:30:00','12:00:00','L','P','',1,70,'2016-10-03'),(135,3,12,12,-1,NULL,NULL,NULL,'2017-12-09','12:00:00','12:30:00','S','C','',1,80,'2016-06-18'),(136,4,12,12,-1,NULL,NULL,NULL,'2017-12-09','15:50:00','16:55:00','L','P','',1,80,'2016-06-21'),(137,5,12,12,-1,NULL,NULL,NULL,'2017-12-09','15:20:00','16:00:00','S','P','',1,70,'2016-07-01'),(138,6,12,12,-1,NULL,NULL,NULL,'2017-12-09','11:30:00','12:15:00','L','O','',1,80,'2016-07-07'),(139,7,12,12,-1,NULL,NULL,NULL,'2017-12-09','12:00:00','13:30:00','L','C','',1,80,'2016-07-14'),(140,8,12,12,-1,NULL,NULL,NULL,'2017-12-09','15:15:00','16:00:00','W','C','',1,80,'2016-07-18'),(141,9,12,12,-1,NULL,NULL,NULL,'2017-12-09','12:00:00','12:25:00','L','P','',1,70,'2016-07-29'),(142,10,12,12,-1,NULL,NULL,NULL,'2017-12-09','12:15:00','12:40:00','L','M','',1,80,'2016-08-01'),(143,11,12,12,-1,NULL,NULL,NULL,'2017-12-09','12:30:00','13:30:00','L','C','',1,80,'2016-08-09'),(144,12,12,12,-1,NULL,NULL,NULL,'2017-12-09','15:30:00','16:00:00','L','M','',1,80,'2016-08-17'),(145,14,12,12,-1,NULL,NULL,NULL,'2017-12-09','14:00:00','15:00:00','W','M','',1,70,'2016-09-02'),(146,15,12,12,-1,NULL,NULL,NULL,'2017-12-09','11:35:00','12:10:00','L','C','',1,80,'2016-09-06'),(147,17,12,12,-1,NULL,NULL,NULL,'2017-12-09','13:00:00','13:20:00','S','C','',1,80,'2016-09-21'),(148,4,13,13,-1,NULL,NULL,NULL,'2017-12-09','11:45:00','12:20:00','L','C','',1,70,'2016-06-24'),(149,5,13,13,-1,NULL,NULL,NULL,'2017-12-09','14:30:00','15:45:00','L','C','',1,80,'2016-06-27'),(150,6,13,13,-1,NULL,NULL,NULL,'2017-12-09','12:00:00','13:00:00','L','P','',1,80,'2016-07-06'),(151,7,13,13,-1,NULL,NULL,NULL,'2017-12-09','15:00:00','16:00:00','L','P','',1,80,'2016-07-16'),(152,8,13,13,-1,NULL,NULL,NULL,'2017-12-09','13:45:00','14:45:00','L','C','',1,80,'2016-07-21'),(153,9,13,13,-1,NULL,NULL,NULL,'2017-12-09','14:00:00','15:05:00','L','C','',1,80,'2016-07-27'),(154,10,13,13,-1,NULL,NULL,NULL,'2017-12-09','12:15:00','13:45:00','L','P','',1,80,'2016-08-04'),(155,11,13,13,-1,NULL,NULL,NULL,'2017-12-09','13:55:00','14:15:00','S','C','',1,80,'2016-08-08'),(156,12,13,13,-1,NULL,NULL,NULL,'2017-12-09','14:50:00','15:00:00','S','C','',1,80,'2016-08-18'),(157,1,14,14,-1,NULL,NULL,NULL,'2017-12-09','13:40:00','13:45:00','L','C','',1,80,'2016-06-01'),(158,2,14,14,-1,NULL,NULL,NULL,'2017-12-09','16:00:00','16:30:00','L','C','',1,60,'2016-06-09'),(159,3,14,14,-1,NULL,NULL,NULL,'2017-12-09','12:30:00','13:30:00','L','C','',1,70,'2016-06-13'),(160,4,14,14,-1,NULL,NULL,NULL,'2017-12-09','10:30:00','11:00:00','L','C','',1,80,'2016-06-21'),(161,5,14,14,-1,NULL,NULL,NULL,'2017-12-09','13:00:00','13:26:00','L','P','',1,80,'2016-06-30'),(162,6,14,14,-1,NULL,NULL,NULL,'2017-12-09','16:00:00','16:30:00','L','C','',1,80,'2016-07-09'),(163,7,14,14,-1,NULL,NULL,NULL,'2017-12-09','15:30:00','16:23:00','L','C','',1,80,'2016-07-10'),(164,8,14,14,-1,NULL,NULL,NULL,'2017-12-09','15:15:00','15:40:00','L','C','',1,90,'2016-07-22'),(165,9,14,14,-1,NULL,NULL,NULL,'2017-12-09','14:00:00','14:30:00','L','P','',1,90,'2016-07-24'),(166,10,14,14,-1,NULL,NULL,NULL,'2017-12-09','15:10:00','15:30:00','L','P','',1,80,'2016-08-06'),(167,4,15,15,-1,NULL,NULL,NULL,'2017-12-09','12:30:00','13:00:00','LB','PC','',1,80,'2016-06-21'),(168,5,15,15,-1,NULL,NULL,NULL,'2017-12-09','13:00:00','13:40:00','S','O','',1,80,'2016-06-28'),(169,6,15,15,-1,NULL,NULL,NULL,'2017-12-09','12:00:00','13:00:00','LB','PC','',1,80,'2016-07-05'),(170,7,15,15,-1,NULL,NULL,NULL,'2017-12-09','12:30:00','13:10:00','LB','PC','',1,80,'2016-07-12'),(171,8,15,15,-1,NULL,NULL,NULL,'2017-12-09','12:15:00','13:00:00','LB','C','',1,80,'2016-07-19'),(172,9,15,15,-1,NULL,NULL,NULL,'2017-12-09','11:45:00','12:30:00','LB','PC','',1,80,'2016-07-26'),(173,10,15,15,-1,NULL,NULL,NULL,'2017-12-09','12:50:00','13:20:00','LB','PC','',1,80,'2016-08-02'),(174,11,15,15,-1,NULL,NULL,NULL,'2017-12-09','12:15:00','13:00:00','W','MC','',1,80,'2016-08-09'),(175,12,15,15,-1,NULL,NULL,NULL,'2017-12-09','11:45:00','12:30:00','LB','PC','',1,80,'2016-08-16'),(176,13,15,15,-1,NULL,NULL,NULL,'2017-12-09','12:00:00','12:30:00','S','C','',1,70,'2016-08-23'),(177,14,15,15,-1,NULL,NULL,NULL,'2017-12-09','11:15:00','11:30:00','S','C','',1,80,'2016-08-30'),(178,5,16,16,-1,NULL,NULL,NULL,'2017-12-09','11:00:00','12:00:00','S','C','',1,90,'2016-07-02'),(179,7,16,16,-1,NULL,NULL,NULL,'2017-12-09','12:00:00','13:00:00','S','C','',1,90,'2016-07-13'),(180,8,16,16,-1,NULL,NULL,NULL,'2017-12-09','11:00:00','12:00:00','S','C','',1,90,'2016-07-21'),(181,9,16,16,-1,NULL,NULL,NULL,'2017-12-09','12:00:00','13:00:00','S','C','',1,90,'2016-07-28'),(182,10,16,16,-1,NULL,NULL,NULL,'2017-12-09','12:30:00','13:00:00','LB','C','',1,80,'2016-08-03'),(183,11,16,16,-1,NULL,NULL,NULL,'2017-12-09','11:00:00','11:30:00','S','C','',1,90,'2016-08-11'),(184,12,16,16,-1,NULL,NULL,NULL,'2017-12-09','11:00:00','11:30:00','LB','C','',1,80,'2016-08-18'),(185,13,16,16,-1,NULL,NULL,NULL,'2017-12-09','11:00:00','12:00:00','LB','C','',1,80,'2016-08-25'),(186,14,16,16,-1,NULL,NULL,NULL,'2017-12-09','12:30:00','13:00:00','LB','C','',1,90,'2016-09-01'),(187,15,16,16,-1,NULL,NULL,NULL,'2017-12-09','12:00:00','12:30:00','S','C','',1,90,'2016-09-07'),(188,16,16,16,-1,NULL,NULL,NULL,'2017-12-09','12:15:00','12:45:00','LB','PC','',1,90,'2016-09-13'),(189,17,16,16,-1,NULL,NULL,NULL,'2017-12-09','13:30:00','13:50:00','LB','C','',1,80,'2016-09-21'),(190,5,17,17,-1,NULL,NULL,NULL,'2017-12-09','12:18:00','12:23:00','LB','C','',1,80,'2016-06-30'),(191,6,17,17,-1,NULL,NULL,NULL,'2017-12-09','13:06:00','13:30:00','W ','PC','',1,80,'2016-07-06'),(192,7,17,17,-1,NULL,NULL,NULL,'2017-12-09','14:00:00','14:30:00','LB','PC','',1,80,'2016-07-14'),(193,8,17,17,-1,NULL,NULL,NULL,'2017-12-09','11:06:00','11:49:00','LB','C','',1,80,'2016-07-21'),(194,9,17,17,-1,NULL,NULL,NULL,'2017-12-09','12:07:00','12:40:00','LB','C','',1,80,'2016-07-27'),(195,4,18,18,-1,NULL,NULL,NULL,'2017-12-09','15:00:00','16:00:00','LB','C','',1,80,'2016-06-21'),(196,5,18,18,-1,NULL,NULL,NULL,'2017-12-09','15:00:00','15:45:00','W','PC','',1,80,'2016-06-28'),(197,6,18,18,-1,NULL,NULL,NULL,'2017-12-09','12:15:00','12:35:00','S','C','',1,80,'2016-07-06'),(198,7,18,18,-1,NULL,NULL,NULL,'2017-12-09','17:30:00','18:30:00','W','PC','',1,80,'2016-07-14'),(199,8,18,18,-1,NULL,NULL,NULL,'2017-12-09','17:30:00','18:30:00','LB','C','',1,80,'2016-07-20'),(200,9,18,18,-1,NULL,NULL,NULL,'2017-12-09','11:30:00','12:00:00','S','C','',1,80,'2016-07-24'),(201,10,18,18,-1,NULL,NULL,NULL,'2017-12-09','12:00:00','12:20:00','S','PC','',1,70,'2016-08-02'),(202,11,18,18,-1,NULL,NULL,NULL,'2017-12-09','12:00:00','12:20:00','S','PC','',1,80,'2016-08-08'),(203,4,19,19,-1,NULL,NULL,NULL,'2017-12-09','11:30:00','11:50:00','L','C','',1,80,'2016-06-26'),(204,5,19,19,-1,NULL,NULL,NULL,'2017-12-09','11:10:00','11:35:00','L','O','',1,80,'2016-07-01'),(205,6,19,19,-1,NULL,NULL,NULL,'2017-12-09','11:00:00','11:20:00','L','M','',1,70,'2016-07-10'),(206,7,19,19,-1,NULL,NULL,NULL,'2017-12-09','11:00:00','11:45:00','L','P','',1,80,'2016-07-18'),(207,8,19,19,-1,NULL,NULL,NULL,'2017-12-09','11:15:00','11:55:00','L','C','',1,80,'2016-07-23'),(208,9,19,19,-1,NULL,NULL,NULL,'2017-12-09','16:45:00','17:15:00','L','M','',1,80,'2016-07-31'),(209,10,19,19,-1,NULL,NULL,NULL,'2017-12-09','11:10:00','11:30:00','L','M','',1,80,'2016-08-07'),(210,11,19,19,-1,NULL,NULL,NULL,'2017-12-09','11:00:00','11:40:00','L','P','',1,80,'2016-08-12'),(211,12,19,19,-1,NULL,NULL,NULL,'2017-12-09','11:25:00','12:05:00','L','O','',1,80,'2016-08-16'),(212,13,19,19,-1,NULL,NULL,NULL,'2017-12-09','11:40:00','12:15:00','L','P','',1,70,'2016-08-23'),(213,14,19,19,-1,NULL,NULL,NULL,'2017-12-09','11:00:00','11:30:00','L','C','',1,70,'2016-08-30'),(214,2,20,20,-1,NULL,NULL,NULL,'2017-12-09','14:30:00','14:40:00','L','P','',1,80,'2016-06-06'),(215,3,20,20,-1,NULL,NULL,NULL,'2017-12-09','15:00:00','15:30:00','L','P','',1,80,'2016-06-13'),(216,4,20,20,-1,NULL,NULL,NULL,'2017-12-09','11:44:00','12:30:00','L','P','',1,80,'2016-06-20'),(217,5,20,20,-1,NULL,NULL,NULL,'2017-12-09','13:00:00','14:00:00','S','C','',1,80,'2016-06-30'),(218,6,20,20,-1,NULL,NULL,NULL,'2017-12-09','11:50:00','13:05:00','S','P','',1,90,'2016-07-07'),(219,7,20,20,-1,NULL,NULL,NULL,'2017-12-09','13:45:00','14:45:00','L','P','',1,80,'2016-07-11'),(220,8,20,20,-1,NULL,NULL,NULL,'2017-12-09','11:40:00','12:40:00','L','P','',1,90,'2016-07-18'),(221,9,20,20,-1,NULL,NULL,NULL,'2017-12-09','11:30:00','12:15:00','L','M','',1,90,'2016-07-28'),(222,10,20,20,-1,NULL,NULL,NULL,'2017-12-09','11:35:00','12:20:00','L','O','',1,80,'2016-08-01'),(223,11,20,20,-1,NULL,NULL,NULL,'2017-12-09','13:40:00','14:35:00','S','C','',1,90,'2016-08-11'),(224,12,20,20,-1,NULL,NULL,NULL,'2017-12-09','12:00:00','12:45:00','L','P','',1,90,'2016-08-15'),(225,13,20,20,-1,NULL,NULL,NULL,'2017-12-09','13:00:00','13:30:00','S','M','',1,80,'2016-08-25'),(226,14,20,20,-1,NULL,NULL,NULL,'2017-12-09','13:25:00','14:10:00','L','P','',1,90,'2016-08-29'),(227,15,20,20,-1,NULL,NULL,NULL,'2017-12-09','11:30:00','12:30:00','S','P','',1,80,'2016-09-08'),(228,16,20,20,-1,NULL,NULL,NULL,'2017-12-09','13:00:00','13:35:00','L','C','',1,80,'2016-09-12'),(229,17,20,20,-1,NULL,NULL,NULL,'2017-12-09','11:50:00','12:40:00','S','C','',1,80,'2016-09-22'),(230,18,20,20,-1,NULL,NULL,NULL,'2017-12-09','11:45:00','12:30:00','L','M','',1,70,'2016-09-26'),(231,19,20,20,-1,NULL,NULL,NULL,'2017-12-09','12:15:00','13:00:00','L','P','',1,80,'2016-10-07'),(232,20,20,20,-1,NULL,NULL,NULL,'2017-12-09','11:05:00','11:55:00','L','M','',1,60,'2016-10-13'),(233,2,21,21,-1,NULL,NULL,NULL,'2017-12-09','14:22:00','14:27:00','W','C','',1,70,'2016-06-10'),(234,3,21,21,-1,NULL,NULL,NULL,'2017-12-09','12:15:00','12:30:00','L','P','',1,70,'2016-06-14'),(235,4,21,21,-1,NULL,NULL,NULL,'2017-12-09','14:15:00','14:25:00','L','P','',1,70,'2016-06-23'),(236,5,21,21,-1,NULL,NULL,NULL,'2017-12-09','12:00:00','12:35:00','L','P','',1,70,'2016-06-29'),(237,6,21,21,-1,NULL,NULL,NULL,'2017-12-09','11:45:00','12:10:00','L','P','',1,80,'2016-07-05'),(238,7,21,21,-1,NULL,NULL,NULL,'2017-12-09','13:15:00','13:35:00','L','P','',1,80,'2016-07-12'),(239,8,21,21,-1,NULL,NULL,NULL,'2017-12-09','13:15:00','13:30:00','L','P','',1,90,'2016-07-18'),(240,9,21,21,-1,NULL,NULL,NULL,'2017-12-09','12:00:00','12:30:00','S','C','',1,80,'2016-07-27'),(241,10,21,21,-1,NULL,NULL,NULL,'2017-12-09','12:05:00','12:19:00','L','C','',1,80,'2016-08-03'),(242,11,21,21,-1,NULL,NULL,NULL,'2017-12-09','15:15:00','15:30:00','L','P','',1,80,'2016-08-09'),(243,12,21,21,-1,NULL,NULL,NULL,'2017-12-09','13:30:00','14:00:00','S','P','',1,80,'2016-08-16'),(244,13,21,21,-1,NULL,NULL,NULL,'2017-12-09','11:50:00','12:30:00','L','P','',1,80,'2016-08-24'),(245,15,21,21,-1,NULL,NULL,NULL,'2017-12-09','12:05:00','12:12:00','L','C','',1,80,'2016-09-06'),(246,17,21,21,-1,NULL,NULL,NULL,'2017-12-09','12:00:00','12:30:00','L','C','',1,80,'2016-09-21'),(247,4,22,22,-1,NULL,NULL,NULL,'2017-12-09','13:00:00','13:10:00','LB','C','',1,80,'2016-06-24'),(248,5,22,22,-1,NULL,NULL,NULL,'2017-12-09','11:50:00','12:20:00','LB','PC','',1,70,'2016-06-29'),(249,6,22,22,-1,NULL,NULL,NULL,'2017-12-09','11:30:00','11:55:00','S','C','',1,80,'2016-07-06'),(250,7,22,22,-1,NULL,NULL,NULL,'2017-12-09','11:45:00','12:15:00','LB','C','',1,70,'2016-07-15'),(251,8,22,22,-1,NULL,NULL,NULL,'2017-12-09','12:10:00','12:35:00','LB','C','',1,90,'2016-07-22'),(252,9,22,22,-1,NULL,NULL,NULL,'2017-12-09','12:00:00','12:25:00','S','PC','',1,80,'2016-07-27'),(253,10,22,22,-1,NULL,NULL,NULL,'2017-12-09','13:10:00','13:35:00','S','PC','',1,70,'2016-08-04'),(254,11,22,22,-1,NULL,NULL,NULL,'2017-12-09','15:30:00','15:55:00','S','PC','',1,90,'2016-08-13'),(255,12,22,22,-1,NULL,NULL,NULL,'2017-12-09','11:30:00','11:55:00','S','PC','',1,80,'2016-08-19'),(256,13,22,22,-1,NULL,NULL,NULL,'2017-12-09','14:00:00','14:25:00','LB','C','',1,80,'2016-08-24'),(257,14,22,22,-1,NULL,NULL,NULL,'2017-12-09','14:00:00','14:30:00','S','PC','',1,70,'2016-09-02'),(258,15,22,22,-1,NULL,NULL,NULL,'2017-12-09','15:10:00','15:35:00','LB','MC','',1,80,'2016-09-09'),(259,16,22,22,-1,NULL,NULL,NULL,'2017-12-09','15:00:00','15:25:00','LB','PC','',1,70,'2016-09-15'),(260,17,22,22,-1,NULL,NULL,NULL,'2017-12-09','14:55:00','15:15:00','S','C','',1,80,'2016-09-22'),(261,18,22,22,-1,NULL,NULL,NULL,'2017-12-09','13:30:00','13:50:00','S','C','',1,70,'2016-09-27'),(262,5,23,23,-1,NULL,NULL,NULL,'2017-12-09','12:28:00','12:33:00','LB','PC','',1,80,'2016-06-28'),(263,6,23,23,-1,NULL,NULL,NULL,'2017-12-09','11:35:00','11:51:00','LB','MC','',1,80,'2016-07-05'),(264,7,23,23,-1,NULL,NULL,NULL,'2017-12-09','11:30:00','12:00:00','S','C','',1,70,'2016-07-12'),(265,8,23,23,-1,NULL,NULL,NULL,'2017-12-09','11:30:00','12:00:00','LB','PC','',1,70,'2016-07-18'),(266,9,23,23,-1,NULL,NULL,NULL,'2017-12-09','11:30:00','12:00:00','LB','PC','',1,70,'2016-07-26'),(267,10,23,23,-1,NULL,NULL,NULL,'2017-12-09','11:30:00','12:00:00','S','MC','',1,70,'2016-08-02'),(268,11,23,23,-1,NULL,NULL,NULL,'2017-12-09','11:30:00','12:25:00','LB','C','',1,70,'2016-08-09'),(269,12,23,23,-1,NULL,NULL,NULL,'2017-12-09','11:30:00','12:10:00','W','O','',1,70,'2016-08-17'),(270,13,23,23,-1,NULL,NULL,NULL,'2017-12-09','11:35:00','12:00:00','LB','PC','',1,60,'2016-08-23'),(271,14,23,23,-1,NULL,NULL,NULL,'2017-12-09','11:30:00','12:00:00','LB','PC','',1,70,'2016-08-30'),(272,15,23,23,-1,NULL,NULL,NULL,'2017-12-09','11:30:00','12:05:00','W','C','',1,70,'2017-09-06'),(273,16,23,23,-1,NULL,NULL,NULL,'2017-12-09','11:35:00','11:55:00','LB','PC','',1,70,'2016-09-13'),(274,17,23,23,-1,NULL,NULL,NULL,'2017-12-09','11:45:00','12:05:00','LB','C','',1,70,'2016-09-20'),(275,18,23,23,-1,NULL,NULL,NULL,'2017-12-09','11:50:00','12:10:00','LB','C','',1,70,'2016-09-27'),(276,4,24,24,-1,NULL,NULL,NULL,'2017-12-09','12:00:00','12:50:00','LB','MC','',1,70,'2016-06-22'),(277,5,24,24,-1,NULL,NULL,NULL,'2017-12-09','16:00:00','16:35:00','LB','PC','',1,80,'2016-06-28'),(278,6,24,24,-1,NULL,NULL,NULL,'2017-12-09','15:30:00','16:10:00','LB','PC','',1,70,'2016-07-05'),(279,7,24,24,-1,NULL,NULL,NULL,'2017-12-09','11:30:00','11:35:00','LB','C','',1,80,'2016-07-11'),(280,9,24,24,-1,NULL,NULL,NULL,'2017-12-09','06:15:00','06:30:00','LB','MC','',1,80,'2016-07-26'),(281,10,24,24,-1,NULL,NULL,NULL,'2017-12-09','15:45:00','15:50:00','W ','MC','',1,80,'2016-08-04'),(282,11,24,24,-1,NULL,NULL,NULL,'2017-12-09','15:45:00','15:50:00','LB','C','',1,80,'2016-08-08'),(283,13,24,24,-1,NULL,NULL,NULL,'2017-12-09','11:45:00','12:35:00','LB','MC','',1,80,'2016-08-25'),(284,14,24,24,-1,NULL,NULL,NULL,'2017-12-09','12:15:00','12:45:00','LB','PC','',1,80,'2016-09-01'),(285,15,24,24,-1,NULL,NULL,NULL,'2017-12-09','11:45:00','12:15:00','LB','MC','',1,70,'2016-09-08'),(286,5,25,25,-1,NULL,NULL,NULL,'2017-12-09','14:30:00','15:30:00','L','PC','',1,80,'2016-06-30'),(287,6,25,25,-1,NULL,NULL,NULL,'2017-12-09','11:00:00','12:00:00','L','C','',1,80,'2016-07-06'),(288,7,25,25,-1,NULL,NULL,NULL,'2017-12-09','15:00:00','16:00:00','L','PC','',1,80,'2016-07-12'),(289,8,25,25,-1,NULL,NULL,NULL,'2017-12-09','13:00:00','14:00:00','L','PC','',1,70,'2016-07-19'),(290,9,25,25,-1,NULL,NULL,NULL,'2017-12-09','14:15:00','14:45:00','L','PC','',1,80,'2016-07-26'),(291,10,25,25,-1,NULL,NULL,NULL,'2017-12-09','11:00:00','12:00:00','S','O','',1,70,'2016-08-03'),(292,11,25,25,-1,NULL,NULL,NULL,'2017-12-09','13:15:00','14:00:00','L','O','',1,70,'2016-08-10'),(293,12,25,25,-1,NULL,NULL,NULL,'2017-12-09','11:00:00','12:00:00','L','O','',1,70,'2016-08-16'),(294,13,25,25,-1,NULL,NULL,NULL,'2017-12-09','13:00:00','14:00:00','L','C','',1,80,'2016-08-24'),(295,14,25,25,-1,NULL,NULL,NULL,'2017-12-09','11:00:00','12:00:00','L','PC','',1,70,'2016-09-01'),(296,15,25,25,-1,NULL,NULL,NULL,'2017-12-09','13:25:00','13:55:00','G','C','',1,70,'2016-09-06'),(297,16,25,25,-1,NULL,NULL,NULL,'2017-12-09','12:00:00','13:00:00','L','C','',1,70,'2016-09-14'),(298,17,25,25,-1,NULL,NULL,NULL,'2017-12-09','11:00:00','12:00:00','S','C','',1,70,'2016-09-21'),(299,18,25,25,-1,NULL,NULL,NULL,'2017-12-09','11:00:00','12:00:00','S','C','',1,70,'2016-09-28'),(300,19,25,25,-1,NULL,NULL,NULL,'2017-12-09','13:00:00','14:00:00','S','C','',1,70,'2016-10-05'),(301,20,25,25,-1,NULL,NULL,NULL,'2017-12-09','14:00:00','15:00:00','L','PC','',1,70,'2016-10-10'),(302,2,26,26,-1,NULL,NULL,NULL,'2017-12-09','10:00:00','10:30:00','L','C','',1,70,'2016-06-07'),(303,4,26,26,-1,NULL,NULL,NULL,'2017-12-09','15:30:00','16:00:00','L','C','',1,90,'2016-06-20'),(304,5,26,26,-1,NULL,NULL,NULL,'2017-12-09','11:00:00','12:00:00','L','PC','',1,80,'2016-06-27'),(305,6,26,26,-1,NULL,NULL,NULL,'2017-12-09','13:00:00','14:00:00','L','PC','',1,80,'2016-07-06'),(306,7,26,26,-1,NULL,NULL,NULL,'2017-12-09','14:15:00','15:25:00','L','C','',1,90,'2016-07-14'),(307,8,26,26,-1,NULL,NULL,NULL,'2017-12-09','13:45:00','14:55:00','L','C','',1,80,'2016-07-20'),(308,9,26,26,-1,NULL,NULL,NULL,'2017-12-09','10:28:00','10:51:00','S','C','',1,90,'2016-07-25'),(309,10,26,26,-1,NULL,NULL,NULL,'2017-12-09','10:14:00','10:30:00','L','MC','',1,70,'2016-08-01'),(310,11,26,26,-1,NULL,NULL,NULL,'2017-12-09','10:15:00','11:00:00','L','PC','',1,90,'2016-08-12'),(311,12,26,26,-1,NULL,NULL,NULL,'2017-12-09','14:10:00','14:27:00','L','PC','',1,80,'2016-08-18'),(312,13,26,26,-1,NULL,NULL,NULL,'2017-12-09','15:15:00','15:45:00','S','PC','',1,90,'2016-08-25'),(313,14,26,26,-1,NULL,NULL,NULL,'2017-12-09','11:40:00','12:20:00','L','PC','',1,70,'2016-09-02'),(314,15,26,26,-1,NULL,NULL,NULL,'2017-12-09','14:13:00','15:00:00','W','C','',1,80,'2016-09-06'),(315,16,26,26,-1,NULL,NULL,NULL,'2017-12-09','13:30:00','14:00:00','L','PC','',1,80,'2016-09-13'),(316,17,26,26,-1,NULL,NULL,NULL,'2017-12-09','13:15:00','13:40:00','S','C','',1,80,'2016-09-26'),(317,18,26,26,-1,NULL,NULL,NULL,'2017-12-09','13:10:00','13:55:00','W','OC','',1,70,'2016-09-28'),(318,4,27,27,-1,NULL,NULL,NULL,'2017-12-09','12:00:00','12:30:00','S','M','',1,70,'2016-06-23'),(319,5,27,27,-1,NULL,NULL,NULL,'2017-12-09','12:10:00','12:25:00','L','P','',1,70,'2016-06-30'),(320,6,27,27,-1,NULL,NULL,NULL,'2017-12-09','12:00:00','12:30:00','L','P','',1,80,'2016-07-07'),(321,7,27,27,-1,NULL,NULL,NULL,'2017-12-09','12:13:00','12:35:00','L','P','',1,80,'2016-07-14'),(322,8,27,27,-1,NULL,NULL,NULL,'2017-12-09','14:00:00','14:30:00','S','C','',1,80,'2016-07-20'),(323,9,27,27,-1,NULL,NULL,NULL,'2017-12-09','11:15:00','11:30:00','L','M','',1,70,'2016-07-28'),(324,10,27,27,-1,NULL,NULL,NULL,'2017-12-09','12:30:00','13:00:00','W','P','',1,80,'2016-08-04'),(325,12,27,27,-1,NULL,NULL,NULL,'2017-12-09','12:30:00','13:00:00','L','C','',1,80,'2016-08-18'),(326,14,27,27,-1,NULL,NULL,NULL,'2017-12-09','12:30:00','13:00:00','L','c','',1,80,'2016-08-31');
/*!40000 ALTER TABLE `mg_data_form` ENABLE KEYS */;
UNLOCK TABLES;

--
-- Table structure for table `mg_dataform_insert`
--

DROP TABLE IF EXISTS `mg_dataform_insert`;
/*!40101 SET @saved_cs_client     = @@character_set_client */;
/*!40101 SET character_set_client = utf8 */;
CREATE TABLE `mg_dataform_insert` (
  `dataform_id` int(11) DEFAULT NULL,
  `garden_id` int(11) DEFAULT NULL,
  `plant_id` int(11) DEFAULT NULL,
  `strain_id` int(11) DEFAULT NULL,
  `pollinator_id` int(11) DEFAULT NULL,
  `visitcount_id` int(11) DEFAULT NULL,
  `plot_id` int(11) DEFAULT NULL
) ENGINE=InnoDB DEFAULT CHARSET=utf8;
/*!40101 SET character_set_client = @saved_cs_client */;

--
-- Dumping data for table `mg_dataform_insert`
--

LOCK TABLES `mg_dataform_insert` WRITE;
/*!40000 ALTER TABLE `mg_dataform_insert` DISABLE KEYS */;
/*!40000 ALTER TABLE `mg_dataform_insert` ENABLE KEYS */;
UNLOCK TABLES;

--
-- Table structure for table `mg_document`
--

DROP TABLE IF EXISTS `mg_document`;
/*!40101 SET @saved_cs_client     = @@character_set_client */;
/*!40101 SET character_set_client = utf8 */;
CREATE TABLE `mg_document` (
  `document_id` int(11) NOT NULL AUTO_INCREMENT,
  `root` varchar(255) NOT NULL,
  `root_id` int(11) NOT NULL,
  `filepath` varchar(255) NOT NULL,
  PRIMARY KEY (`document_id`)
) ENGINE=InnoDB DEFAULT CHARSET=utf8;
/*!40101 SET character_set_client = @saved_cs_client */;

--
-- Dumping data for table `mg_document`
--

LOCK TABLES `mg_document` WRITE;
/*!40000 ALTER TABLE `mg_document` DISABLE KEYS */;
/*!40000 ALTER TABLE `mg_document` ENABLE KEYS */;
UNLOCK TABLES;

--
-- Table structure for table `mg_garden`
--

DROP TABLE IF EXISTS `mg_garden`;
/*!40101 SET @saved_cs_client     = @@character_set_client */;
/*!40101 SET character_set_client = utf8 */;
CREATE TABLE `mg_garden` (
  `garden_ID` int(11) NOT NULL AUTO_INCREMENT,
  `garden_name` varchar(255) NOT NULL,
  `description` varchar(255) DEFAULT NULL,
  PRIMARY KEY (`garden_ID`)
) ENGINE=InnoDB AUTO_INCREMENT=69 DEFAULT CHARSET=utf8;
/*!40101 SET character_set_client = @saved_cs_client */;

--
-- Dumping data for table `mg_garden`
--

LOCK TABLES `mg_garden` WRITE;
/*!40000 ALTER TABLE `mg_garden` DISABLE KEYS */;
INSERT INTO `mg_garden` VALUES (1,'Adams County Garden','We are the Master Gardeners of this county!'),(2,'Allegheny County Garden','We are the Master Gardeners of this county!'),(3,'Beaver County Garden','We are the Master Gardeners of this county!'),(4,'Berks County Garden','We are the Master Gardeners of this county!'),(5,'Bradford County Garden','We are the Master Gardeners of this county!'),(6,'Centre APD County Garden','We are the Master Gardeners of this county!'),(7,'Cumberland County Garden','We are the Master Gardeners of this county!'),(8,'Dauphin County Garden','We are the Master Gardeners of this county!'),(9,'Erie County Garden','We are the Master Gardeners of this county!'),(10,'Fayette County Garden','We are the Master Gardeners of this county!'),(11,'Fulton County Garden','We are the Master Gardeners of this county!'),(12,'Greene County Garden','We are the Master Gardeners of this county!'),(13,'Indiana County Garden','We are the Master Gardeners of this county!'),(14,'Lawrence County Garden','We are the Master Gardeners of this county!'),(15,'Lancaster County Garden','We are the Master Gardeners of this county!'),(16,'Lehigh County Garden','We are the Master Gardeners of this county!'),(17,'Luzerne County Garden','We are the Master Gardeners of this county!'),(18,'Mercer County Garden','We are the Master Gardeners of this county!'),(19,'Monroe County Garden','We are the Master Gardeners of this county!'),(20,'Montgomery County Garden','We are the Master Gardeners of this county!'),(21,'Northampton County Garden','We are the Master Gardeners of this county!'),(22,'Schuykill County Garden','We are the Master Gardeners of this county!'),(23,'Susquehanna County Garden','We are the Master Gardeners of this county!'),(24,'Washington County Garden','We are the Master Gardeners of this county!'),(25,'Wyoming County Garden','We are the Master Gardeners of this county!'),(26,'York County Garden','We are the Master Gardeners of this county!'),(27,'Centre Snets County Garden','We are the Master Gardeners of this county!'),(28,'Armstrong County Garden','We are the Master Gardeners of this county!'),(29,'Bedford County Garden','We are the Master Gardeners of this county!'),(30,'Blair County Garden','We are the Master Gardeners of this county!'),(31,'Bucks County Garden','We are the Master Gardeners of this county!'),(32,'Butler County Garden','We are the Master Gardeners of this county!'),(33,'Cambria County Garden','We are the Master Gardeners of this county!'),(34,'Cameron County Garden','We are the Master Gardeners of this county!'),(35,'Carbon County Garden','We are the Master Gardeners of this county!'),(36,'Chester County Garden','We are the Master Gardeners of this county!'),(37,'Clarion County Garden','We are the Master Gardeners of this county!'),(38,'Clearfield County Garden','We are the Master Gardeners of this county!'),(39,'Clinton County Garden','We are the Master Gardeners of this county!'),(40,'Columbia County County Garden','We are the Master Gardeners of this county!'),(41,'Crawford County Garden','We are the Master Gardeners of this county!'),(42,'Delaware County Garden','We are the Master Gardeners of this county!'),(43,'Elk County Garden','We are the Master Gardeners of this county!'),(44,'Forest County Garden','We are the Master Gardeners of this county!'),(45,'Franklin County Garden','We are the Master Gardeners of this county!'),(46,'Huntington County Garden','We are the Master Gardeners of this county!'),(47,'Jefferson County Garden','We are the Master Gardeners of this county!'),(48,'Juniata County Garden','We are the Master Gardeners of this county!'),(49,'Lackawanna County Garden','We are the Master Gardeners of this county!'),(50,'Lebanon County Garden','We are the Master Gardeners of this county!'),(51,'Lycoming County Garden','We are the Master Gardeners of this county!'),(52,'McKean County Garden','We are the Master Gardeners of this county!'),(53,'Mifflin County Garden','We are the Master Gardeners of this county!'),(54,'Montour County Garden','We are the Master Gardeners of this county!'),(55,'Northumberland County Garden','We are the Master Gardeners of this county!'),(56,'Perry County Garden','We are the Master Gardeners of this county!'),(57,'Philadelphia County Garden','We are the Master Gardeners of this county!'),(58,'Pike County Garden','We are the Master Gardeners of this county!'),(59,'Potter County Garden','We are the Master Gardeners of this county!'),(60,'Snyder County Garden','We are the Master Gardeners of this county!'),(61,'Somerset County Garden','We are the Master Gardeners of this county!'),(62,'Sullivan County Garden','We are the Master Gardeners of this county!'),(63,'Tioga County Garden','We are the Master Gardeners of this county!'),(64,'Union County Garden','We are the Master Gardeners of this county!'),(65,'Venango County Garden','We are the Master Gardeners of this county!'),(66,'Warren County Garden','We are the Master Gardeners of this county!'),(67,'Wayne County Garden','We are the Master Gardeners of this county!'),(68,'Westmoreland County Garden','We are the Master Gardeners of this county!');
/*!40000 ALTER TABLE `mg_garden` ENABLE KEYS */;
UNLOCK TABLES;

--
-- Table structure for table `mg_garden_member`
--

DROP TABLE IF EXISTS `mg_garden_member`;
/*!40101 SET @saved_cs_client     = @@character_set_client */;
/*!40101 SET character_set_client = utf8 */;
CREATE TABLE `mg_garden_member` (
  `member_id` int(11) NOT NULL AUTO_INCREMENT,
  `garden_id` int(11) NOT NULL,
  `user_id` int(11) NOT NULL,
  PRIMARY KEY (`member_id`)
<<<<<<< HEAD
) ENGINE=InnoDB AUTO_INCREMENT=19 DEFAULT CHARSET=utf8;
=======
) ENGINE=InnoDB AUTO_INCREMENT=22 DEFAULT CHARSET=utf8;
>>>>>>> origin/22-April-dataform
/*!40101 SET character_set_client = @saved_cs_client */;

--
-- Dumping data for table `mg_garden_member`
--

LOCK TABLES `mg_garden_member` WRITE;
/*!40000 ALTER TABLE `mg_garden_member` DISABLE KEYS */;
<<<<<<< HEAD
INSERT INTO `mg_garden_member` VALUES (1,1,1),(2,1,4),(3,2,2),(4,2,5),(5,3,3),(6,3,6),(7,2,1),(9,1,10),(10,1,11),(11,1,12),(12,1,13),(13,1,14),(14,1,15),(15,1,16),(16,1,17),(17,1,18),(18,26,20);
=======
INSERT INTO `mg_garden_member` VALUES (1,1,1),(2,1,4),(3,2,2),(4,2,5),(5,3,3),(6,3,6),(7,2,1),(9,1,10),(10,1,11),(11,1,12),(12,1,13),(13,1,14),(14,1,15),(15,1,16),(16,1,17),(17,1,18),(18,26,20),(19,26,27),(20,26,31),(21,26,30);
>>>>>>> origin/22-April-dataform
/*!40000 ALTER TABLE `mg_garden_member` ENABLE KEYS */;
UNLOCK TABLES;

--
-- Table structure for table `mg_plant`
--

DROP TABLE IF EXISTS `mg_plant`;
/*!40101 SET @saved_cs_client     = @@character_set_client */;
/*!40101 SET character_set_client = utf8 */;
CREATE TABLE `mg_plant` (
  `plant_ID` int(11) NOT NULL AUTO_INCREMENT,
  `plantName` varchar(255) NOT NULL,
  PRIMARY KEY (`plant_ID`)
) ENGINE=InnoDB AUTO_INCREMENT=6 DEFAULT CHARSET=utf8;
/*!40101 SET character_set_client = @saved_cs_client */;

--
-- Dumping data for table `mg_plant`
--

LOCK TABLES `mg_plant` WRITE;
/*!40000 ALTER TABLE `mg_plant` DISABLE KEYS */;
INSERT INTO `mg_plant` VALUES (1,'COREOPSIS VERTICILLATA'),(2,'MONARDA'),(3,'AGASTACHE FOENICULUM'),(4,'HELENIUM AUTUMNALE'),(5,'PHYSOSTEGIA VIRGINIANA');
/*!40000 ALTER TABLE `mg_plant` ENABLE KEYS */;
UNLOCK TABLES;

--
-- Table structure for table `mg_plant_strain`
--

DROP TABLE IF EXISTS `mg_plant_strain`;
/*!40101 SET @saved_cs_client     = @@character_set_client */;
/*!40101 SET character_set_client = utf8 */;
CREATE TABLE `mg_plant_strain` (
  `strain_id` int(11) NOT NULL AUTO_INCREMENT,
  `plant_id` int(11) DEFAULT NULL,
  `name` varchar(255) NOT NULL,
  PRIMARY KEY (`strain_id`)
) ENGINE=InnoDB AUTO_INCREMENT=20 DEFAULT CHARSET=utf8;
/*!40101 SET character_set_client = @saved_cs_client */;

--
-- Dumping data for table `mg_plant_strain`
--

LOCK TABLES `mg_plant_strain` WRITE;
/*!40000 ALTER TABLE `mg_plant_strain` DISABLE KEYS */;
INSERT INTO `mg_plant_strain` VALUES (1,1,'STRAIGHT'),(2,1,'MoonBeam'),(3,1,'Zagreb'),(4,1,'Crème Brulee'),(5,1,'Route 66'),(6,2,'Didyma Straight'),(7,2,'Didyma Petite Delight'),(8,2,'Didyma Marshalls Delight'),(9,2,'X Peters Fancy Fuschia'),(10,3,'BLUE FORTUNE'),(11,3,'GOLDEN JUBILEE'),(12,3,'BLACK ADDER'),(13,3,'STRAIGHT'),(14,4,'STRAIGHT'),(15,4,'MOERHEIM BEAUTY'),(16,4,'MARDI GRAS'),(17,5,'STRAIGHT'),(18,5,'VIVID'),(19,5,'MISS MANNERS');
/*!40000 ALTER TABLE `mg_plant_strain` ENABLE KEYS */;
UNLOCK TABLES;

--
-- Table structure for table `mg_plot`
--

DROP TABLE IF EXISTS `mg_plot`;
/*!40101 SET @saved_cs_client     = @@character_set_client */;
/*!40101 SET character_set_client = utf8 */;
CREATE TABLE `mg_plot` (
  `plot_id` int(11) NOT NULL AUTO_INCREMENT,
  `garden_id` int(11) NOT NULL,
  `plant_id` int(11) NOT NULL,
  `plant_strain_id` int(11) DEFAULT NULL,
  `plot_height` double DEFAULT NULL,
  `plot_area_dbl` double DEFAULT NULL,
  `plot_area_unit` varchar(11) DEFAULT NULL,
  `percent_coverage` double NOT NULL,
  `blooms_open_status` varchar(50) NOT NULL,
  `plant_vigor_status` varchar(11) NOT NULL,
  PRIMARY KEY (`plot_id`)
) ENGINE=InnoDB AUTO_INCREMENT=1024 DEFAULT CHARSET=utf8;
/*!40101 SET character_set_client = @saved_cs_client */;

--
-- Dumping data for table `mg_plot`
--

LOCK TABLES `mg_plot` WRITE;
/*!40000 ALTER TABLE `mg_plot` DISABLE KEYS */;
INSERT INTO `mg_plot` VALUES (1,1,1,1,0,0,'',0,'-1','-1'),(2,1,1,2,0,0,'',0,'-1','-1'),(3,1,1,3,0,0,'',0,'-1','-1'),(4,1,1,4,0,0,'',0,'-1','-1'),(5,1,1,5,0,0,'',0,'-1','-1'),(6,1,2,6,0,0,'',0,'-1','-1'),(7,1,2,7,0,0,'',0,'-1','-1'),(8,1,2,8,0,0,'',0,'-1','-1'),(9,1,2,9,0,0,'',0,'-1','-1'),(10,2,1,1,0,0,'',0,'-1','-1'),(11,2,1,2,0,0,'',0,'-1','-1'),(12,2,1,3,0,0,'',0,'-1','-1'),(13,2,1,4,0,0,'',0,'-1','-1'),(14,2,1,5,0,0,'',0,'-1','-1'),(15,2,2,6,0,0,'',0,'-1','-1'),(16,2,2,7,0,0,'',0,'-1','-1'),(17,2,2,8,0,0,'',0,'-1','-1'),(18,2,2,9,0,0,'',0,'-1','-1'),(19,3,1,1,0,0,'',0,'-1','-1'),(20,3,1,2,0,0,'',0,'-1','-1'),(21,3,1,3,0,0,'',0,'-1','-1'),(22,3,1,4,0,0,'',0,'-1','-1'),(23,3,1,5,0,0,'',0,'-1','-1'),(24,3,2,6,0,0,'',0,'-1','-1'),(25,3,2,7,0,0,'',0,'-1','-1'),(26,3,2,8,0,0,'',0,'-1','-1'),(27,3,2,9,0,0,'',0,'-1','-1'),(28,4,1,1,0,0,'',0,'-1','-1'),(29,4,1,2,0,0,'',0,'-1','-1'),(30,4,1,3,0,0,'',0,'-1','-1'),(31,4,1,4,0,0,'',0,'-1','-1'),(32,4,1,5,0,0,'',0,'-1','-1'),(33,4,2,6,0,0,'',0,'-1','-1'),(34,4,2,7,0,0,'',0,'-1','-1'),(35,4,2,8,0,0,'',0,'-1','-1'),(36,4,2,9,0,0,'',0,'-1','-1'),(37,5,1,1,0,0,'',0,'-1','-1'),(38,5,1,2,0,0,'',0,'-1','-1'),(39,5,1,3,0,0,'',0,'-1','-1'),(40,5,1,4,0,0,'',0,'-1','-1'),(41,5,1,5,0,0,'',0,'-1','-1'),(42,5,2,6,0,0,'',0,'-1','-1'),(43,5,2,7,0,0,'',0,'-1','-1'),(44,5,2,8,0,0,'',0,'-1','-1'),(45,5,2,9,0,0,'',0,'-1','-1'),(46,6,1,1,0,0,'',0,'-1','-1'),(47,6,1,2,0,0,'',0,'-1','-1'),(48,6,1,3,0,0,'',0,'-1','-1'),(49,6,1,4,0,0,'',0,'-1','-1'),(50,6,1,5,0,0,'',0,'-1','-1'),(51,6,2,6,0,0,'',0,'-1','-1'),(52,6,2,7,0,0,'',0,'-1','-1'),(53,6,2,8,0,0,'',0,'-1','-1'),(54,6,2,9,0,0,'',0,'-1','-1'),(55,7,1,1,0,0,'',0,'-1','-1'),(56,7,1,2,0,0,'',0,'-1','-1'),(57,7,1,3,0,0,'',0,'-1','-1'),(58,7,1,4,0,0,'',0,'-1','-1'),(59,7,1,5,0,0,'',0,'-1','-1'),(60,7,2,6,0,0,'',0,'-1','-1'),(61,7,2,7,0,0,'',0,'-1','-1'),(62,7,2,8,0,0,'',0,'-1','-1'),(63,7,2,9,0,0,'',0,'-1','-1'),(64,8,1,1,0,0,'',0,'-1','-1'),(65,8,1,2,0,0,'',0,'-1','-1'),(66,8,1,3,0,0,'',0,'-1','-1'),(67,8,1,4,0,0,'',0,'-1','-1'),(68,8,1,5,0,0,'',0,'-1','-1'),(69,8,2,6,0,0,'',0,'-1','-1'),(70,8,2,7,0,0,'',0,'-1','-1'),(71,8,2,8,0,0,'',0,'-1','-1'),(72,8,2,9,0,0,'',0,'-1','-1'),(73,9,1,1,0,0,'',0,'-1','-1'),(74,9,1,2,0,0,'',0,'-1','-1'),(75,9,1,3,0,0,'',0,'-1','-1'),(76,9,1,4,0,0,'',0,'-1','-1'),(77,9,1,5,0,0,'',0,'-1','-1'),(78,9,2,6,0,0,'',0,'-1','-1'),(79,9,2,7,0,0,'',0,'-1','-1'),(80,9,2,8,0,0,'',0,'-1','-1'),(81,9,2,9,0,0,'',0,'-1','-1'),(82,10,1,1,0,0,'',0,'-1','-1'),(83,10,1,2,0,0,'',0,'-1','-1'),(84,10,1,3,0,0,'',0,'-1','-1'),(85,10,1,4,0,0,'',0,'-1','-1'),(86,10,1,5,0,0,'',0,'-1','-1'),(87,10,2,6,0,0,'',0,'-1','-1'),(88,10,2,7,0,0,'',0,'-1','-1'),(89,10,2,8,0,0,'',0,'-1','-1'),(90,10,2,9,0,0,'',0,'-1','-1'),(91,11,1,1,0,0,'',0,'-1','-1'),(92,11,1,2,0,0,'',0,'-1','-1'),(93,11,1,3,0,0,'',0,'-1','-1'),(94,11,1,4,0,0,'',0,'-1','-1'),(95,11,1,5,0,0,'',0,'-1','-1'),(96,11,2,6,0,0,'',0,'-1','-1'),(97,11,2,7,0,0,'',0,'-1','-1'),(98,11,2,8,0,0,'',0,'-1','-1'),(99,11,2,9,0,0,'',0,'-1','-1'),(100,12,1,1,0,0,'',0,'-1','-1'),(101,12,1,2,0,0,'',0,'-1','-1'),(102,12,1,3,0,0,'',0,'-1','-1'),(103,12,1,4,0,0,'',0,'-1','-1'),(104,12,1,5,0,0,'',0,'-1','-1'),(105,12,2,6,0,0,'',0,'-1','-1'),(106,12,2,7,0,0,'',0,'-1','-1'),(107,12,2,8,0,0,'',0,'-1','-1'),(108,12,2,9,0,0,'',0,'-1','-1'),(109,13,1,1,0,0,'',0,'-1','-1'),(110,13,1,2,0,0,'',0,'-1','-1'),(111,13,1,3,0,0,'',0,'-1','-1'),(112,13,1,4,0,0,'',0,'-1','-1'),(113,13,1,5,0,0,'',0,'-1','-1'),(114,13,2,6,0,0,'',0,'-1','-1'),(115,13,2,7,0,0,'',0,'-1','-1'),(116,13,2,8,0,0,'',0,'-1','-1'),(117,13,2,9,0,0,'',0,'-1','-1'),(118,14,1,1,0,0,'',0,'-1','-1'),(119,14,1,2,0,0,'',0,'-1','-1'),(120,14,1,3,0,0,'',0,'-1','-1'),(121,14,1,4,0,0,'',0,'-1','-1'),(122,14,1,5,0,0,'',0,'-1','-1'),(123,14,2,6,0,0,'',0,'-1','-1'),(124,14,2,7,0,0,'',0,'-1','-1'),(125,14,2,8,0,0,'',0,'-1','-1'),(126,14,2,9,0,0,'',0,'-1','-1'),(127,15,1,1,0,0,'',0,'-1','-1'),(128,15,1,2,0,0,'',0,'-1','-1'),(129,15,1,3,0,0,'',0,'-1','-1'),(130,15,1,4,0,0,'',0,'-1','-1'),(131,15,1,5,0,0,'',0,'-1','-1'),(132,15,2,6,0,0,'',0,'-1','-1'),(133,15,2,7,0,0,'',0,'-1','-1'),(134,15,2,8,0,0,'',0,'-1','-1'),(135,15,2,9,0,0,'',0,'-1','-1'),(136,16,1,1,0,0,'',0,'-1','-1'),(137,16,1,2,0,0,'',0,'-1','-1'),(138,16,1,3,0,0,'',0,'-1','-1'),(139,16,1,4,0,0,'',0,'-1','-1'),(140,16,1,5,0,0,'',0,'-1','-1'),(141,16,2,6,0,0,'',0,'-1','-1'),(142,16,2,7,0,0,'',0,'-1','-1'),(143,16,2,8,0,0,'',0,'-1','-1'),(144,16,2,9,0,0,'',0,'-1','-1'),(145,17,1,1,0,0,'',0,'-1','-1'),(146,17,1,2,0,0,'',0,'-1','-1'),(147,17,1,3,0,0,'',0,'-1','-1'),(148,17,1,4,0,0,'',0,'-1','-1'),(149,17,1,5,0,0,'',0,'-1','-1'),(150,17,2,6,0,0,'',0,'-1','-1'),(151,17,2,7,0,0,'',0,'-1','-1'),(152,17,2,8,0,0,'',0,'-1','-1'),(153,17,2,9,0,0,'',0,'-1','-1'),(154,18,1,1,0,0,'',0,'-1','-1'),(155,18,1,2,0,0,'',0,'-1','-1'),(156,18,1,3,0,0,'',0,'-1','-1'),(157,18,1,4,0,0,'',0,'-1','-1'),(158,18,1,5,0,0,'',0,'-1','-1'),(159,18,2,6,0,0,'',0,'-1','-1'),(160,18,2,7,0,0,'',0,'-1','-1'),(161,18,2,8,0,0,'',0,'-1','-1'),(162,18,2,9,0,0,'',0,'-1','-1'),(163,19,1,1,0,0,'',0,'-1','-1'),(164,19,1,2,0,0,'',0,'-1','-1'),(165,19,1,3,0,0,'',0,'-1','-1'),(166,19,1,4,0,0,'',0,'-1','-1'),(167,19,1,5,0,0,'',0,'-1','-1'),(168,19,2,6,0,0,'',0,'-1','-1'),(169,19,2,7,0,0,'',0,'-1','-1'),(170,19,2,8,0,0,'',0,'-1','-1'),(171,19,2,9,0,0,'',0,'-1','-1'),(172,20,1,1,0,0,'',0,'-1','-1'),(173,20,1,2,0,0,'',0,'-1','-1'),(174,20,1,3,0,0,'',0,'-1','-1'),(175,20,1,4,0,0,'',0,'-1','-1'),(176,20,1,5,0,0,'',0,'-1','-1'),(177,20,2,6,0,0,'',0,'-1','-1'),(178,20,2,7,0,0,'',0,'-1','-1'),(179,20,2,8,0,0,'',0,'-1','-1'),(180,20,2,9,0,0,'',0,'-1','-1'),(181,21,1,1,0,0,'',0,'-1','-1'),(182,21,1,2,0,0,'',0,'-1','-1'),(183,21,1,3,0,0,'',0,'-1','-1'),(184,21,1,4,0,0,'',0,'-1','-1'),(185,21,1,5,0,0,'',0,'-1','-1'),(186,21,2,6,0,0,'',0,'-1','-1'),(187,21,2,7,0,0,'',0,'-1','-1'),(188,21,2,8,0,0,'',0,'-1','-1'),(189,21,2,9,0,0,'',0,'-1','-1'),(190,22,1,1,0,0,'',0,'-1','-1'),(191,22,1,2,0,0,'',0,'-1','-1'),(192,22,1,3,0,0,'',0,'-1','-1'),(193,22,1,4,0,0,'',0,'-1','-1'),(194,22,1,5,0,0,'',0,'-1','-1'),(195,22,2,6,0,0,'',0,'-1','-1'),(196,22,2,7,0,0,'',0,'-1','-1'),(197,22,2,8,0,0,'',0,'-1','-1'),(198,22,2,9,0,0,'',0,'-1','-1'),(199,23,1,1,0,0,'',0,'-1','-1'),(200,23,1,2,0,0,'',0,'-1','-1'),(201,23,1,3,0,0,'',0,'-1','-1'),(202,23,1,4,0,0,'',0,'-1','-1'),(203,23,1,5,0,0,'',0,'-1','-1'),(204,23,2,6,0,0,'',0,'-1','-1'),(205,23,2,7,0,0,'',0,'-1','-1'),(206,23,2,8,0,0,'',0,'-1','-1'),(207,23,2,9,0,0,'',0,'-1','-1'),(208,24,1,1,0,0,'',0,'-1','-1'),(209,24,1,2,0,0,'',0,'-1','-1'),(210,24,1,3,0,0,'',0,'-1','-1'),(211,24,1,4,0,0,'',0,'-1','-1'),(212,24,1,5,0,0,'',0,'-1','-1'),(213,24,2,6,0,0,'',0,'-1','-1'),(214,24,2,7,0,0,'',0,'-1','-1'),(215,24,2,8,0,0,'',0,'-1','-1'),(216,24,2,9,0,0,'',0,'-1','-1'),(217,25,1,1,0,0,'',0,'-1','-1'),(218,25,1,2,0,0,'',0,'-1','-1'),(219,25,1,3,0,0,'',0,'-1','-1'),(220,25,1,4,0,0,'',0,'-1','-1'),(221,25,1,5,0,0,'',0,'-1','-1'),(222,25,2,6,0,0,'',0,'-1','-1'),(223,25,2,7,0,0,'',0,'-1','-1'),(224,25,2,8,0,0,'',0,'-1','-1'),(225,25,2,9,0,0,'',0,'-1','-1'),(226,26,1,1,0,0,'',0,'-1','-1'),(227,26,1,2,0,0,'',0,'-1','-1'),(228,26,1,3,0,0,'',0,'-1','-1'),(229,26,1,4,0,0,'',0,'-1','-1'),(230,26,1,5,0,0,'',0,'-1','-1'),(231,26,2,6,0,0,'',0,'-1','-1'),(232,26,2,7,0,0,'',0,'-1','-1'),(233,26,2,8,0,0,'',0,'-1','-1'),(234,26,2,9,0,0,'',0,'-1','-1'),(235,27,1,1,0,0,'',0,'-1','-1'),(236,27,1,2,0,0,'',0,'-1','-1'),(237,27,1,3,0,0,'',0,'-1','-1'),(238,27,1,4,0,0,'',0,'-1','-1'),(239,27,1,5,0,0,'',0,'-1','-1'),(240,27,2,6,0,0,'',0,'-1','-1'),(241,27,2,7,0,0,'',0,'-1','-1'),(242,27,2,8,0,0,'',0,'-1','-1'),(243,27,2,9,0,0,'',0,'-1','-1'),(244,28,1,1,0,0,'',0,'-1','-1'),(245,28,1,2,0,0,'',0,'-1','-1'),(246,28,1,3,0,0,'',0,'-1','-1'),(247,28,1,4,0,0,'',0,'-1','-1'),(248,28,1,5,0,0,'',0,'-1','-1'),(249,28,2,6,0,0,'',0,'-1','-1'),(250,28,2,7,0,0,'',0,'-1','-1'),(251,28,2,8,0,0,'',0,'-1','-1'),(252,28,2,9,0,0,'',0,'-1','-1'),(253,29,1,1,0,0,'',0,'-1','-1'),(254,29,1,2,0,0,'',0,'-1','-1'),(255,29,1,3,0,0,'',0,'-1','-1'),(256,29,1,4,0,0,'',0,'-1','-1'),(257,29,1,5,0,0,'',0,'-1','-1'),(258,29,2,6,0,0,'',0,'-1','-1'),(259,29,2,7,0,0,'',0,'-1','-1'),(260,29,2,8,0,0,'',0,'-1','-1'),(261,29,2,9,0,0,'',0,'-1','-1'),(262,30,1,1,0,0,'',0,'-1','-1'),(263,30,1,2,0,0,'',0,'-1','-1'),(264,30,1,3,0,0,'',0,'-1','-1'),(265,30,1,4,0,0,'',0,'-1','-1'),(266,30,1,5,0,0,'',0,'-1','-1'),(267,30,2,6,0,0,'',0,'-1','-1'),(268,30,2,7,0,0,'',0,'-1','-1'),(269,30,2,8,0,0,'',0,'-1','-1'),(270,30,2,9,0,0,'',0,'-1','-1'),(271,31,1,1,0,0,'',0,'-1','-1'),(272,31,1,2,0,0,'',0,'-1','-1'),(273,31,1,3,0,0,'',0,'-1','-1'),(274,31,1,4,0,0,'',0,'-1','-1'),(275,31,1,5,0,0,'',0,'-1','-1'),(276,31,2,6,0,0,'',0,'-1','-1'),(277,31,2,7,0,0,'',0,'-1','-1'),(278,31,2,8,0,0,'',0,'-1','-1'),(279,31,2,9,0,0,'',0,'-1','-1'),(280,32,1,1,0,0,'',0,'-1','-1'),(281,32,1,2,0,0,'',0,'-1','-1'),(282,32,1,3,0,0,'',0,'-1','-1'),(283,32,1,4,0,0,'',0,'-1','-1'),(284,32,1,5,0,0,'',0,'-1','-1'),(285,32,2,6,0,0,'',0,'-1','-1'),(286,32,2,7,0,0,'',0,'-1','-1'),(287,32,2,8,0,0,'',0,'-1','-1'),(288,32,2,9,0,0,'',0,'-1','-1'),(289,33,1,1,0,0,'',0,'-1','-1'),(290,33,1,2,0,0,'',0,'-1','-1'),(291,33,1,3,0,0,'',0,'-1','-1'),(292,33,1,4,0,0,'',0,'-1','-1'),(293,33,1,5,0,0,'',0,'-1','-1'),(294,33,2,6,0,0,'',0,'-1','-1'),(295,33,2,7,0,0,'',0,'-1','-1'),(296,33,2,8,0,0,'',0,'-1','-1'),(297,33,2,9,0,0,'',0,'-1','-1'),(298,34,1,1,0,0,'',0,'-1','-1'),(299,34,1,2,0,0,'',0,'-1','-1'),(300,34,1,3,0,0,'',0,'-1','-1'),(301,34,1,4,0,0,'',0,'-1','-1'),(302,34,1,5,0,0,'',0,'-1','-1'),(303,34,2,6,0,0,'',0,'-1','-1'),(304,34,2,7,0,0,'',0,'-1','-1'),(305,34,2,8,0,0,'',0,'-1','-1'),(306,34,2,9,0,0,'',0,'-1','-1'),(307,35,1,1,0,0,'',0,'-1','-1'),(308,35,1,2,0,0,'',0,'-1','-1'),(309,35,1,3,0,0,'',0,'-1','-1'),(310,35,1,4,0,0,'',0,'-1','-1'),(311,35,1,5,0,0,'',0,'-1','-1'),(312,35,2,6,0,0,'',0,'-1','-1'),(313,35,2,7,0,0,'',0,'-1','-1'),(314,35,2,8,0,0,'',0,'-1','-1'),(315,35,2,9,0,0,'',0,'-1','-1'),(316,36,1,1,0,0,'',0,'-1','-1'),(317,36,1,2,0,0,'',0,'-1','-1'),(318,36,1,3,0,0,'',0,'-1','-1'),(319,36,1,4,0,0,'',0,'-1','-1'),(320,36,1,5,0,0,'',0,'-1','-1'),(321,36,2,6,0,0,'',0,'-1','-1'),(322,36,2,7,0,0,'',0,'-1','-1'),(323,36,2,8,0,0,'',0,'-1','-1'),(324,36,2,9,0,0,'',0,'-1','-1'),(325,37,1,1,0,0,'',0,'-1','-1'),(326,37,1,2,0,0,'',0,'-1','-1'),(327,37,1,3,0,0,'',0,'-1','-1'),(328,37,1,4,0,0,'',0,'-1','-1'),(329,37,1,5,0,0,'',0,'-1','-1'),(330,37,2,6,0,0,'',0,'-1','-1'),(331,37,2,7,0,0,'',0,'-1','-1'),(332,37,2,8,0,0,'',0,'-1','-1'),(333,37,2,9,0,0,'',0,'-1','-1'),(334,38,1,1,0,0,'',0,'-1','-1'),(335,38,1,2,0,0,'',0,'-1','-1'),(336,38,1,3,0,0,'',0,'-1','-1'),(337,38,1,4,0,0,'',0,'-1','-1'),(338,38,1,5,0,0,'',0,'-1','-1'),(339,38,2,6,0,0,'',0,'-1','-1'),(340,38,2,7,0,0,'',0,'-1','-1'),(341,38,2,8,0,0,'',0,'-1','-1'),(342,38,2,9,0,0,'',0,'-1','-1'),(343,39,1,1,0,0,'',0,'-1','-1'),(344,39,1,2,0,0,'',0,'-1','-1'),(345,39,1,3,0,0,'',0,'-1','-1'),(346,39,1,4,0,0,'',0,'-1','-1'),(347,39,1,5,0,0,'',0,'-1','-1'),(348,39,2,6,0,0,'',0,'-1','-1'),(349,39,2,7,0,0,'',0,'-1','-1'),(350,39,2,8,0,0,'',0,'-1','-1'),(351,39,2,9,0,0,'',0,'-1','-1'),(352,40,1,1,0,0,'',0,'-1','-1'),(353,40,1,2,0,0,'',0,'-1','-1'),(354,40,1,3,0,0,'',0,'-1','-1'),(355,40,1,4,0,0,'',0,'-1','-1'),(356,40,1,5,0,0,'',0,'-1','-1'),(357,40,2,6,0,0,'',0,'-1','-1'),(358,40,2,7,0,0,'',0,'-1','-1'),(359,40,2,8,0,0,'',0,'-1','-1'),(360,40,2,9,0,0,'',0,'-1','-1'),(361,41,1,1,0,0,'',0,'-1','-1'),(362,41,1,2,0,0,'',0,'-1','-1'),(363,41,1,3,0,0,'',0,'-1','-1'),(364,41,1,4,0,0,'',0,'-1','-1'),(365,41,1,5,0,0,'',0,'-1','-1'),(366,41,2,6,0,0,'',0,'-1','-1'),(367,41,2,7,0,0,'',0,'-1','-1'),(368,41,2,8,0,0,'',0,'-1','-1'),(369,41,2,9,0,0,'',0,'-1','-1'),(370,42,1,1,0,0,'',0,'-1','-1'),(371,42,1,2,0,0,'',0,'-1','-1'),(372,42,1,3,0,0,'',0,'-1','-1'),(373,42,1,4,0,0,'',0,'-1','-1'),(374,42,1,5,0,0,'',0,'-1','-1'),(375,42,2,6,0,0,'',0,'-1','-1'),(376,42,2,7,0,0,'',0,'-1','-1'),(377,42,2,8,0,0,'',0,'-1','-1'),(378,42,2,9,0,0,'',0,'-1','-1'),(379,43,1,1,0,0,'',0,'-1','-1'),(380,43,1,2,0,0,'',0,'-1','-1'),(381,43,1,3,0,0,'',0,'-1','-1'),(382,43,1,4,0,0,'',0,'-1','-1'),(383,43,1,5,0,0,'',0,'-1','-1'),(384,43,2,6,0,0,'',0,'-1','-1'),(385,43,2,7,0,0,'',0,'-1','-1'),(386,43,2,8,0,0,'',0,'-1','-1'),(387,43,2,9,0,0,'',0,'-1','-1'),(388,44,1,1,0,0,'',0,'-1','-1'),(389,44,1,2,0,0,'',0,'-1','-1'),(390,44,1,3,0,0,'',0,'-1','-1'),(391,44,1,4,0,0,'',0,'-1','-1'),(392,44,1,5,0,0,'',0,'-1','-1'),(393,44,2,6,0,0,'',0,'-1','-1'),(394,44,2,7,0,0,'',0,'-1','-1'),(395,44,2,8,0,0,'',0,'-1','-1'),(396,44,2,9,0,0,'',0,'-1','-1'),(397,45,1,1,0,0,'',0,'-1','-1'),(398,45,1,2,0,0,'',0,'-1','-1'),(399,45,1,3,0,0,'',0,'-1','-1'),(400,45,1,4,0,0,'',0,'-1','-1'),(401,45,1,5,0,0,'',0,'-1','-1'),(402,45,2,6,0,0,'',0,'-1','-1'),(403,45,2,7,0,0,'',0,'-1','-1'),(404,45,2,8,0,0,'',0,'-1','-1'),(405,45,2,9,0,0,'',0,'-1','-1'),(406,46,1,1,0,0,'',0,'-1','-1'),(407,46,1,2,0,0,'',0,'-1','-1'),(408,46,1,3,0,0,'',0,'-1','-1'),(409,46,1,4,0,0,'',0,'-1','-1'),(410,46,1,5,0,0,'',0,'-1','-1'),(411,46,2,6,0,0,'',0,'-1','-1'),(412,46,2,7,0,0,'',0,'-1','-1'),(413,46,2,8,0,0,'',0,'-1','-1'),(414,46,2,9,0,0,'',0,'-1','-1'),(415,47,1,1,0,0,'',0,'-1','-1'),(416,47,1,2,0,0,'',0,'-1','-1'),(417,47,1,3,0,0,'',0,'-1','-1'),(418,47,1,4,0,0,'',0,'-1','-1'),(419,47,1,5,0,0,'',0,'-1','-1'),(420,47,2,6,0,0,'',0,'-1','-1'),(421,47,2,7,0,0,'',0,'-1','-1'),(422,47,2,8,0,0,'',0,'-1','-1'),(423,47,2,9,0,0,'',0,'-1','-1'),(424,48,1,1,0,0,'',0,'-1','-1'),(425,48,1,2,0,0,'',0,'-1','-1'),(426,48,1,3,0,0,'',0,'-1','-1'),(427,48,1,4,0,0,'',0,'-1','-1'),(428,48,1,5,0,0,'',0,'-1','-1'),(429,48,2,6,0,0,'',0,'-1','-1'),(430,48,2,7,0,0,'',0,'-1','-1'),(431,48,2,8,0,0,'',0,'-1','-1'),(432,48,2,9,0,0,'',0,'-1','-1'),(433,49,1,1,0,0,'',0,'-1','-1'),(434,49,1,2,0,0,'',0,'-1','-1'),(435,49,1,3,0,0,'',0,'-1','-1'),(436,49,1,4,0,0,'',0,'-1','-1'),(437,49,1,5,0,0,'',0,'-1','-1'),(438,49,2,6,0,0,'',0,'-1','-1'),(439,49,2,7,0,0,'',0,'-1','-1'),(440,49,2,8,0,0,'',0,'-1','-1'),(441,49,2,9,0,0,'',0,'-1','-1'),(442,50,1,1,0,0,'',0,'-1','-1'),(443,50,1,2,0,0,'',0,'-1','-1'),(444,50,1,3,0,0,'',0,'-1','-1'),(445,50,1,4,0,0,'',0,'-1','-1'),(446,50,1,5,0,0,'',0,'-1','-1'),(447,50,2,6,0,0,'',0,'-1','-1'),(448,50,2,7,0,0,'',0,'-1','-1'),(449,50,2,8,0,0,'',0,'-1','-1'),(450,50,2,9,0,0,'',0,'-1','-1'),(451,51,1,1,0,0,'',0,'-1','-1'),(452,51,1,2,0,0,'',0,'-1','-1'),(453,51,1,3,0,0,'',0,'-1','-1'),(454,51,1,4,0,0,'',0,'-1','-1'),(455,51,1,5,0,0,'',0,'-1','-1'),(456,51,2,6,0,0,'',0,'-1','-1'),(457,51,2,7,0,0,'',0,'-1','-1'),(458,51,2,8,0,0,'',0,'-1','-1'),(459,51,2,9,0,0,'',0,'-1','-1'),(460,52,1,1,0,0,'',0,'-1','-1'),(461,52,1,2,0,0,'',0,'-1','-1'),(462,52,1,3,0,0,'',0,'-1','-1'),(463,52,1,4,0,0,'',0,'-1','-1'),(464,52,1,5,0,0,'',0,'-1','-1'),(465,52,2,6,0,0,'',0,'-1','-1'),(466,52,2,7,0,0,'',0,'-1','-1'),(467,52,2,8,0,0,'',0,'-1','-1'),(468,52,2,9,0,0,'',0,'-1','-1'),(469,53,1,1,0,0,'',0,'-1','-1'),(470,53,1,2,0,0,'',0,'-1','-1'),(471,53,1,3,0,0,'',0,'-1','-1'),(472,53,1,4,0,0,'',0,'-1','-1'),(473,53,1,5,0,0,'',0,'-1','-1'),(474,53,2,6,0,0,'',0,'-1','-1'),(475,53,2,7,0,0,'',0,'-1','-1'),(476,53,2,8,0,0,'',0,'-1','-1'),(477,53,2,9,0,0,'',0,'-1','-1'),(478,54,1,1,0,0,'',0,'-1','-1'),(479,54,1,2,0,0,'',0,'-1','-1'),(480,54,1,3,0,0,'',0,'-1','-1'),(481,54,1,4,0,0,'',0,'-1','-1'),(482,54,1,5,0,0,'',0,'-1','-1'),(483,54,2,6,0,0,'',0,'-1','-1'),(484,54,2,7,0,0,'',0,'-1','-1'),(485,54,2,8,0,0,'',0,'-1','-1'),(486,54,2,9,0,0,'',0,'-1','-1'),(487,55,1,1,0,0,'',0,'-1','-1'),(488,55,1,2,0,0,'',0,'-1','-1'),(489,55,1,3,0,0,'',0,'-1','-1'),(490,55,1,4,0,0,'',0,'-1','-1'),(491,55,1,5,0,0,'',0,'-1','-1'),(492,55,2,6,0,0,'',0,'-1','-1'),(493,55,2,7,0,0,'',0,'-1','-1'),(494,55,2,8,0,0,'',0,'-1','-1'),(495,55,2,9,0,0,'',0,'-1','-1'),(496,56,1,1,0,0,'',0,'-1','-1'),(497,56,1,2,0,0,'',0,'-1','-1'),(498,56,1,3,0,0,'',0,'-1','-1'),(499,56,1,4,0,0,'',0,'-1','-1'),(500,56,1,5,0,0,'',0,'-1','-1'),(501,56,2,6,0,0,'',0,'-1','-1'),(502,56,2,7,0,0,'',0,'-1','-1'),(503,56,2,8,0,0,'',0,'-1','-1'),(504,56,2,9,0,0,'',0,'-1','-1'),(505,57,1,1,0,0,'',0,'-1','-1'),(506,57,1,2,0,0,'',0,'-1','-1'),(507,57,1,3,0,0,'',0,'-1','-1'),(508,57,1,4,0,0,'',0,'-1','-1'),(509,57,1,5,0,0,'',0,'-1','-1'),(510,57,2,6,0,0,'',0,'-1','-1'),(511,57,2,7,0,0,'',0,'-1','-1'),(512,57,2,8,0,0,'',0,'-1','-1'),(513,57,2,9,0,0,'',0,'-1','-1'),(514,58,1,1,0,0,'',0,'-1','-1'),(515,58,1,2,0,0,'',0,'-1','-1'),(516,58,1,3,0,0,'',0,'-1','-1'),(517,58,1,4,0,0,'',0,'-1','-1'),(518,58,1,5,0,0,'',0,'-1','-1'),(519,58,2,6,0,0,'',0,'-1','-1'),(520,58,2,7,0,0,'',0,'-1','-1'),(521,58,2,8,0,0,'',0,'-1','-1'),(522,58,2,9,0,0,'',0,'-1','-1'),(523,59,1,1,0,0,'',0,'-1','-1'),(524,59,1,2,0,0,'',0,'-1','-1'),(525,59,1,3,0,0,'',0,'-1','-1'),(526,59,1,4,0,0,'',0,'-1','-1'),(527,59,1,5,0,0,'',0,'-1','-1'),(528,59,2,6,0,0,'',0,'-1','-1'),(529,59,2,7,0,0,'',0,'-1','-1'),(530,59,2,8,0,0,'',0,'-1','-1'),(531,59,2,9,0,0,'',0,'-1','-1'),(532,60,1,1,0,0,'',0,'-1','-1'),(533,60,1,2,0,0,'',0,'-1','-1'),(534,60,1,3,0,0,'',0,'-1','-1'),(535,60,1,4,0,0,'',0,'-1','-1'),(536,60,1,5,0,0,'',0,'-1','-1'),(537,60,2,6,0,0,'',0,'-1','-1'),(538,60,2,7,0,0,'',0,'-1','-1'),(539,60,2,8,0,0,'',0,'-1','-1'),(540,60,2,9,0,0,'',0,'-1','-1'),(541,61,1,1,0,0,'',0,'-1','-1'),(542,61,1,2,0,0,'',0,'-1','-1'),(543,61,1,3,0,0,'',0,'-1','-1'),(544,61,1,4,0,0,'',0,'-1','-1'),(545,61,1,5,0,0,'',0,'-1','-1'),(546,61,2,6,0,0,'',0,'-1','-1'),(547,61,2,7,0,0,'',0,'-1','-1'),(548,61,2,8,0,0,'',0,'-1','-1'),(549,61,2,9,0,0,'',0,'-1','-1'),(550,62,1,1,0,0,'',0,'-1','-1'),(551,62,1,2,0,0,'',0,'-1','-1'),(552,62,1,3,0,0,'',0,'-1','-1'),(553,62,1,4,0,0,'',0,'-1','-1'),(554,62,1,5,0,0,'',0,'-1','-1'),(555,62,2,6,0,0,'',0,'-1','-1'),(556,62,2,7,0,0,'',0,'-1','-1'),(557,62,2,8,0,0,'',0,'-1','-1'),(558,62,2,9,0,0,'',0,'-1','-1'),(559,63,1,1,0,0,'',0,'-1','-1'),(560,63,1,2,0,0,'',0,'-1','-1'),(561,63,1,3,0,0,'',0,'-1','-1'),(562,63,1,4,0,0,'',0,'-1','-1'),(563,63,1,5,0,0,'',0,'-1','-1'),(564,63,2,6,0,0,'',0,'-1','-1'),(565,63,2,7,0,0,'',0,'-1','-1'),(566,63,2,8,0,0,'',0,'-1','-1'),(567,63,2,9,0,0,'',0,'-1','-1'),(568,64,1,1,0,0,'',0,'-1','-1'),(569,64,1,2,0,0,'',0,'-1','-1'),(570,64,1,3,0,0,'',0,'-1','-1'),(571,64,1,4,0,0,'',0,'-1','-1'),(572,64,1,5,0,0,'',0,'-1','-1'),(573,64,2,6,0,0,'',0,'-1','-1'),(574,64,2,7,0,0,'',0,'-1','-1'),(575,64,2,8,0,0,'',0,'-1','-1'),(576,64,2,9,0,0,'',0,'-1','-1'),(577,65,1,1,0,0,'',0,'-1','-1'),(578,65,1,2,0,0,'',0,'-1','-1'),(579,65,1,3,0,0,'',0,'-1','-1'),(580,65,1,4,0,0,'',0,'-1','-1'),(581,65,1,5,0,0,'',0,'-1','-1'),(582,65,2,6,0,0,'',0,'-1','-1'),(583,65,2,7,0,0,'',0,'-1','-1'),(584,65,2,8,0,0,'',0,'-1','-1'),(585,65,2,9,0,0,'',0,'-1','-1'),(586,66,1,1,0,0,'',0,'-1','-1'),(587,66,1,2,0,0,'',0,'-1','-1'),(588,66,1,3,0,0,'',0,'-1','-1'),(589,66,1,4,0,0,'',0,'-1','-1'),(590,66,1,5,0,0,'',0,'-1','-1'),(591,66,2,6,0,0,'',0,'-1','-1'),(592,66,2,7,0,0,'',0,'-1','-1'),(593,66,2,8,0,0,'',0,'-1','-1'),(594,67,2,9,0,0,'',0,'-1','-1'),(595,67,1,1,0,0,'',0,'-1','-1'),(596,67,1,2,0,0,'',0,'-1','-1'),(597,67,1,3,0,0,'',0,'-1','-1'),(598,67,1,4,0,0,'',0,'-1','-1'),(599,67,1,5,0,0,'',0,'-1','-1'),(600,67,2,6,0,0,'',0,'-1','-1'),(601,67,2,7,0,0,'',0,'-1','-1'),(602,67,2,8,0,0,'',0,'-1','-1'),(603,67,2,9,0,0,'',0,'-1','-1'),(604,68,1,1,0,0,'',0,'-1','-1'),(605,68,1,2,0,0,'',0,'-1','-1'),(606,68,1,3,0,0,'',0,'-1','-1'),(607,68,1,4,0,0,'',0,'-1','-1'),(608,68,1,5,0,0,'',0,'-1','-1'),(609,68,2,6,0,0,'',0,'-1','-1'),(610,68,2,7,0,0,'',0,'-1','-1'),(611,68,2,8,0,0,'',0,'-1','-1'),(612,68,2,9,0,0,'',0,'-1','-1'),(613,69,1,1,0,0,'',0,'-1','-1'),(614,69,1,2,0,0,'',0,'-1','-1'),(615,69,1,3,0,0,'',0,'-1','-1'),(616,69,1,4,0,0,'',0,'-1','-1'),(617,69,1,5,0,0,'',0,'-1','-1'),(618,69,2,6,0,0,'',0,'-1','-1'),(619,69,2,7,0,0,'',0,'-1','-1'),(620,69,2,8,0,0,'',0,'-1','-1'),(621,69,2,9,0,0,'',0,'-1','-1');
/*!40000 ALTER TABLE `mg_plot` ENABLE KEYS */;
UNLOCK TABLES;

--
-- Table structure for table `mg_pollinator`
--

DROP TABLE IF EXISTS `mg_pollinator`;
/*!40101 SET @saved_cs_client     = @@character_set_client */;
/*!40101 SET character_set_client = utf8 */;
CREATE TABLE `mg_pollinator` (
  `pollinator_ID` int(11) NOT NULL AUTO_INCREMENT,
  `pollinatorName` varchar(255) NOT NULL,
  `pollinatorType` varchar(255) NOT NULL,
  PRIMARY KEY (`pollinator_ID`)
) ENGINE=InnoDB AUTO_INCREMENT=10 DEFAULT CHARSET=utf8;
/*!40101 SET character_set_client = @saved_cs_client */;

--
-- Dumping data for table `mg_pollinator`
--

LOCK TABLES `mg_pollinator` WRITE;
/*!40000 ALTER TABLE `mg_pollinator` DISABLE KEYS */;
INSERT INTO `mg_pollinator` VALUES (1,'Honey Bee','Bee'),(2,'Carpenter Bee','Bee'),(3,'Bumble Bee','Bee'),(4,'Green Sweat Bee','Bee'),(5,'Dark Sweat Bee','Bee'),(6,'Butterfly and Moth','Butterfly/Moth'),(7,'Other Bee\'s','Other'),(8,'Other Pollinators','Other'),(9,'Green Metallic Bee','Bee');
/*!40000 ALTER TABLE `mg_pollinator` ENABLE KEYS */;
UNLOCK TABLES;

--
-- Table structure for table `mg_pollinator_visit`
--

DROP TABLE IF EXISTS `mg_pollinator_visit`;
/*!40101 SET @saved_cs_client     = @@character_set_client */;
/*!40101 SET character_set_client = utf8 */;
CREATE TABLE `mg_pollinator_visit` (
  `id` int(11) NOT NULL AUTO_INCREMENT,
  `data_form_id` int(11) NOT NULL,
  `pollinator_id` int(11) NOT NULL,
  `plot_id` int(11) NOT NULL,
  `plant_id` int(11) NOT NULL,
  `strain_id` int(11) DEFAULT NULL,
  `visit_count` int(11) NOT NULL,
  PRIMARY KEY (`id`)
) ENGINE=InnoDB AUTO_INCREMENT=3710 DEFAULT CHARSET=utf8;
/*!40101 SET character_set_client = @saved_cs_client */;

--
-- Dumping data for table `mg_pollinator_visit`
--

LOCK TABLES `mg_pollinator_visit` WRITE;
/*!40000 ALTER TABLE `mg_pollinator_visit` DISABLE KEYS */;
INSERT INTO `mg_pollinator_visit` VALUES (1,1,1,1,1,1,1),(2,1,8,1,1,1,1),(3,1,8,2,1,2,1),(4,1,1,4,1,4,1),(5,1,5,4,1,4,3),(6,1,8,4,1,4,1),(7,1,8,6,2,6,1),(8,1,2,8,2,8,2),(9,1,3,8,2,8,7),(10,1,5,8,2,8,5),(11,1,8,8,2,8,1),(12,2,1,8,1,1,2),(13,2,8,1,1,1,1),(14,2,1,2,1,2,3),(15,2,8,2,1,2,1),(16,2,7,3,1,3,1),(17,2,8,3,1,3,1),(18,2,1,4,1,4,10),(19,2,7,4,1,4,1),(20,2,8,4,1,4,1),(21,2,2,6,2,6,1),(22,2,3,6,2,6,3),(23,2,2,7,2,7,2),(24,2,3,7,2,7,5),(25,2,8,7,2,7,1),(26,2,2,8,2,8,4),(27,2,3,8,2,8,1),(28,2,8,8,2,8,1),(29,2,1,9,2,9,6),(30,2,2,9,2,9,10),(31,2,3,9,2,9,1),(32,2,8,9,2,9,1),(33,3,8,1,1,1,1),(34,3,5,2,1,2,6),(35,3,8,2,1,2,1),(36,3,5,3,1,3,2),(37,3,1,6,2,6,1),(38,3,2,6,2,6,3),(39,3,1,9,2,9,10),(40,3,2,9,2,9,6),(41,3,7,9,2,9,1),(42,4,5,2,1,2,1),(43,4,8,4,1,4,1),(44,4,2,6,2,6,2),(45,4,2,9,2,9,4),(46,5,8,1,1,1,1),(47,5,7,2,1,2,1),(48,5,5,3,1,3,1),(49,5,8,8,2,8,1),(50,5,2,9,2,9,3),(51,5,5,9,2,9,2),(52,6,8,5,1,5,1),(53,6,2,9,2,9,2),(54,7,4,1,1,1,1),(55,7,5,1,1,1,1),(56,7,8,1,1,1,1),(57,7,6,3,1,3,1),(58,7,8,3,1,3,1),(59,7,8,4,1,4,1),(60,7,3,5,1,5,1),(61,8,6,1,1,1,2),(62,9,4,1,1,1,5),(63,9,8,5,1,5,1),(64,10,7,13,1,4,2),(65,10,3,15,2,6,2),(66,10,5,15,2,6,1),(67,10,8,15,2,6,1),(68,10,3,17,2,8,3),(69,10,5,17,2,8,10),(70,10,8,17,2,8,1),(71,11,5,13,1,4,2),(72,11,7,13,1,4,1),(73,11,3,15,2,6,1),(74,11,5,15,2,6,5),(75,11,6,15,2,6,1),(76,11,3,16,2,7,2),(77,11,5,16,2,7,4),(78,11,6,16,2,7,1),(79,11,3,17,2,8,7),(80,11,5,17,2,8,5),(81,11,2,18,2,9,2),(82,11,3,18,2,9,3),(83,11,5,18,2,9,5),(84,12,7,13,1,4,1),(85,12,8,13,1,4,1),(86,12,2,15,2,6,4),(87,12,3,15,2,6,1),(88,12,7,15,2,6,1),(89,12,3,16,2,7,3),(90,12,7,16,2,7,1),(91,12,8,16,2,7,1),(92,12,3,17,2,8,3),(93,12,6,17,2,8,3),(94,12,7,17,2,8,2),(95,12,8,17,2,8,1),(96,12,1,18,2,9,2),(97,12,2,18,2,9,4),(98,12,3,18,2,9,3),(99,12,6,18,2,9,1),(100,12,7,18,2,9,2),(101,12,8,18,2,9,1),(102,13,1,13,1,4,1),(103,13,5,13,1,4,7),(104,13,6,13,1,4,1),(105,13,7,13,1,4,1),(106,13,1,14,1,5,1),(107,13,6,14,1,5,1),(108,13,7,14,1,5,1),(109,13,1,15,2,6,4),(110,13,7,15,2,6,1),(111,13,1,16,2,7,3),(112,13,2,16,2,7,2),(113,13,5,16,2,7,2),(114,13,1,18,2,9,25),(115,13,2,18,2,9,30),(116,13,5,18,2,9,2),(117,14,5,13,1,4,5),(118,14,8,13,1,4,1),(119,14,6,16,2,7,1),(120,14,1,18,2,9,13),(121,14,2,18,2,9,12),(122,14,3,18,2,9,3),(123,14,8,18,2,9,1),(124,15,1,13,1,4,2),(125,15,2,13,1,4,1),(126,15,7,13,1,4,1),(127,15,8,13,1,4,1),(128,15,1,15,2,6,2),(129,15,2,15,2,6,3),(130,15,7,15,2,6,1),(131,15,1,16,2,7,1),(132,15,2,16,2,7,3),(133,15,8,16,2,7,1),(134,15,1,17,2,8,1),(135,15,2,17,2,8,1),(136,15,7,17,2,8,1),(137,15,1,18,2,9,12),(138,15,2,18,2,9,9),(139,15,7,18,2,9,1),(140,15,8,18,2,9,1),(141,16,7,13,1,4,1),(142,16,8,13,1,4,1),(143,16,2,15,2,6,1),(144,16,3,15,2,6,1),(145,16,2,16,2,7,1),(146,16,2,17,2,8,1),(147,16,2,18,2,9,5),(148,16,3,18,2,9,2),(149,16,7,18,2,9,1),(150,16,8,18,2,9,1),(151,17,1,13,1,4,2),(152,17,5,13,1,4,1),(153,17,8,13,1,4,1),(154,17,5,14,1,5,2),(155,17,8,14,1,5,1),(156,17,2,15,2,6,1),(157,17,8,15,2,6,1),(158,17,2,18,2,9,18),(159,17,3,18,2,9,2),(160,17,8,18,2,9,1),(161,18,5,13,1,4,9),(162,18,2,15,2,6,1),(163,18,3,15,2,6,2),(164,18,2,16,2,7,1),(165,18,3,16,2,7,1),(166,18,2,18,2,9,1),(167,18,3,18,2,9,4),(168,18,8,18,2,9,1),(169,19,3,13,1,4,2),(170,19,7,13,1,4,1),(171,19,7,14,1,5,1),(172,19,3,15,2,6,2),(173,19,3,16,2,7,1),(174,19,7,16,2,7,1),(175,19,3,17,2,8,2),(176,19,2,18,2,9,1),(177,19,3,18,2,9,5),(178,19,7,18,2,9,1),(179,20,2,10,1,1,1),(180,20,3,10,1,1,4),(181,20,5,10,1,1,7),(182,20,7,10,1,1,1),(183,20,3,13,1,4,4),(184,20,5,13,1,4,4),(185,20,7,13,1,4,1),(186,20,8,13,1,4,1),(187,20,2,18,2,9,2),(188,20,3,18,2,9,5),(189,21,1,13,1,4,1),(190,21,3,13,1,4,1),(191,21,5,13,1,4,3),(192,21,1,14,1,5,3),(193,21,5,14,1,5,4),(194,21,2,15,2,6,2),(195,21,1,17,2,8,1),(196,21,2,17,2,8,2),(197,22,8,13,1,4,1),(198,22,1,14,1,5,1),(199,22,5,14,1,5,1),(200,24,5,20,1,2,2),(201,24,1,21,1,3,1),(202,24,5,21,1,3,9),(203,24,8,21,1,3,1),(204,24,1,23,1,5,1),(205,24,5,23,1,5,4),(206,25,5,20,1,2,3),(207,25,7,20,1,2,1),(208,25,8,20,1,2,1),(209,25,1,21,1,3,1),(210,25,4,21,1,3,2),(211,25,5,21,1,3,2),(212,25,7,21,1,3,1),(213,25,1,23,1,5,1),(214,25,4,23,1,5,7),(215,25,5,23,1,5,1),(216,25,7,23,1,5,1),(217,25,3,25,2,7,1),(218,25,4,25,2,7,1),(219,25,7,25,2,7,1),(220,26,7,20,1,2,1),(221,26,7,21,1,3,1),(222,26,8,22,1,4,1),(223,26,7,23,1,5,1),(224,26,1,24,2,6,1),(225,26,3,24,2,6,1),(226,26,6,24,2,6,1),(227,26,6,27,2,9,1),(228,26,8,27,2,9,1),(229,27,5,20,1,2,2),(230,27,5,21,1,3,1),(231,27,8,21,1,3,1),(232,27,8,23,1,5,1),(233,27,1,27,2,9,2),(234,28,7,19,1,1,1),(235,28,4,27,2,9,1),(236,28,5,27,2,9,1),(237,29,7,19,1,1,1),(238,29,7,24,2,6,1),(239,30,8,20,1,2,1),(240,30,8,23,1,5,1),(241,30,7,27,2,9,1),(242,31,6,20,1,2,1),(243,31,6,22,1,4,1),(244,31,1,24,2,6,1),(245,31,2,24,2,6,1),(246,31,6,24,2,6,2),(247,31,7,24,2,6,1),(248,31,8,24,2,6,1),(249,32,4,20,1,2,1),(250,32,5,23,1,5,1),(251,33,7,29,1,2,1),(252,33,8,29,1,2,1),(253,34,7,28,1,1,1),(254,34,8,28,1,1,1),(255,34,7,29,1,2,1),(256,34,7,31,1,4,1),(257,34,8,31,1,4,1),(258,34,4,35,2,8,3),(259,34,5,35,2,8,3),(260,35,4,28,1,1,1),(261,35,7,28,1,1,1),(262,35,8,28,1,1,1),(263,35,7,29,1,2,1),(264,35,4,31,1,4,3),(265,35,5,31,1,4,2),(266,35,8,31,1,4,1),(267,35,8,32,1,5,1),(268,35,4,33,2,6,6),(269,35,6,33,2,6,1),(270,35,7,33,2,6,1),(271,35,8,33,2,6,1),(272,35,2,35,2,8,4),(273,35,3,35,2,8,1),(274,35,4,35,2,8,3),(275,35,6,35,2,8,4),(276,35,7,35,2,8,1),(277,35,2,36,2,9,10),(278,35,3,36,2,9,7),(279,35,4,36,2,9,1),(280,35,7,36,2,9,1),(281,35,8,36,2,9,1),(282,36,5,28,1,1,1),(283,36,7,28,1,1,1),(284,36,8,29,1,2,1),(285,36,5,30,1,3,1),(286,36,7,30,1,3,1),(287,36,8,30,1,3,1),(288,36,5,31,1,4,1),(289,36,7,31,1,4,1),(290,36,4,32,1,5,1),(291,36,7,32,1,5,1),(292,36,8,32,1,5,1),(293,36,7,33,2,6,1),(294,36,8,33,2,6,1),(295,36,2,35,2,8,1),(296,36,4,35,2,8,8),(297,36,5,35,2,8,6),(298,36,7,35,2,8,1),(299,36,8,35,2,8,1),(300,36,1,36,2,9,12),(301,36,2,36,2,9,3),(302,36,3,36,2,9,9),(303,36,4,36,2,9,7),(304,36,6,36,2,9,1),(305,36,7,36,2,9,1),(306,37,1,28,1,1,1),(307,37,5,28,1,1,2),(308,37,1,29,1,2,4),(309,37,6,29,1,2,1),(310,37,7,29,1,2,1),(311,37,4,30,1,3,2),(312,37,7,30,1,3,1),(313,37,5,31,1,4,1),(314,37,7,31,1,4,1),(315,37,8,31,1,4,1),(316,37,4,32,1,5,2),(317,37,5,32,1,5,1),(318,37,1,33,2,6,1),(319,37,2,33,2,6,1),(320,37,4,33,2,6,4),(321,37,8,33,2,6,1),(322,37,7,35,2,8,1),(323,37,1,36,2,9,30),(324,37,2,36,2,9,5),(325,37,3,36,2,9,2),(326,37,4,36,2,9,1),(327,38,4,28,1,1,1),(328,38,7,28,1,1,1),(329,38,8,28,1,1,1),(330,38,4,29,1,2,1),(331,38,8,29,1,2,1),(332,38,4,30,1,3,3),(333,38,5,30,1,3,14),(334,38,7,30,1,3,1),(335,38,8,30,1,3,1),(336,38,8,31,1,4,1),(337,38,4,32,1,5,2),(338,38,5,32,1,5,2),(339,38,7,32,1,5,1),(340,38,2,33,2,6,3),(341,38,3,33,2,6,4),(342,38,5,33,2,6,1),(343,38,8,33,2,6,1),(344,38,6,35,2,8,5),(345,38,1,36,2,9,15),(346,38,2,36,2,9,4),(347,38,4,36,2,9,3),(348,38,5,36,2,9,8),(349,38,6,36,2,9,3),(350,38,8,36,2,9,1),(351,39,5,28,1,1,5),(352,39,6,28,1,1,1),(353,39,7,28,1,1,1),(354,39,8,29,1,2,1),(355,39,3,30,1,3,1),(356,39,5,30,1,3,5),(357,39,7,30,1,3,1),(358,39,6,31,1,4,1),(359,39,8,31,1,4,1),(360,39,4,32,1,5,2),(361,39,5,32,1,5,2),(362,39,7,32,1,5,1),(363,39,2,33,2,6,1),(364,39,3,33,2,6,3),(365,39,2,34,2,7,1),(366,39,3,34,2,7,6),(367,39,5,34,2,7,1),(368,39,8,34,2,7,1),(369,39,6,35,2,8,2),(370,39,8,35,2,8,1),(371,40,4,28,1,1,2),(372,40,5,28,1,1,2),(373,40,4,29,1,2,2),(374,40,5,29,1,2,5),(375,40,6,29,1,2,1),(376,40,7,29,1,2,1),(377,40,4,30,1,3,1),(378,40,5,30,1,3,2),(379,40,4,31,1,4,2),(380,40,7,31,1,4,1),(381,40,4,32,1,5,2),(382,40,5,32,1,5,2),(383,40,6,32,1,5,1),(384,40,7,32,1,5,1),(385,40,2,33,2,6,1),(386,40,3,33,2,6,2),(387,40,6,33,2,6,1),(388,40,7,33,2,6,1),(389,40,8,33,2,6,1),(390,40,8,35,2,8,1),(391,40,2,36,2,9,2),(392,40,3,36,2,9,10),(393,40,7,36,2,9,1),(394,40,8,36,2,9,1),(395,41,6,28,1,1,2),(396,41,8,28,1,1,1),(397,41,1,29,1,2,1),(398,41,4,29,1,2,12),(399,41,6,29,1,2,2),(400,41,7,29,1,2,1),(401,41,4,30,1,3,1),(402,41,5,30,1,3,4),(403,41,7,30,1,3,1),(404,41,5,31,1,4,6),(405,41,6,31,1,4,1),(406,41,7,31,1,4,1),(407,41,8,31,1,4,1),(408,41,5,32,1,5,6),(409,41,6,32,1,5,1),(410,41,7,32,1,5,2),(411,41,2,33,2,6,4),(412,41,3,33,2,6,4),(413,41,6,33,2,6,1),(414,41,8,33,2,6,1),(415,41,1,34,2,7,3),(416,41,8,35,2,8,1),(417,41,2,36,2,9,14),(418,41,3,36,2,9,3),(419,41,5,36,2,9,1),(420,41,6,36,2,9,4),(421,41,8,36,2,9,1),(422,42,8,28,1,1,1),(423,42,3,29,1,2,1),(424,42,7,29,1,2,1),(425,42,5,30,1,3,2),(426,42,8,30,1,3,1),(427,42,1,31,1,4,1),(428,42,6,31,1,4,1),(429,42,7,31,1,4,1),(430,42,8,31,1,4,1),(431,42,3,32,1,5,2),(432,42,7,32,1,5,1),(433,42,8,32,1,5,1),(434,42,8,33,2,6,1),(435,42,2,34,2,7,1),(436,42,8,34,2,7,1),(437,42,6,35,2,8,1),(438,42,7,35,2,8,1),(439,42,2,36,2,9,11),(440,42,3,36,2,9,1),(441,42,4,36,2,9,1),(442,42,7,36,2,9,1),(443,43,7,28,1,1,1),(444,43,1,29,1,2,1),(445,43,6,29,1,2,3),(446,43,7,29,1,2,1),(447,43,8,29,1,2,3),(448,43,7,30,1,3,1),(449,43,8,30,1,3,1),(450,43,7,31,1,4,1),(451,43,8,31,1,4,1),(452,43,4,32,1,5,50),(453,43,7,32,1,5,1),(454,43,8,32,1,5,1),(455,43,2,33,2,6,2),(456,43,4,33,2,6,1),(457,43,7,33,2,6,1),(458,43,8,33,2,6,1),(459,43,8,34,2,7,1),(460,43,7,35,2,8,1),(461,43,2,36,2,9,3),(462,43,4,36,2,9,3),(463,43,6,36,2,9,1),(464,43,8,36,2,9,1),(465,44,7,28,1,1,1),(466,44,7,29,1,2,2),(467,44,8,29,1,2,1),(468,44,4,30,1,3,6),(469,44,6,30,1,3,1),(470,44,8,31,1,4,1),(471,44,8,32,1,5,2),(472,44,8,35,2,8,1),(473,45,6,28,1,1,4),(474,45,8,28,1,1,1),(475,45,4,29,1,2,2),(476,45,6,29,1,2,1),(477,45,7,29,1,2,1),(478,45,8,29,1,2,1),(479,45,8,30,1,3,1),(480,45,7,31,1,4,1),(481,45,8,31,1,4,1),(482,45,7,32,1,5,1),(483,45,8,32,1,5,1),(484,45,8,34,2,7,1),(485,45,7,36,2,9,1),(486,46,8,28,1,1,1),(487,46,8,29,1,2,1),(488,46,8,30,1,3,1),(489,46,8,31,1,4,1),(490,46,8,32,1,5,1),(491,47,8,29,1,2,1),(492,47,7,30,1,3,1),(493,47,8,30,1,3,1),(494,47,8,31,1,4,1),(495,47,8,32,1,5,1),(496,48,5,28,1,1,1),(497,48,3,31,1,4,1),(498,48,5,31,1,4,1),(499,48,8,32,1,5,1),(500,48,8,36,2,9,1),(501,49,1,0,1,1,2),(502,49,8,0,1,1,1),(503,49,1,0,1,4,1),(504,49,4,0,1,4,1),(505,49,5,0,1,4,3),(506,49,8,0,1,4,1),(507,49,1,0,1,5,3),(508,49,5,0,1,5,2),(509,49,8,0,1,5,1),(510,49,4,0,2,6,4),(511,49,5,0,2,6,4),(512,49,8,0,2,6,2),(513,49,1,0,2,8,1),(514,49,2,0,2,8,1),(515,49,5,0,2,8,10),(516,49,7,0,2,8,1),(517,49,8,0,2,8,4),(518,50,4,0,1,1,1),(519,50,8,0,1,1,1),(520,50,4,0,1,3,4),(521,50,8,0,1,3,1),(522,50,4,0,1,4,3),(523,50,1,0,1,5,2),(524,50,4,0,1,5,3),(525,50,8,0,1,5,1),(526,50,1,0,2,6,4),(527,50,2,0,2,6,3),(528,50,6,0,2,6,1),(529,50,8,0,2,6,1),(530,50,2,0,2,7,1),(531,50,1,0,2,8,2),(532,50,2,0,2,8,2),(533,50,4,0,2,8,5),(534,50,1,0,2,9,2),(535,50,2,0,2,9,1),(536,50,4,0,2,9,2),(537,51,8,0,1,1,1),(538,51,1,0,1,3,2),(539,51,5,0,1,3,4),(540,51,1,0,1,4,1),(541,51,5,0,1,4,4),(542,51,7,0,1,4,1),(543,51,8,0,1,4,1),(544,51,1,0,1,5,10),(545,51,4,0,1,5,2),(546,51,5,0,1,5,3),(547,51,7,0,1,5,1),(548,51,8,0,1,5,1),(549,51,1,0,2,6,3),(550,51,2,0,2,6,3),(551,51,4,0,2,6,1),(552,51,5,0,2,6,1),(553,51,8,0,2,6,2),(554,51,2,0,2,7,3),(555,51,4,0,2,7,2),(556,51,5,0,2,7,3),(557,51,7,0,2,7,1),(558,51,8,0,2,7,1),(559,51,1,0,2,8,3),(560,51,2,0,2,8,2),(561,51,4,0,2,8,2),(562,51,5,0,2,8,5),(563,51,8,0,2,8,1),(564,51,1,0,2,9,2),(565,51,2,0,2,9,7),(566,51,4,0,2,9,1),(567,51,5,0,2,9,1),(568,51,8,0,2,9,1),(569,52,8,0,1,1,1),(570,52,1,0,1,3,1),(571,52,4,0,1,3,1),(572,52,5,0,1,3,5),(573,52,7,0,1,3,1),(574,52,8,0,1,3,1),(575,52,5,0,1,4,1),(576,52,8,0,1,4,1),(577,52,1,0,1,5,3),(578,52,4,0,1,5,2),(579,52,5,0,1,5,7),(580,52,7,0,1,5,1),(581,52,8,0,1,5,1),(582,52,1,0,2,6,2),(583,52,2,0,2,6,2),(584,52,4,0,2,6,2),(585,52,5,0,2,6,3),(586,52,8,0,2,6,1),(587,52,4,0,2,7,1),(588,52,7,0,2,7,1),(589,52,1,0,2,8,1),(590,52,2,0,2,8,2),(591,52,5,0,2,8,2),(592,52,7,0,2,8,1),(593,52,8,0,2,8,1),(594,52,1,0,2,9,2),(595,52,2,0,2,9,13),(596,52,4,0,2,9,2),(597,52,5,0,2,9,2),(598,52,7,0,2,9,1),(599,52,8,0,2,9,1),(600,53,1,0,1,3,3),(601,53,5,0,1,3,4),(602,53,6,0,1,3,1),(603,53,7,0,1,3,1),(604,53,8,0,1,3,1),(605,53,5,0,1,4,1),(606,53,6,0,1,4,3),(607,53,7,0,1,4,1),(608,53,1,0,1,5,1),(609,53,5,0,1,5,4),(610,53,7,0,1,5,1),(611,53,8,0,1,5,1),(612,53,2,0,2,6,1),(613,53,5,0,2,6,1),(614,53,8,0,2,6,1),(615,53,2,0,2,7,1),(616,53,8,0,2,7,1),(617,53,1,0,2,9,1),(618,53,2,0,2,9,12),(619,53,4,0,2,9,4),(620,53,5,0,2,9,1),(621,53,7,0,2,9,1),(622,53,8,0,2,9,1),(623,54,1,0,1,1,1),(624,54,5,0,1,1,2),(625,54,2,0,1,3,2),(626,54,4,0,1,3,2),(627,54,1,0,1,5,4),(628,54,5,0,1,5,3),(629,54,8,0,1,5,1),(630,54,2,0,2,6,1),(631,54,5,0,2,6,1),(632,54,1,0,2,9,9),(633,54,2,0,2,9,10),(634,54,4,0,2,9,3),(635,54,8,0,2,9,1),(636,55,7,0,1,1,1),(637,55,4,0,1,4,2),(638,55,5,0,1,4,3),(639,55,6,0,1,4,2),(640,55,8,0,1,4,1),(641,55,1,0,1,5,4),(642,55,4,0,1,5,5),(643,55,5,0,1,5,2),(644,55,8,0,1,5,1),(645,55,1,0,2,9,9),(646,55,2,0,2,9,8),(647,55,5,0,2,9,1),(648,55,8,0,2,9,1),(649,56,5,0,1,1,2),(650,56,8,0,1,1,1),(651,56,5,0,1,3,5),(652,56,7,0,1,3,1),(653,56,8,0,1,3,1),(654,56,4,0,1,4,1),(655,56,5,0,1,4,9),(656,56,7,0,1,4,1),(657,56,8,0,1,4,1),(658,56,1,0,1,5,4),(659,56,5,0,1,5,10),(660,56,7,0,1,5,1),(661,56,8,0,1,5,1),(662,56,1,0,2,9,14),(663,56,2,0,2,9,2),(664,56,4,0,2,9,3),(665,56,8,0,2,9,1),(666,57,4,0,1,3,3),(667,57,8,0,1,3,1),(668,57,1,0,1,4,5),(669,57,1,0,1,5,3),(670,57,5,0,1,5,5),(671,57,6,0,1,5,2),(672,57,8,0,1,5,1),(673,57,5,0,2,6,3),(674,57,1,0,2,9,7),(675,57,5,0,2,9,5),(676,58,5,0,1,3,2),(677,58,8,0,1,3,1),(678,58,7,0,1,4,1),(679,58,8,0,1,4,1),(680,58,1,0,1,5,1),(681,58,5,0,1,5,4),(682,58,6,0,1,5,1),(683,58,7,0,1,5,1),(684,58,8,0,1,5,1),(685,58,1,0,2,6,2),(686,58,2,0,2,6,1),(687,58,5,0,2,6,1),(688,58,1,0,2,9,8),(689,58,2,0,2,9,3),(690,58,4,0,2,9,1),(691,58,5,0,2,9,1),(692,59,8,0,1,1,1),(693,59,8,0,1,3,1),(694,59,5,0,1,4,1),(695,59,8,0,1,4,1),(696,59,1,0,1,5,1),(697,59,8,0,1,5,1),(698,59,2,0,2,9,3),(699,59,7,0,2,9,1),(700,59,8,0,2,9,1),(701,60,1,0,1,4,8),(702,60,4,0,1,4,2),(703,60,8,0,1,4,1),(704,60,5,0,2,8,4),(705,60,5,0,2,9,2),(706,61,1,0,1,2,3),(707,61,4,0,1,2,2),(708,61,7,0,1,2,1),(709,61,8,0,1,2,1),(710,61,4,0,1,4,2),(711,61,5,0,1,4,6),(712,61,7,0,1,4,1),(713,61,8,0,1,4,1),(714,61,5,0,2,8,2),(715,61,8,0,2,8,1),(716,61,1,0,2,9,2),(717,61,8,0,2,9,1),(718,62,1,0,1,2,7),(719,62,5,0,1,2,1),(720,62,8,0,1,2,1),(721,62,1,0,1,4,1),(722,62,1,0,2,8,1),(723,62,3,0,2,8,1),(724,62,3,0,2,9,1),(725,62,5,0,2,9,2),(726,63,1,0,1,2,1),(727,63,4,0,1,2,1),(728,63,7,0,1,2,1),(729,63,1,0,1,4,1),(730,63,8,0,1,4,1),(731,63,1,0,2,6,3),(732,63,5,0,2,6,1),(733,63,8,0,2,6,1),(734,63,5,0,2,8,1),(735,63,6,0,2,8,1),(736,63,8,0,2,8,1),(737,63,3,0,2,9,1),(738,63,4,0,2,9,3),(739,63,5,0,2,9,6),(740,63,8,0,2,9,1),(741,64,5,0,1,2,1),(742,64,1,0,1,4,2),(743,64,5,0,1,4,2),(744,64,5,0,2,6,2),(745,64,7,0,2,6,1),(746,64,1,0,2,8,1),(747,64,3,0,2,8,1),(748,64,8,0,2,8,1),(749,64,3,0,2,9,1),(750,64,4,0,2,9,2),(751,64,5,0,2,9,3),(752,64,7,0,2,9,1),(753,65,8,0,1,1,1),(754,65,1,0,1,2,2),(755,65,8,0,1,2,1),(756,65,1,0,1,4,5),(757,65,8,0,1,4,1),(758,66,1,0,1,1,2),(759,66,1,0,1,2,6),(760,66,1,0,1,3,3),(761,66,1,0,1,4,4),(762,66,5,0,1,4,1),(763,66,8,0,1,4,1),(764,66,1,0,1,5,3),(765,66,8,0,1,5,1),(766,66,8,0,2,6,2),(767,66,3,0,2,8,1),(768,66,8,0,2,8,1),(769,66,1,0,2,9,2),(770,66,3,0,2,9,1),(771,66,8,0,2,9,1),(772,67,1,0,1,1,3),(773,67,8,0,1,1,1),(774,67,1,0,1,2,7),(775,67,8,0,1,2,2),(776,67,1,0,1,5,1),(777,67,3,0,2,8,1),(778,67,3,0,2,9,4),(779,67,4,0,2,9,1),(780,67,5,0,2,9,2),(781,68,5,0,1,1,1),(782,68,8,0,1,1,1),(783,68,1,0,1,2,12),(784,68,8,0,1,2,1),(785,68,1,0,1,3,2),(786,68,1,0,1,4,8),(787,68,6,0,1,4,1),(788,68,1,0,1,5,1),(789,68,8,0,1,5,1),(790,68,3,0,2,6,4),(791,68,8,0,2,6,1),(792,68,3,0,2,8,1),(793,68,5,0,2,8,1),(794,68,8,0,2,8,1),(795,68,3,0,2,9,1),(796,68,7,0,2,9,1),(797,69,1,0,1,1,1),(798,69,1,0,1,2,18),(799,69,7,0,1,2,1),(800,69,1,0,1,3,2),(801,69,7,0,1,3,1),(802,69,1,0,1,4,14),(803,69,1,0,1,5,9),(804,69,5,0,1,5,4),(805,69,8,0,1,5,1),(806,69,8,0,2,6,1),(807,69,1,0,2,8,1),(808,69,8,0,2,8,1),(809,69,8,0,2,9,1),(810,70,1,0,1,2,4),(811,70,8,0,1,3,1),(812,70,1,0,1,5,4),(813,70,8,0,1,5,1),(814,70,2,0,2,6,1),(815,70,2,0,2,9,1),(816,71,1,0,1,1,1),(817,71,8,0,1,1,1),(818,71,1,0,1,3,1),(819,71,8,0,1,4,1),(820,71,8,0,1,5,1),(821,72,7,0,1,1,1),(822,72,7,0,1,2,1),(823,72,7,0,1,3,1),(824,72,7,0,1,4,1),(825,72,8,0,1,4,1),(826,73,5,0,2,6,5),(827,73,8,0,2,6,1),(828,73,5,0,2,7,7),(829,73,6,0,2,7,2),(830,73,8,0,2,7,1),(831,73,1,0,2,8,1),(832,73,3,0,2,8,16),(833,73,5,0,2,8,13),(834,73,6,0,2,8,1),(835,74,5,0,1,2,4),(836,74,7,0,1,2,1),(837,74,8,0,1,2,1),(838,74,8,0,1,3,1),(839,74,3,0,2,6,29),(840,74,5,0,2,6,1),(841,74,7,0,2,6,1),(842,74,8,0,2,6,1),(843,74,3,0,2,7,15),(844,74,5,0,2,7,7),(845,74,8,0,2,7,1),(846,74,3,0,2,8,25),(847,74,5,0,2,8,7),(848,74,3,0,2,9,14),(849,74,5,0,2,9,16),(850,74,8,0,2,9,2),(851,75,5,0,1,2,4),(852,75,7,0,1,2,1),(853,75,8,0,1,2,1),(854,75,5,0,1,3,7),(855,75,8,0,1,3,2),(856,75,2,0,2,6,5),(857,75,3,0,2,6,5),(858,75,6,0,2,6,7),(859,75,8,0,2,6,1),(860,75,3,0,2,7,3),(861,75,6,0,2,7,1),(862,75,7,0,2,7,1),(863,75,8,0,2,7,2),(864,75,2,0,2,9,13),(865,75,3,0,2,9,28),(866,75,6,0,2,9,4),(867,76,1,0,1,2,33),(868,76,5,0,1,2,48),(869,76,8,0,1,2,1),(870,76,1,0,1,3,24),(871,76,5,0,1,3,25),(872,76,8,0,1,3,1),(873,76,1,0,1,5,32),(874,76,5,0,1,5,25),(875,76,8,0,1,5,1),(876,76,8,0,2,6,1),(877,76,3,0,2,7,1),(878,76,8,0,2,7,1),(879,76,5,0,2,8,1),(880,76,7,0,2,8,1),(881,76,3,0,2,9,33),(882,76,7,0,2,9,2),(883,77,1,0,1,2,29),(884,77,2,0,1,2,3),(885,77,5,0,1,2,18),(886,77,7,0,1,2,2),(887,77,1,0,1,3,29),(888,77,5,0,1,3,19),(889,77,7,0,1,3,3),(890,77,1,0,1,5,93),(891,77,4,0,1,5,8),(892,77,5,0,1,5,5),(893,77,6,0,1,5,1),(894,77,7,0,1,5,3),(895,77,2,0,2,6,2),(896,77,5,0,2,6,1),(897,77,8,0,2,6,1),(898,77,1,0,2,7,1),(899,77,2,0,2,9,6),(900,77,7,0,2,9,3),(901,78,5,0,1,2,102),(902,78,5,0,1,3,120),(903,78,1,0,1,5,25),(904,78,5,0,1,5,50),(905,78,5,0,2,6,16),(906,78,5,0,2,7,9),(907,78,1,0,2,9,25),(908,78,5,0,2,9,50),(909,79,5,0,1,1,1),(910,79,8,0,1,1,1),(911,79,5,0,1,2,1),(912,79,8,0,1,2,1),(913,79,5,0,1,4,3),(914,79,8,0,1,4,1),(915,80,5,0,1,1,1),(916,80,8,0,1,1,1),(917,80,7,0,1,2,1),(918,80,8,0,1,2,1),(919,80,7,0,1,3,1),(920,80,7,0,1,4,1),(921,80,8,0,1,4,1),(922,80,7,0,1,5,1),(923,80,8,0,1,5,1),(924,80,7,0,2,6,1),(925,80,3,0,2,7,1),(926,80,5,0,2,8,2),(927,80,7,0,2,8,1),(928,80,8,0,2,8,1),(929,81,8,0,1,1,1),(930,81,8,0,1,2,1),(931,81,8,0,1,3,1),(932,81,5,0,1,4,4),(933,81,3,0,1,5,1),(934,81,4,0,1,5,2),(935,81,5,0,1,5,1),(936,81,2,0,2,6,1),(937,81,7,0,2,6,1),(938,81,8,0,2,6,1),(939,81,6,0,2,7,1),(940,81,8,0,2,7,1),(941,81,3,0,2,8,2),(942,81,6,0,2,8,1),(943,82,4,0,1,1,1),(944,82,7,0,1,1,1),(945,82,8,0,1,1,1),(946,82,4,0,1,2,2),(947,82,5,0,1,2,1),(948,82,7,0,1,2,1),(949,82,8,0,1,2,1),(950,82,5,0,1,3,5),(951,82,8,0,1,3,1),(952,82,8,0,1,4,1),(953,82,3,0,1,5,2),(954,82,5,0,1,5,7),(955,82,7,0,1,5,1),(956,82,8,0,1,5,1),(957,82,3,0,2,6,1),(958,82,5,0,2,6,1),(959,82,6,0,2,6,1),(960,82,8,0,2,6,1),(961,82,3,0,2,7,4),(962,82,7,0,2,7,1),(963,82,8,0,2,7,1),(964,82,6,0,2,8,1),(965,82,7,0,2,8,1),(966,82,8,0,2,8,1),(967,82,2,0,2,9,1),(968,82,3,0,2,9,3),(969,82,5,0,2,9,1),(970,82,7,0,2,9,1),(971,82,8,0,2,9,1),(972,83,4,0,1,1,1),(973,83,8,0,1,1,1),(974,83,3,0,1,2,3),(975,83,4,0,1,2,3),(976,83,8,0,1,2,1),(977,83,4,0,1,3,2),(978,83,5,0,1,3,2),(979,83,3,0,1,4,1),(980,83,4,0,1,4,2),(981,83,5,0,1,4,1),(982,83,8,0,1,4,1),(983,83,4,0,1,5,4),(984,83,8,0,1,5,1),(985,83,2,0,2,6,1),(986,83,3,0,2,6,2),(987,83,4,0,2,6,4),(988,83,7,0,2,6,1),(989,83,8,0,2,6,1),(990,83,4,0,2,7,1),(991,83,5,0,2,7,3),(992,83,8,0,2,7,1),(993,83,5,0,2,8,3),(994,83,7,0,2,8,1),(995,83,8,0,2,8,1),(996,83,2,0,2,9,1),(997,83,3,0,2,9,3),(998,83,4,0,2,9,2),(999,83,5,0,2,9,2),(1000,83,6,0,2,9,1),(1001,83,7,0,2,9,1),(1002,83,8,0,2,9,1),(1003,84,5,0,1,1,2),(1004,84,8,0,1,1,1),(1005,84,5,0,1,2,11),(1006,84,5,0,1,3,6),(1007,84,6,0,1,3,1),(1008,84,5,0,1,4,2),(1009,84,7,0,1,4,1),(1010,84,8,0,1,4,1),(1011,84,5,0,1,5,5),(1012,84,7,0,1,5,1),(1013,84,8,0,1,5,1),(1014,84,3,0,2,6,2),(1015,84,5,0,2,7,1),(1016,84,3,0,2,8,3),(1017,84,4,0,2,8,1),(1018,84,5,0,2,8,2),(1019,84,2,0,2,9,2),(1020,84,3,0,2,9,2),(1021,84,4,0,2,9,1),(1022,84,5,0,2,9,3),(1023,84,8,0,2,9,1),(1024,85,5,0,1,1,5),(1025,85,7,0,1,1,1),(1026,85,5,0,1,2,12),(1027,85,8,0,1,2,1),(1028,85,5,0,1,3,7),(1029,85,4,0,1,4,1),(1030,85,5,0,1,4,7),(1031,85,8,0,1,4,1),(1032,85,5,0,1,5,6),(1033,85,6,0,1,5,1),(1034,85,2,0,2,6,3),(1035,85,6,0,2,6,1),(1036,85,7,0,2,6,1),(1037,85,6,0,2,7,1),(1038,85,6,0,2,8,1),(1039,85,2,0,2,9,3),(1040,85,5,0,2,9,3),(1041,85,6,0,2,9,2),(1042,86,8,0,1,1,1),(1043,86,3,0,1,2,1),(1044,86,4,0,1,2,12),(1045,86,5,0,1,2,9),(1046,86,7,0,1,2,1),(1047,86,8,0,1,2,1),(1048,86,5,0,1,3,1),(1049,86,5,0,1,4,7),(1050,86,7,0,1,4,1),(1051,86,4,0,1,5,7),(1052,86,5,0,1,5,8),(1053,86,8,0,1,5,1),(1054,86,2,0,2,6,3),(1055,86,4,0,2,6,1),(1056,86,5,0,2,6,3),(1057,86,6,0,2,6,1),(1058,86,7,0,2,6,1),(1059,86,8,0,2,6,1),(1060,86,8,0,2,7,1),(1061,86,4,0,2,8,1),(1062,86,2,0,2,9,1),(1063,86,4,0,2,9,4),(1064,86,5,0,2,9,5),(1065,86,6,0,2,9,1),(1066,86,7,0,2,9,1),(1067,87,7,0,1,1,2),(1068,87,4,0,1,2,3),(1069,87,7,0,2,7,1),(1070,87,2,0,2,9,3),(1071,87,3,0,2,9,8),(1072,87,4,0,2,9,3),(1073,88,5,0,1,1,3),(1074,88,4,0,1,2,1),(1075,88,5,0,1,2,5),(1076,88,7,0,1,2,1),(1077,88,8,0,1,2,1),(1078,88,5,0,1,3,1),(1079,88,5,0,1,4,6),(1080,88,8,0,1,4,1),(1081,88,5,0,1,5,4),(1082,88,7,0,1,5,2),(1083,88,2,0,2,6,2),(1084,88,5,0,2,6,2),(1085,88,7,0,2,7,1),(1086,88,8,0,2,7,1),(1087,88,2,0,2,9,3),(1088,88,5,0,2,9,1),(1089,89,3,0,1,1,1),(1090,89,7,0,1,1,2),(1091,89,4,0,1,2,1),(1092,89,7,0,1,2,2),(1093,89,3,0,1,3,1),(1094,89,5,0,1,3,2),(1095,89,7,0,1,3,1),(1096,89,8,0,1,3,1),(1097,89,3,0,1,4,2),(1098,89,5,0,1,4,5),(1099,89,8,0,1,4,1),(1100,89,5,0,1,5,2),(1101,89,7,0,1,5,2),(1102,89,2,0,2,6,1),(1103,89,3,0,2,6,1),(1104,89,5,0,2,6,2),(1105,89,2,0,2,9,1),(1106,89,3,0,2,9,1),(1107,89,5,0,2,9,3),(1108,89,8,0,2,9,1),(1109,90,5,0,1,1,2),(1110,90,5,0,1,2,4),(1111,90,8,0,1,2,1),(1112,90,5,0,1,3,5),(1113,90,5,0,1,4,5),(1114,90,4,0,1,5,3),(1115,90,5,0,1,5,5),(1116,90,2,0,2,9,2),(1117,91,8,0,1,1,1),(1118,91,7,0,1,2,1),(1119,91,8,0,1,2,1),(1120,91,4,0,1,3,1),(1121,91,5,0,1,3,5),(1122,91,7,0,1,3,1),(1123,91,8,0,1,3,1),(1124,91,4,0,1,4,1),(1125,91,5,0,1,4,2),(1126,91,7,0,1,4,1),(1127,91,8,0,1,4,1),(1128,91,5,0,1,5,3),(1129,91,7,0,1,5,1),(1130,91,8,0,1,5,1),(1131,91,1,0,2,9,1),(1132,91,2,0,2,9,2),(1133,92,4,0,1,1,3),(1134,92,5,0,1,1,3),(1135,92,7,0,1,1,1),(1136,92,8,0,1,1,1),(1137,92,7,0,1,2,1),(1138,92,8,0,1,2,1),(1139,92,7,0,1,3,1),(1140,92,8,0,1,3,1),(1141,92,7,0,1,4,1),(1142,92,8,0,1,4,1),(1143,92,1,0,1,5,10),(1144,92,4,0,1,5,3),(1145,92,5,0,1,5,3),(1146,92,7,0,1,5,1),(1147,92,8,0,1,5,1),(1148,92,7,0,2,6,1),(1149,92,8,0,2,6,1),(1150,92,7,0,2,7,1),(1151,92,8,0,2,7,1),(1152,92,7,0,2,8,1),(1153,92,8,0,2,8,1),(1154,92,7,0,2,9,1),(1155,92,8,0,2,9,1),(1156,93,8,0,1,4,1),(1157,93,5,0,1,5,3),(1158,95,8,0,2,6,1),(1159,96,4,0,1,1,2),(1160,96,8,0,1,1,1),(1161,96,4,0,1,2,3),(1162,96,4,0,1,3,1),(1163,96,8,0,1,3,1),(1164,96,4,0,2,6,1),(1165,96,8,0,2,6,1),(1166,96,4,0,2,7,1),(1167,96,5,0,2,7,1),(1168,96,8,0,2,8,1),(1169,96,4,0,2,9,2),(1170,96,6,0,2,9,1),(1171,96,8,0,2,9,1),(1172,97,7,0,1,1,1),(1173,97,8,0,1,1,1),(1174,97,4,0,1,2,1),(1175,97,5,0,1,2,1),(1176,97,7,0,1,2,1),(1177,97,8,0,1,2,1),(1178,97,5,0,1,3,1),(1179,97,8,0,1,3,1),(1180,97,1,0,1,4,1),(1181,97,5,0,2,6,2),(1182,97,6,0,2,6,1),(1183,97,1,0,2,7,1),(1184,97,4,0,2,7,2),(1185,97,7,0,2,7,1),(1186,97,8,0,2,7,1),(1187,97,5,0,2,8,1),(1188,97,7,0,2,8,1),(1189,97,8,0,2,8,1),(1190,97,1,0,2,9,1),(1191,97,3,0,2,9,1),(1192,97,4,0,2,9,1),(1193,97,6,0,2,9,2),(1194,97,8,0,2,9,1),(1195,98,7,0,1,1,1),(1196,98,6,0,1,2,1),(1197,98,7,0,1,2,1),(1198,98,7,0,1,3,1),(1199,98,8,0,1,3,1),(1200,98,7,0,1,5,1),(1201,98,2,0,2,6,1),(1202,98,7,0,2,6,1),(1203,98,8,0,2,6,1),(1204,98,2,0,2,7,1),(1205,98,7,0,2,7,1),(1206,98,6,0,2,8,1),(1207,98,7,0,2,8,1),(1208,98,8,0,2,8,1),(1209,98,1,0,2,9,4),(1210,98,2,0,2,9,5),(1211,98,7,0,2,9,1),(1212,99,4,0,1,1,2),(1213,99,4,0,1,2,6),(1214,99,5,0,1,2,7),(1215,99,6,0,1,2,1),(1216,99,7,0,1,2,1),(1217,99,8,0,1,2,1),(1218,99,1,0,1,3,1),(1219,99,5,0,1,3,7),(1220,99,6,0,1,3,1),(1221,99,4,0,1,4,1),(1222,99,4,0,1,5,2),(1223,99,5,0,1,5,2),(1224,99,8,0,1,5,1),(1225,99,1,0,2,6,2),(1226,99,3,0,2,6,2),(1227,99,4,0,2,6,4),(1228,99,5,0,2,6,6),(1229,99,8,0,2,6,1),(1230,99,4,0,2,7,2),(1231,99,6,0,2,7,1),(1232,99,3,0,2,8,1),(1233,99,6,0,2,8,1),(1234,99,7,0,2,8,1),(1235,99,1,0,2,9,3),(1236,99,2,0,2,9,6),(1237,99,4,0,2,9,4),(1238,99,6,0,2,9,1),(1239,99,7,0,2,9,1),(1240,100,1,0,1,1,3),(1241,100,4,0,1,1,20),(1242,100,6,0,1,1,1),(1243,100,5,0,1,2,1),(1244,100,7,0,1,2,1),(1245,100,1,0,1,3,2),(1246,100,2,0,1,3,3),(1247,100,4,0,1,3,8),(1248,100,8,0,1,4,1),(1249,100,1,0,1,5,1),(1250,100,2,0,1,5,1),(1251,100,4,0,1,5,5),(1252,100,5,0,1,5,5),(1253,100,7,0,1,5,1),(1254,100,1,0,2,6,5),(1255,100,2,0,2,6,5),(1256,100,7,0,2,6,1),(1257,100,8,0,2,6,1),(1258,100,2,0,2,7,3),(1259,100,2,0,2,8,3),(1260,100,5,0,2,8,1),(1261,100,8,0,2,8,1),(1262,100,1,0,2,9,3),(1263,100,2,0,2,9,8),(1264,100,7,0,2,9,1),(1265,100,8,0,2,9,1),(1266,101,8,0,1,3,1),(1267,101,2,0,2,6,5),(1268,101,3,0,2,6,4),(1269,101,4,0,2,6,1),(1270,101,1,0,2,9,3),(1271,101,2,0,2,9,3),(1272,101,3,0,2,9,1),(1273,101,4,0,2,9,2),(1274,102,8,0,1,2,1),(1275,102,8,0,1,3,1),(1276,102,4,0,1,5,1),(1277,102,5,0,2,6,2),(1278,102,1,0,2,8,1),(1279,102,5,0,2,8,1),(1280,102,1,0,2,9,1),(1281,102,2,0,2,9,4),(1282,102,5,0,2,9,1),(1283,102,8,0,2,9,1),(1284,103,8,0,1,1,1),(1285,104,5,0,1,1,2),(1286,105,5,0,1,1,1),(1287,105,7,0,1,1,1),(1288,105,7,0,2,6,1),(1289,105,2,0,2,7,2),(1290,105,8,0,2,7,1),(1291,105,7,0,2,8,1),(1292,105,2,0,2,9,3),(1293,105,7,0,2,9,2),(1294,106,5,0,1,1,1),(1295,106,7,0,1,1,1),(1296,106,8,0,1,1,1),(1297,106,7,0,1,5,1),(1298,106,2,0,2,6,2),(1299,106,7,0,2,6,1),(1300,106,8,0,2,6,1),(1301,106,2,0,2,8,1),(1302,106,6,0,2,8,1),(1303,106,7,0,2,8,1),(1304,106,2,0,2,9,4),(1305,106,6,0,2,9,1),(1306,106,7,0,2,9,1),(1307,107,8,0,1,1,1),(1308,107,5,0,1,4,3),(1309,107,7,0,1,5,1),(1310,107,8,0,1,5,1),(1311,107,2,0,2,6,2),(1312,107,7,0,2,6,1),(1313,107,2,0,2,7,1),(1314,107,7,0,2,7,1),(1315,107,7,0,2,8,1),(1316,107,1,0,2,9,1),(1317,107,2,0,2,9,2),(1318,107,3,0,2,9,1),(1319,107,7,0,2,9,1),(1320,108,8,0,1,1,1),(1321,108,5,0,1,4,2),(1322,108,8,0,1,4,1),(1323,108,4,0,2,6,1),(1324,108,3,0,2,7,1),(1325,108,5,0,2,7,1),(1326,108,8,0,2,7,1),(1327,108,4,0,2,8,3),(1328,108,8,0,2,8,1),(1329,108,4,0,2,9,1),(1330,108,5,0,2,9,1),(1331,108,8,0,2,9,1),(1332,109,1,0,1,1,1),(1333,109,5,0,1,1,2),(1334,109,3,0,1,4,1),(1335,109,5,0,1,4,3),(1336,109,5,0,1,5,2),(1337,109,8,0,1,5,1),(1338,109,1,0,2,6,1),(1339,109,5,0,2,6,4),(1340,109,1,0,2,8,1),(1341,109,5,0,2,8,2),(1342,109,7,0,2,8,1),(1343,109,1,0,2,9,1),(1344,109,3,0,2,9,2),(1345,109,5,0,2,9,4),(1346,109,8,0,2,9,1),(1347,110,5,0,1,1,2),(1348,110,7,0,1,1,1),(1349,110,8,0,1,1,1),(1350,110,5,0,1,4,2),(1351,110,3,0,1,5,1),(1352,110,5,0,1,5,3),(1353,110,1,0,2,6,3),(1354,110,5,0,2,6,2),(1355,110,8,0,2,6,1),(1356,110,3,0,2,7,1),(1357,110,5,0,2,7,1),(1358,110,1,0,2,8,3),(1359,110,5,0,2,8,3),(1360,110,1,0,2,9,1),(1361,110,3,0,2,9,3),(1362,110,5,0,2,9,3),(1363,111,1,0,1,1,1),(1364,111,5,0,1,1,1),(1365,111,5,0,1,4,1),(1366,111,1,0,1,5,1),(1367,111,5,0,1,5,2),(1368,111,1,0,2,6,1),(1369,111,5,0,2,6,2),(1370,111,8,0,2,6,1),(1371,111,1,0,2,9,2),(1372,112,1,0,1,1,1),(1373,112,5,0,1,1,1),(1374,112,1,0,1,4,2),(1375,112,5,0,1,4,3),(1376,112,5,0,1,5,1),(1377,112,7,0,1,5,1),(1378,112,8,0,1,5,1),(1379,112,1,0,2,6,1),(1380,112,5,0,2,6,5),(1381,112,8,0,2,6,1),(1382,112,5,0,2,7,1),(1383,112,8,0,2,7,1),(1384,112,1,0,2,8,1),(1385,112,1,0,2,9,3),(1386,112,5,0,2,9,3),(1387,112,8,0,2,9,1),(1388,113,5,0,1,1,1),(1389,113,1,0,1,4,1),(1390,113,4,0,1,5,2),(1391,113,1,0,2,6,3),(1392,113,5,0,2,6,1),(1393,113,7,0,2,6,1),(1394,113,8,0,2,6,1),(1395,113,1,0,2,7,2),(1396,113,1,0,2,8,1),(1397,113,5,0,2,8,1),(1398,113,1,0,2,9,3),(1399,114,1,0,1,1,1),(1400,114,5,0,1,1,1),(1401,114,5,0,1,4,1),(1402,114,1,0,1,5,1),(1403,114,5,0,1,5,2),(1404,114,1,0,2,6,1),(1405,114,5,0,2,6,1),(1406,114,1,0,2,8,1),(1407,114,1,0,2,9,1),(1408,114,5,0,2,9,1),(1409,115,5,0,1,1,1),(1410,115,7,0,1,5,1),(1411,115,5,0,2,6,2),(1412,115,8,0,2,6,1),(1413,115,5,0,2,9,1),(1414,115,8,0,2,9,1),(1415,116,1,0,1,1,1),(1416,116,5,0,1,1,1),(1417,116,6,0,1,4,1),(1418,116,1,0,1,5,1),(1419,116,5,0,1,5,1),(1420,116,1,0,2,6,1),(1421,116,5,0,2,6,1),(1422,116,1,0,2,7,1),(1423,116,1,0,2,9,1),(1424,116,6,0,2,9,1),(1425,117,5,0,1,1,2),(1426,117,5,0,1,4,1),(1427,117,5,0,1,5,2),(1428,117,5,0,2,6,1),(1429,118,5,0,1,1,2),(1430,118,5,0,1,4,1),(1431,118,5,0,1,5,2),(1432,118,5,0,2,6,2),(1433,119,8,0,1,4,1),(1434,119,8,0,1,5,1),(1435,120,7,0,1,1,1),(1436,120,8,0,1,1,1),(1437,120,7,0,1,4,1),(1438,120,8,0,1,4,1),(1439,120,7,0,1,5,1),(1440,120,8,0,2,6,1),(1441,121,8,0,1,4,1),(1442,122,5,0,1,1,2),(1443,122,5,0,1,3,1),(1444,122,5,0,1,4,3),(1445,122,8,0,1,4,1),(1446,122,5,0,2,6,1),(1447,122,3,0,2,8,1),(1448,122,5,0,2,8,5),(1449,122,6,0,2,8,3),(1450,122,8,0,2,8,1),(1451,123,5,0,1,1,2),(1452,123,1,0,1,3,1),(1453,123,5,0,1,3,1),(1454,123,8,0,1,3,1),(1455,123,5,0,1,4,4),(1456,123,1,0,2,6,7),(1457,123,2,0,2,6,2),(1458,123,3,0,2,6,4),(1459,123,4,0,2,6,1),(1460,123,5,0,2,6,4),(1461,123,6,0,2,6,1),(1462,123,8,0,2,6,1),(1463,123,5,0,2,7,1),(1464,123,1,0,2,8,1),(1465,123,5,0,2,8,2),(1466,123,8,0,2,8,1),(1467,123,1,0,2,9,3),(1468,123,3,0,2,9,1),(1469,123,5,0,2,9,2),(1470,123,8,0,2,9,1),(1471,124,4,0,1,1,3),(1472,124,5,0,1,3,3),(1473,124,4,0,1,4,1),(1474,124,5,0,1,4,3),(1475,124,8,0,1,4,1),(1476,124,1,0,2,6,6),(1477,124,2,0,2,6,2),(1478,124,4,0,2,6,1),(1479,124,5,0,2,6,1),(1480,124,1,0,2,8,2),(1481,124,2,0,2,8,1),(1482,124,3,0,2,8,2),(1483,124,5,0,2,8,1),(1484,124,1,0,2,9,21),(1485,124,2,0,2,9,1),(1486,124,4,0,2,9,1),(1487,124,5,0,2,9,3),(1488,125,5,0,1,1,1),(1489,125,1,0,1,3,2),(1490,125,5,0,1,3,1),(1491,125,1,0,1,4,2),(1492,125,5,0,1,4,3),(1493,125,2,0,2,6,1),(1494,125,5,0,2,6,2),(1495,125,8,0,2,6,1),(1496,125,1,0,2,8,1),(1497,125,2,0,2,8,1),(1498,125,5,0,2,8,1),(1499,125,1,0,2,9,10),(1500,125,2,0,2,9,2),(1501,125,5,0,2,9,2),(1502,126,5,0,1,1,1),(1503,126,5,0,1,3,3),(1504,126,6,0,1,3,1),(1505,126,8,0,1,3,1),(1506,126,5,0,1,4,2),(1507,126,4,0,2,6,1),(1508,126,5,0,2,6,1),(1509,126,5,0,2,8,1),(1510,126,7,0,2,8,1),(1511,126,8,0,2,8,1),(1512,126,1,0,2,9,4),(1513,126,2,0,2,9,2),(1514,127,5,0,1,1,3),(1515,127,5,0,1,3,6),(1516,127,6,0,1,3,1),(1517,127,5,0,1,4,7),(1518,127,1,0,2,9,2),(1519,127,2,0,2,9,1),(1520,127,4,0,2,9,1),(1521,127,5,0,2,9,1),(1522,127,8,0,2,9,1),(1523,128,5,0,1,1,2),(1524,128,7,0,1,1,1),(1525,128,1,0,1,3,3),(1526,128,5,0,1,3,5),(1527,128,6,0,1,3,1),(1528,128,8,0,1,3,1),(1529,128,1,0,1,4,2),(1530,128,5,0,1,4,4),(1531,128,8,0,1,4,1),(1532,128,5,0,2,6,1),(1533,128,2,0,2,9,3),(1534,128,5,0,2,9,1),(1535,128,8,0,2,9,1),(1536,129,4,0,1,1,1),(1537,129,5,0,1,1,3),(1538,129,8,0,1,1,1),(1539,129,5,0,1,3,20),(1540,129,5,0,1,4,4),(1541,129,3,0,2,6,1),(1542,129,8,0,2,6,1),(1543,129,2,0,2,9,1),(1544,129,3,0,2,9,1),(1545,130,4,0,1,1,1),(1546,130,5,0,1,1,4),(1547,130,6,0,1,1,1),(1548,130,8,0,1,1,1),(1549,130,5,0,1,3,32),(1550,130,6,0,1,3,1),(1551,130,5,0,1,4,4),(1552,130,6,0,1,4,1),(1553,130,8,0,1,4,1),(1554,130,2,0,2,6,2),(1555,130,8,0,2,6,1),(1556,130,1,0,2,9,1),(1557,130,8,0,2,9,1),(1558,131,4,0,1,1,2),(1559,131,5,0,1,1,2),(1560,131,6,0,1,1,2),(1561,131,4,0,1,3,1),(1562,131,5,0,1,3,6),(1563,131,6,0,1,3,2),(1564,131,4,0,1,4,1),(1565,131,5,0,1,4,7),(1566,131,6,0,1,4,1),(1567,131,2,0,2,9,1),(1568,131,7,0,2,9,1),(1569,132,5,0,1,1,7),(1570,132,6,0,1,1,1),(1571,132,8,0,1,1,1),(1572,132,5,0,1,3,8),(1573,132,6,0,1,3,2),(1574,132,7,0,1,3,1),(1575,132,4,0,1,4,1),(1576,132,5,0,1,4,4),(1577,132,6,0,1,4,4),(1578,133,8,0,1,3,1),(1579,133,8,0,1,4,1),(1580,134,5,0,1,1,1),(1581,134,5,0,1,4,1),(1582,135,1,0,1,4,2),(1583,135,5,0,1,4,2),(1584,135,5,0,1,5,1),(1585,136,5,0,1,2,2),(1586,136,3,0,1,4,1),(1587,136,5,0,1,5,3),(1588,136,3,0,2,6,1),(1589,136,5,0,2,8,1),(1590,137,3,0,1,1,1),(1591,137,7,0,1,1,1),(1592,137,8,0,1,1,1),(1593,137,7,0,1,2,1),(1594,137,7,0,1,3,1),(1595,137,7,0,1,4,2),(1596,137,7,0,1,5,1),(1597,137,3,0,2,6,3),(1598,137,3,0,2,7,1),(1599,137,7,0,2,7,1),(1600,137,3,0,2,8,1),(1601,137,3,0,2,9,1),(1602,138,5,0,1,2,1),(1603,138,7,0,1,2,1),(1604,138,3,0,1,3,1),(1605,138,5,0,1,3,3),(1606,138,7,0,1,4,1),(1607,138,2,0,1,5,1),(1608,138,8,0,1,5,1),(1609,138,8,0,2,7,1),(1610,138,1,0,2,8,4),(1611,138,3,0,2,9,1),(1612,139,1,0,1,2,3),(1613,139,5,0,1,2,4),(1614,139,8,0,1,2,1),(1615,139,1,0,1,3,6),(1616,139,5,0,1,3,2),(1617,139,8,0,1,3,1),(1618,139,1,0,1,4,2),(1619,139,5,0,1,4,2),(1620,139,1,0,1,5,4),(1621,139,5,0,1,5,8),(1622,139,8,0,1,5,1),(1623,139,1,0,2,6,6),(1624,139,5,0,2,6,6),(1625,139,8,0,2,6,1),(1626,139,1,0,2,8,4),(1627,139,5,0,2,8,8),(1628,139,8,0,2,8,1),(1629,139,1,0,2,9,10),(1630,139,5,0,2,9,5),(1631,139,7,0,2,9,2),(1632,140,2,0,1,1,1),(1633,140,2,0,1,2,3),(1634,140,8,0,1,2,1),(1635,140,1,0,1,3,1),(1636,140,8,0,1,3,1),(1637,140,2,0,1,4,2),(1638,140,8,0,1,4,1),(1639,140,1,0,2,8,2),(1640,140,1,0,2,9,1),(1641,141,5,0,1,1,3),(1642,141,5,0,1,2,5),(1643,141,7,0,1,2,1),(1644,141,8,0,1,2,1),(1645,141,5,0,1,3,7),(1646,141,1,0,1,4,2),(1647,141,5,0,1,4,5),(1648,141,8,0,1,4,1),(1649,141,5,0,1,5,6),(1650,141,8,0,1,5,1),(1651,141,8,0,2,7,1),(1652,141,1,0,2,8,1),(1653,141,5,0,2,8,2),(1654,141,8,0,2,8,1),(1655,142,1,0,1,1,3),(1656,142,4,0,1,1,5),(1657,142,5,0,1,1,33),(1658,142,8,0,1,1,1),(1659,142,5,0,1,2,9),(1660,142,5,0,1,3,11),(1661,142,8,0,1,3,1),(1662,142,5,0,1,4,8),(1663,142,8,0,1,4,1),(1664,142,1,0,1,5,3),(1665,142,4,0,1,5,5),(1666,142,5,0,1,5,5),(1667,142,8,0,1,5,1),(1668,142,1,0,2,8,2),(1669,142,1,0,2,9,2),(1670,142,5,0,2,9,2),(1671,143,1,0,1,2,1),(1672,143,5,0,1,2,8),(1673,143,8,0,1,2,1),(1674,143,1,0,1,3,1),(1675,143,5,0,1,3,10),(1676,143,8,0,1,3,1),(1677,143,1,0,1,4,2),(1678,143,5,0,1,5,10),(1679,143,8,0,1,5,1),(1680,143,1,0,2,7,2),(1681,143,3,0,2,7,1),(1682,143,3,0,2,8,1),(1683,143,6,0,2,8,2),(1684,143,1,0,2,9,2),(1685,143,3,0,2,9,1),(1686,143,6,0,2,9,2),(1687,144,4,0,1,1,4),(1688,144,5,0,1,1,5),(1689,144,8,0,1,1,1),(1690,144,5,0,1,2,3),(1691,144,8,0,1,2,1),(1692,144,5,0,1,3,3),(1693,144,7,0,1,3,1),(1694,144,8,0,1,3,1),(1695,144,6,0,1,4,2),(1696,144,8,0,1,4,1),(1697,144,5,0,1,5,1),(1698,144,7,0,1,5,1),(1699,144,8,0,1,5,1),(1700,144,8,0,2,6,1),(1701,144,8,0,2,7,1),(1702,144,1,0,2,8,1),(1703,144,3,0,2,8,1),(1704,144,8,0,2,8,1),(1705,144,3,0,2,9,1),(1706,144,8,0,2,9,1),(1707,145,2,0,1,1,1),(1708,145,4,0,1,1,3),(1709,145,5,0,1,1,4),(1710,145,4,0,1,2,3),(1711,145,5,0,1,2,4),(1712,145,4,0,1,3,2),(1713,145,5,0,1,4,3),(1714,145,4,0,1,5,2),(1715,145,5,0,1,5,3),(1716,145,3,0,2,7,1),(1717,146,5,0,1,2,1),(1718,146,5,0,1,3,1),(1719,146,7,0,1,3,1),(1720,147,5,0,1,1,2),(1721,147,7,0,1,1,1),(1722,147,7,0,1,2,1),(1723,147,7,0,1,3,1),(1724,147,8,0,1,3,1),(1725,147,1,0,1,4,1),(1726,147,5,0,1,4,1),(1727,147,7,0,1,4,1),(1728,147,8,0,1,4,1),(1729,147,7,0,1,5,1),(1730,147,8,0,1,5,1),(1731,148,5,0,1,1,1),(1732,148,8,0,1,1,1),(1733,148,7,0,1,3,1),(1734,148,8,0,1,3,1),(1735,148,5,0,1,5,3),(1736,148,8,0,1,5,1),(1737,148,3,0,2,8,1),(1738,148,5,0,2,8,1),(1739,148,7,0,2,8,1),(1740,149,1,0,1,1,1),(1741,149,8,0,1,1,1),(1742,149,5,0,1,2,1),(1743,149,6,0,1,2,2),(1744,149,1,0,1,3,4),(1745,149,6,0,2,7,1),(1746,149,3,0,2,8,2),(1747,149,5,0,2,8,4),(1748,150,1,0,1,1,1),(1749,150,1,0,1,2,2),(1750,150,1,0,1,3,3),(1751,150,8,0,1,3,1),(1752,150,8,0,1,4,1),(1753,150,1,0,1,5,1),(1754,150,3,0,2,7,1),(1755,150,8,0,2,7,1),(1756,150,3,0,2,8,1),(1757,150,8,0,2,8,1),(1758,151,1,0,1,1,2),(1759,151,1,0,1,2,8),(1760,151,3,0,1,2,2),(1761,151,1,0,1,3,8),(1762,151,3,0,1,3,1),(1763,151,1,0,1,4,8),(1764,151,3,0,1,4,1),(1765,151,1,0,1,5,1),(1766,151,1,0,2,6,3),(1767,151,2,0,2,6,2),(1768,151,3,0,2,6,1),(1769,151,1,0,2,7,5),(1770,151,1,0,2,8,10),(1771,151,2,0,2,8,1),(1772,151,3,0,2,8,1),(1773,151,1,0,2,9,3),(1774,151,3,0,2,9,2),(1775,152,1,0,1,1,21),(1776,152,7,0,1,1,2),(1777,152,1,0,1,2,5),(1778,152,5,0,1,2,2),(1779,152,6,0,1,2,1),(1780,152,7,0,1,2,1),(1781,152,1,0,1,3,13),(1782,152,2,0,1,3,1),(1783,152,5,0,1,3,4),(1784,152,6,0,1,3,3),(1785,152,7,0,1,3,1),(1786,152,1,0,1,4,5),(1787,152,7,0,1,4,1),(1788,152,1,0,1,5,9),(1789,152,5,0,1,5,6),(1790,152,6,0,1,5,1),(1791,152,1,0,2,6,6),(1792,152,7,0,2,6,1),(1793,152,1,0,2,7,5),(1794,152,3,0,2,7,2),(1795,152,5,0,2,7,1),(1796,152,6,0,2,7,1),(1797,152,7,0,2,7,1),(1798,152,1,0,2,8,1),(1799,152,7,0,2,8,1),(1800,152,1,0,2,9,6),(1801,152,3,0,2,9,2),(1802,152,7,0,2,9,1),(1803,153,7,0,1,1,1),(1804,153,1,0,1,2,6),(1805,153,5,0,1,2,10),(1806,153,7,0,1,2,2),(1807,153,8,0,1,2,1),(1808,153,1,0,1,3,5),(1809,153,5,0,1,3,2),(1810,153,6,0,1,3,3),(1811,153,7,0,1,3,1),(1812,153,8,0,1,3,1),(1813,153,6,0,1,4,3),(1814,153,7,0,1,4,1),(1815,153,1,0,1,5,2),(1816,153,5,0,1,5,6),(1817,153,7,0,1,5,2),(1818,153,8,0,2,6,1),(1819,153,8,0,2,7,1),(1820,153,8,0,2,8,1),(1821,153,1,0,2,9,1),(1822,153,7,0,2,9,1),(1823,153,8,0,2,9,1),(1824,154,7,0,1,1,1),(1825,154,1,0,1,2,5),(1826,154,6,0,1,2,1),(1827,154,7,0,1,2,2),(1828,154,8,0,1,2,1),(1829,154,2,0,1,3,1),(1830,154,7,0,1,3,1),(1831,154,1,0,1,4,2),(1832,154,7,0,1,4,1),(1833,154,8,0,1,4,1),(1834,154,1,0,1,5,5),(1835,154,6,0,1,5,1),(1836,154,7,0,1,5,1),(1837,155,7,0,1,1,1),(1838,155,1,0,1,2,10),(1839,155,6,0,1,2,5),(1840,155,7,0,1,2,1),(1841,155,1,0,1,3,2),(1842,155,5,0,1,3,3),(1843,155,7,0,1,3,1),(1844,155,1,0,1,4,5),(1845,155,7,0,1,4,1),(1846,155,1,0,1,5,9),(1847,155,6,0,1,5,2),(1848,155,7,0,1,5,1),(1849,155,8,0,1,5,1),(1850,156,5,0,1,2,10),(1851,156,1,0,1,3,5),(1852,156,4,0,1,3,4),(1853,156,5,0,1,3,3),(1854,156,6,0,1,3,1),(1855,156,7,0,1,3,1),(1856,156,8,0,1,3,1),(1857,156,5,0,1,4,5),(1858,156,6,0,1,4,2),(1859,156,7,0,1,4,1),(1860,156,1,0,1,5,5),(1861,156,4,0,1,5,2),(1862,156,5,0,1,5,3),(1863,156,6,0,1,5,1),(1864,156,7,0,1,5,1),(1865,156,8,0,1,5,1),(1866,159,1,0,1,3,1),(1867,159,4,0,1,3,1),(1868,159,8,0,1,3,3),(1869,159,4,0,2,8,2),(1870,159,6,0,2,8,3),(1871,159,8,0,2,8,3),(1872,159,4,0,2,9,1),(1873,159,5,0,2,9,1),(1874,159,8,0,2,9,3),(1875,160,4,0,1,3,5),(1876,160,5,0,1,3,2),(1877,160,7,0,1,3,1),(1878,160,8,0,1,3,2),(1879,160,5,0,1,4,1),(1880,160,1,0,1,5,2),(1881,160,4,0,1,5,1),(1882,160,7,0,1,5,1),(1883,160,3,0,2,6,1),(1884,160,6,0,2,6,1),(1885,160,7,0,2,6,1),(1886,160,8,0,2,6,1),(1887,160,1,0,2,7,1),(1888,160,3,0,2,7,1),(1889,160,4,0,2,7,1),(1890,160,6,0,2,7,3),(1891,160,7,0,2,7,1),(1892,160,8,0,2,7,1),(1893,160,1,0,2,8,1),(1894,160,3,0,2,8,1),(1895,160,5,0,2,8,1),(1896,160,6,0,2,8,5),(1897,160,7,0,2,8,1),(1898,160,8,0,2,8,2),(1899,160,3,0,2,9,4),(1900,160,4,0,2,9,2),(1901,160,5,0,2,9,1),(1902,160,7,0,2,9,1),(1903,160,8,0,2,9,1),(1904,161,1,0,1,3,4),(1905,161,4,0,1,3,2),(1906,161,5,0,1,3,2),(1907,161,6,0,1,3,1),(1908,161,7,0,1,3,2),(1909,161,8,0,1,3,1),(1910,161,7,0,1,4,1),(1911,161,4,0,1,5,4),(1912,161,5,0,1,5,4),(1913,161,7,0,1,5,2),(1914,161,8,0,1,5,1),(1915,161,1,0,2,6,2),(1916,161,2,0,2,6,3),(1917,161,3,0,2,6,2),(1918,161,5,0,2,6,4),(1919,161,7,0,2,6,1),(1920,161,8,0,2,6,1),(1921,161,2,0,2,7,3),(1922,161,3,0,2,7,1),(1923,161,5,0,2,7,3),(1924,161,7,0,2,7,1),(1925,161,8,0,2,7,1),(1926,161,1,0,2,8,2),(1927,161,2,0,2,8,2),(1928,161,4,0,2,8,2),(1929,161,5,0,2,8,1),(1930,161,7,0,2,8,3),(1931,161,8,0,2,8,1),(1932,161,1,0,2,9,13),(1933,161,2,0,2,9,6),(1934,161,4,0,2,9,3),(1935,161,5,0,2,9,6),(1936,161,7,0,2,9,3),(1937,161,8,0,2,9,1),(1938,162,1,0,1,3,4),(1939,162,4,0,1,3,2),(1940,162,5,0,1,3,3),(1941,162,6,0,1,3,1),(1942,162,7,0,1,3,2),(1943,162,8,0,1,3,1),(1944,162,5,0,1,4,1),(1945,162,7,0,1,4,1),(1946,162,1,0,1,5,1),(1947,162,4,0,1,5,5),(1948,162,5,0,1,5,4),(1949,162,7,0,1,5,2),(1950,162,8,0,1,5,1),(1951,162,1,0,2,6,2),(1952,162,2,0,2,6,3),(1953,162,3,0,2,6,2),(1954,162,5,0,2,6,4),(1955,162,7,0,2,6,1),(1956,162,8,0,2,6,1),(1957,162,2,0,2,7,2),(1958,162,3,0,2,7,1),(1959,162,5,0,2,7,2),(1960,162,7,0,2,7,1),(1961,162,8,0,2,7,1),(1962,162,1,0,2,8,2),(1963,162,2,0,2,8,2),(1964,162,3,0,2,8,1),(1965,162,4,0,2,8,2),(1966,162,5,0,2,8,2),(1967,162,6,0,2,8,1),(1968,162,7,0,2,8,3),(1969,162,8,0,2,8,1),(1970,162,1,0,2,9,16),(1971,162,2,0,2,9,6),(1972,162,3,0,2,9,1),(1973,162,4,0,2,9,3),(1974,162,5,0,2,9,6),(1975,162,7,0,2,9,3),(1976,162,8,0,2,9,1),(1977,163,4,0,1,3,4),(1978,163,5,0,1,3,5),(1979,163,7,0,1,3,1),(1980,163,8,0,1,3,1),(1981,163,4,0,1,5,2),(1982,163,5,0,1,5,5),(1983,163,7,0,1,5,1),(1984,163,2,0,2,6,2),(1985,163,4,0,2,6,2),(1986,163,2,0,2,8,1),(1987,163,5,0,2,8,3),(1988,163,8,0,2,8,1),(1989,163,1,0,2,9,3),(1990,163,2,0,2,9,1),(1991,163,4,0,2,9,2),(1992,163,5,0,2,9,3),(1993,163,8,0,2,9,1),(1994,164,8,0,1,4,1),(1995,164,5,0,1,5,5),(1996,164,8,0,1,5,1),(1997,164,1,0,2,9,1),(1998,165,5,0,1,3,1),(1999,165,4,0,1,5,1),(2000,165,5,0,1,5,5),(2001,165,8,0,1,5,1),(2002,165,2,0,2,6,1),(2003,165,4,0,2,6,2),(2004,165,5,0,2,6,3),(2005,165,2,0,2,9,1),(2006,165,5,0,2,9,3),(2007,165,8,0,2,9,1),(2008,166,5,0,1,4,1),(2009,166,8,0,1,4,1),(2010,166,8,0,2,6,1),(2011,166,3,0,2,8,2),(2012,166,5,0,2,8,2),(2013,166,6,0,2,8,3),(2014,166,7,0,2,8,1),(2015,167,5,0,1,1,1),(2016,167,8,0,1,2,1),(2017,167,8,0,1,4,1),(2018,167,7,0,2,6,1),(2019,167,8,0,2,6,1),(2020,167,8,0,2,7,1),(2021,167,3,0,2,8,1),(2022,167,6,0,2,8,2),(2023,167,7,0,2,8,1),(2024,167,8,0,2,8,2),(2025,167,3,0,2,9,1),(2026,167,7,0,2,9,1),(2027,167,8,0,2,9,1),(2028,168,4,0,1,2,1),(2029,168,7,0,1,2,1),(2030,168,8,0,1,2,2),(2031,168,7,0,1,4,1),(2032,168,8,0,1,4,1),(2033,168,7,0,1,5,2),(2034,168,8,0,1,5,1),(2035,168,2,0,2,6,1),(2036,168,8,0,2,6,2),(2037,168,3,0,2,7,1),(2038,168,6,0,2,7,1),(2039,168,7,0,2,7,1),(2040,168,3,0,2,8,2),(2041,168,6,0,2,8,3),(2042,168,7,0,2,8,1),(2043,168,8,0,2,8,2),(2044,168,2,0,2,9,2),(2045,168,7,0,2,9,1),(2046,168,8,0,2,9,2),(2047,169,6,0,1,1,1),(2048,169,8,0,1,1,1),(2049,169,1,0,1,2,1),(2050,169,6,0,1,2,2),(2051,169,7,0,1,2,1),(2052,169,8,0,1,2,2),(2053,169,6,0,1,4,1),(2054,169,7,0,1,4,1),(2055,169,8,0,1,4,2),(2056,169,6,0,1,5,1),(2057,169,8,0,1,5,1),(2058,169,1,0,2,6,1),(2059,169,4,0,2,6,1),(2060,169,7,0,2,6,1),(2061,169,8,0,2,6,1),(2062,169,8,0,2,7,1),(2063,169,2,0,2,8,1),(2064,169,3,0,2,8,1),(2065,169,7,0,2,8,1),(2066,169,8,0,2,8,1),(2067,169,1,0,2,9,2),(2068,169,2,0,2,9,2),(2069,169,3,0,2,9,1),(2070,169,7,0,2,9,1),(2071,169,8,0,2,9,1),(2072,170,6,0,1,1,1),(2073,170,8,0,1,1,1),(2074,170,6,0,1,2,2),(2075,170,8,0,1,2,2),(2076,170,8,0,1,4,1),(2077,170,6,0,1,5,1),(2078,170,8,0,1,5,2),(2079,170,6,0,2,6,1),(2080,170,8,0,2,6,1),(2081,170,3,0,2,7,1),(2082,170,8,0,2,7,1),(2083,170,2,0,2,8,1),(2084,170,3,0,2,8,1),(2085,170,1,0,2,9,5),(2086,170,2,0,2,9,3),(2087,170,3,0,2,9,2),(2088,170,7,0,2,9,1),(2089,170,8,0,2,9,1),(2090,171,7,0,1,1,1),(2091,171,6,0,1,2,1),(2092,171,6,0,1,4,1),(2093,171,7,0,1,4,1),(2094,171,8,0,1,4,1),(2095,171,7,0,1,5,2),(2096,171,8,0,1,5,1),(2097,171,2,0,2,6,1),(2098,171,8,0,2,6,1),(2099,171,7,0,2,7,1),(2100,171,8,0,2,8,1),(2101,171,2,0,2,9,1),(2102,171,8,0,2,9,1),(2103,172,7,0,1,1,1),(2104,172,8,0,1,1,2),(2105,172,4,0,1,2,1),(2106,172,7,0,1,2,1),(2107,172,8,0,1,2,2),(2108,172,7,0,1,4,1),(2109,172,8,0,1,4,2),(2110,172,3,0,1,5,1),(2111,172,7,0,1,5,1),(2112,172,8,0,1,5,2),(2113,172,8,0,2,6,1),(2114,172,8,0,2,7,1),(2115,172,8,0,2,8,1),(2116,172,2,0,2,9,2),(2117,172,8,0,2,9,1),(2118,173,6,0,1,1,1),(2119,173,8,0,1,1,1),(2120,173,6,0,1,2,4),(2121,173,7,0,1,2,1),(2122,173,8,0,1,2,2),(2123,173,8,0,1,4,2),(2124,173,6,0,1,5,3),(2125,173,7,0,1,5,1),(2126,173,8,0,1,5,2),(2127,173,2,0,2,6,2),(2128,173,6,0,2,6,2),(2129,173,8,0,2,6,1),(2130,173,2,0,2,9,1),(2131,173,7,0,2,9,1),(2132,174,8,0,1,1,2),(2133,174,6,0,1,2,3),(2134,174,8,0,1,2,2),(2135,174,6,0,1,4,1),(2136,174,7,0,1,4,1),(2137,174,8,0,1,4,2),(2138,174,8,0,1,5,2),(2139,174,7,0,2,6,1),(2140,174,8,0,2,6,1),(2141,174,8,0,2,8,1),(2142,174,8,0,2,9,1),(2143,175,6,0,1,1,1),(2144,175,8,0,1,1,2),(2145,175,8,0,1,2,2),(2146,175,6,0,1,4,2),(2147,175,7,0,1,4,1),(2148,175,8,0,1,4,2),(2149,175,6,0,1,5,2),(2150,175,7,0,1,5,1),(2151,175,8,0,1,5,3),(2152,175,8,0,2,6,1),(2153,175,8,0,2,7,1),(2154,175,7,0,2,8,1),(2155,175,2,0,2,9,1),(2156,175,3,0,2,9,1),(2157,175,6,0,2,9,5),(2158,175,7,0,2,9,1),(2159,175,8,0,2,9,2),(2160,176,8,0,1,1,3),(2161,176,8,0,1,2,3),(2162,176,6,0,1,4,2),(2163,176,7,0,1,4,1),(2164,176,8,0,1,4,3),(2165,176,7,0,1,5,1),(2166,176,8,0,1,5,3),(2167,176,8,0,2,6,2),(2168,176,8,0,2,8,2),(2169,176,2,0,2,9,2),(2170,176,8,0,2,9,2),(2171,177,3,0,1,1,1),(2172,177,5,0,1,1,2),(2173,177,3,0,1,2,1),(2174,177,5,0,1,2,2),(2175,177,5,0,1,3,3),(2176,177,3,0,1,4,2),(2177,177,5,0,1,4,3),(2178,177,8,0,1,4,1),(2179,177,5,0,1,5,2),(2180,177,8,0,1,5,1),(2181,178,5,0,1,1,2),(2182,178,5,0,1,2,2),(2183,178,3,0,1,4,1),(2184,178,5,0,1,4,2),(2185,178,5,0,1,5,1),(2186,179,3,0,1,1,1),(2187,179,5,0,1,1,2),(2188,179,3,0,1,2,1),(2189,179,5,0,1,2,2),(2190,179,5,0,1,3,3),(2191,179,3,0,1,4,2),(2192,179,5,0,1,4,3),(2193,179,8,0,1,4,1),(2194,179,5,0,1,5,2),(2195,179,8,0,1,5,1),(2196,180,3,0,1,2,1),(2197,180,5,0,1,2,2),(2198,180,3,0,1,3,2),(2199,180,5,0,1,3,3),(2200,180,5,0,1,4,2),(2201,180,8,0,1,4,1),(2202,180,3,0,1,5,1),(2203,180,5,0,1,5,2),(2204,181,5,0,1,1,2),(2205,181,3,0,1,2,1),(2206,181,5,0,1,2,2),(2207,181,3,0,1,3,2),(2208,181,5,0,1,3,3),(2209,181,3,0,1,4,2),(2210,181,5,0,1,4,2),(2211,181,5,0,1,5,2),(2212,182,3,0,1,1,1),(2213,182,5,0,1,1,2),(2214,182,5,0,1,2,3),(2215,182,8,0,1,2,1),(2216,182,3,0,1,3,2),(2217,182,4,0,1,3,1),(2218,182,5,0,1,3,3),(2219,182,3,0,1,4,2),(2220,182,5,0,1,4,3),(2221,182,5,0,1,5,2),(2222,183,5,0,1,1,3),(2223,183,8,0,1,1,1),(2224,183,3,0,1,2,1),(2225,183,5,0,1,2,2),(2226,183,3,0,1,3,3),(2227,183,5,0,1,3,3),(2228,183,3,0,1,4,2),(2229,183,5,0,1,4,3),(2230,183,3,0,1,5,1),(2231,183,5,0,1,5,2),(2232,184,3,0,1,3,1),(2233,184,4,0,1,3,1),(2234,184,5,0,1,3,4),(2235,184,8,0,1,3,1),(2236,184,3,0,1,4,2),(2237,184,5,0,1,4,4),(2238,184,8,0,1,4,1),(2239,184,5,0,1,5,3),(2240,184,8,0,1,5,1),(2241,185,3,0,1,1,2),(2242,185,5,0,1,2,2),(2243,185,3,0,1,3,2),(2244,185,5,0,1,3,2),(2245,185,3,0,1,4,2),(2246,185,4,0,1,4,1),(2247,185,5,0,1,4,2),(2248,185,5,0,1,5,1),(2249,186,5,0,1,1,1),(2250,186,4,0,1,2,1),(2251,186,5,0,1,2,1),(2252,186,3,0,1,3,2),(2253,186,5,0,1,3,2),(2254,186,5,0,1,4,2),(2255,187,5,0,1,1,2),(2256,187,3,0,1,2,1),(2257,187,5,0,1,2,2),(2258,187,3,0,1,3,3),(2259,187,5,0,1,3,4),(2260,187,7,0,1,3,1),(2261,187,8,0,1,3,1),(2262,187,3,0,1,4,2),(2263,187,5,0,1,4,1),(2264,187,7,0,1,4,1),(2265,187,8,0,1,4,1),(2266,187,5,0,1,5,3),(2267,188,3,0,1,1,1),(2268,188,3,0,1,2,2),(2269,188,3,0,1,3,1),(2270,188,5,0,1,3,2),(2271,188,3,0,1,4,3),(2272,188,5,0,1,4,1),(2273,188,8,0,1,4,1),(2274,188,3,0,2,6,2),(2275,189,4,0,1,3,1),(2276,189,7,0,1,5,1),(2277,189,8,0,2,6,1),(2278,189,5,0,2,7,1),(2279,189,6,0,2,7,1),(2280,189,7,0,2,7,1),(2281,190,4,0,1,1,1),(2282,190,5,0,1,2,2),(2283,190,4,0,1,5,1),(2284,190,7,0,2,6,1),(2285,190,4,0,2,7,2),(2286,190,6,0,2,7,1),(2287,190,3,0,2,8,1),(2288,190,5,0,2,8,2),(2289,190,7,0,2,8,1),(2290,190,2,0,2,9,1),(2291,191,7,0,1,1,1),(2292,191,8,0,1,2,1),(2293,191,7,0,1,3,1),(2294,191,8,0,1,3,1),(2295,191,7,0,1,5,1),(2296,191,8,0,1,5,1),(2297,191,4,0,2,7,1),(2298,191,5,0,2,7,2),(2299,191,6,0,2,7,2),(2300,191,8,0,2,7,1),(2301,191,2,0,2,8,1),(2302,191,3,0,2,8,1),(2303,191,5,0,2,8,3),(2304,191,1,0,2,9,1),(2305,191,2,0,2,9,1),(2306,191,3,0,2,9,1),(2307,191,5,0,2,9,1),(2308,191,6,0,2,9,1),(2309,192,7,0,1,1,1),(2310,192,1,0,1,2,1),(2311,192,7,0,1,2,1),(2312,192,8,0,1,2,1),(2313,192,3,0,1,3,1),(2314,192,7,0,1,3,1),(2315,192,3,0,2,7,1),(2316,192,5,0,2,7,2),(2317,192,6,0,2,7,1),(2318,192,3,0,2,8,1),(2319,192,8,0,2,8,1),(2320,192,3,0,2,9,1),(2321,192,6,0,2,9,1),(2322,193,7,0,1,1,1),(2323,193,4,0,1,2,1),(2324,193,5,0,1,2,2),(2325,193,7,0,1,2,1),(2326,193,5,0,1,3,1),(2327,193,7,0,1,3,1),(2328,193,4,0,1,5,1),(2329,193,5,0,1,5,1),(2330,193,7,0,2,6,1),(2331,193,6,0,2,7,1),(2332,193,6,0,2,8,3),(2333,193,2,0,2,9,1),(2334,193,3,0,2,9,1),(2335,193,4,0,2,9,1),(2336,193,5,0,2,9,1),(2337,193,7,0,2,9,1),(2338,194,8,0,2,6,1),(2339,195,5,0,1,1,1),(2340,195,5,0,1,3,1),(2341,195,8,0,1,4,1),(2342,195,8,0,1,5,1),(2343,195,7,0,2,7,1),(2344,196,6,0,1,1,1),(2345,196,8,0,1,1,1),(2346,196,4,0,1,3,1),(2347,196,5,0,1,3,2),(2348,196,8,0,1,3,1),(2349,196,6,0,1,5,1),(2350,196,8,0,1,5,1),(2351,196,5,0,2,6,1),(2352,196,6,0,2,6,1),(2353,196,7,0,2,6,1),(2354,196,8,0,2,6,1),(2355,196,1,0,2,7,1),(2356,196,5,0,2,7,1),(2357,196,6,0,2,7,1),(2358,196,7,0,2,7,1),(2359,196,8,0,2,7,1),(2360,196,3,0,2,8,2),(2361,196,5,0,2,8,1),(2362,196,7,0,2,8,1),(2363,196,8,0,2,8,1),(2364,196,3,0,2,9,2),(2365,196,5,0,2,9,3),(2366,196,7,0,2,9,1),(2367,197,1,0,1,1,2),(2368,197,8,0,1,1,1),(2369,197,1,0,1,3,6),(2370,197,5,0,1,3,1),(2371,197,7,0,1,3,1),(2372,197,8,0,1,3,1),(2373,197,5,0,1,4,2),(2374,197,8,0,1,4,1),(2375,197,1,0,2,6,1),(2376,197,3,0,2,6,1),(2377,197,7,0,2,6,1),(2378,197,8,0,2,6,1),(2379,197,1,0,2,7,1),(2380,197,3,0,2,7,3),(2381,197,5,0,2,7,1),(2382,197,8,0,2,7,1),(2383,197,1,0,2,8,2),(2384,197,3,0,2,8,6),(2385,197,5,0,2,8,1),(2386,197,1,0,2,9,1),(2387,197,3,0,2,9,4),(2388,197,8,0,2,9,1),(2389,198,1,0,1,1,2),(2390,198,5,0,1,1,1),(2391,198,6,0,1,1,1),(2392,198,8,0,1,1,1),(2393,198,1,0,1,3,7),(2394,198,5,0,1,3,1),(2395,198,1,0,1,4,2),(2396,198,8,0,1,4,1),(2397,198,1,0,1,5,3),(2398,198,5,0,1,5,3),(2399,198,3,0,2,7,1),(2400,198,8,0,2,7,1),(2401,198,1,0,2,8,2),(2402,198,3,0,2,8,3),(2403,198,5,0,2,8,1),(2404,198,6,0,2,8,1),(2405,198,8,0,2,8,1),(2406,198,3,0,2,9,1),(2407,198,6,0,2,9,1),(2408,198,7,0,2,9,1),(2409,198,8,0,2,9,1),(2410,199,1,0,1,1,2),(2411,199,5,0,1,1,4),(2412,199,1,0,1,3,2),(2413,199,7,0,1,3,1),(2414,199,8,0,1,3,1),(2415,199,5,0,1,4,4),(2416,199,7,0,1,4,1),(2417,199,8,0,1,4,1),(2418,199,1,0,1,5,5),(2419,199,5,0,1,5,2),(2420,199,7,0,1,5,1),(2421,199,5,0,2,6,3),(2422,199,4,0,2,7,2),(2423,199,5,0,2,7,1),(2424,199,4,0,2,8,2),(2425,199,5,0,2,8,2),(2426,199,4,0,2,9,5),(2427,199,5,0,2,9,5),(2428,199,8,0,2,9,1),(2429,200,5,0,1,1,1),(2430,200,7,0,1,1,1),(2431,200,8,0,1,1,1),(2432,200,1,0,1,3,1),(2433,200,5,0,1,3,3),(2434,200,7,0,1,3,1),(2435,200,4,0,1,4,1),(2436,200,8,0,1,4,1),(2437,200,5,0,1,5,1),(2438,200,8,0,1,5,1),(2439,200,5,0,2,6,1),(2440,200,8,0,2,6,1),(2441,200,5,0,2,9,1),(2442,201,6,0,1,1,1),(2443,201,6,0,1,3,1),(2444,201,8,0,1,3,1),(2445,201,5,0,1,4,3),(2446,201,4,0,1,5,1),(2447,201,8,0,1,5,1),(2448,202,8,0,1,3,1),(2449,202,7,0,1,4,1),(2450,202,7,0,1,5,1),(2451,203,8,0,1,2,1),(2452,203,8,0,1,4,1),(2453,203,7,0,1,5,1),(2454,203,8,0,1,5,1),(2455,204,8,0,1,2,1),(2456,204,8,0,1,3,1),(2457,204,8,0,1,4,1),(2458,204,7,0,1,5,1),(2459,204,8,0,1,5,2),(2460,204,8,0,2,7,1),(2461,204,8,0,2,8,1),(2462,205,5,0,1,1,1),(2463,205,8,0,1,1,1),(2464,205,7,0,1,2,1),(2465,205,8,0,1,2,1),(2466,205,5,0,1,3,4),(2467,205,7,0,1,3,1),(2468,205,8,0,1,4,1),(2469,205,5,0,1,5,5),(2470,205,7,0,1,5,1),(2471,205,8,0,1,5,1),(2472,205,8,0,2,7,1),(2473,205,3,0,2,8,1),(2474,205,7,0,2,8,1),(2475,206,5,0,1,1,1),(2476,206,5,0,1,2,2),(2477,206,8,0,1,2,1),(2478,206,5,0,1,3,3),(2479,206,8,0,1,3,1),(2480,206,5,0,1,4,2),(2481,206,8,0,1,4,1),(2482,206,4,0,1,5,1),(2483,206,5,0,1,5,8),(2484,206,6,0,1,5,1),(2485,206,8,0,1,5,1),(2486,206,3,0,2,8,2),(2487,206,5,0,2,8,1),(2488,207,5,0,1,1,1),(2489,207,8,0,1,1,1),(2490,207,5,0,1,2,2),(2491,207,8,0,1,4,1),(2492,207,4,0,1,5,1),(2493,207,5,0,1,5,6),(2494,207,3,0,2,8,3),(2495,207,2,0,2,9,1),(2496,207,3,0,2,9,1),(2497,207,7,0,2,9,1),(2498,208,3,0,1,1,1),(2499,208,4,0,1,1,3),(2500,208,5,0,1,1,2),(2501,208,4,0,1,4,2),(2502,208,5,0,1,4,2),(2503,208,4,0,1,5,4),(2504,208,5,0,1,5,8),(2505,208,3,0,2,6,1),(2506,208,2,0,2,8,1),(2507,208,3,0,2,8,6),(2508,208,4,0,2,8,3),(2509,208,5,0,2,8,4),(2510,208,2,0,2,9,1),(2511,208,5,0,2,9,1),(2512,209,5,0,1,1,1),(2513,209,7,0,1,1,1),(2514,209,8,0,1,1,1),(2515,209,5,0,1,3,1),(2516,209,6,0,1,4,2),(2517,209,8,0,1,4,1),(2518,209,4,0,1,5,3),(2519,209,5,0,1,5,3),(2520,209,3,0,2,6,1),(2521,209,7,0,2,6,1),(2522,209,1,0,2,7,1),(2523,209,6,0,2,7,1),(2524,209,8,0,2,7,1),(2525,209,2,0,2,9,1),(2526,209,3,0,2,9,1),(2527,209,5,0,2,9,1),(2528,210,7,0,1,4,1),(2529,210,8,0,1,4,1),(2530,210,5,0,1,5,1),(2531,210,8,0,1,5,1),(2532,210,5,0,2,6,2),(2533,210,8,0,2,6,1),(2534,210,2,0,2,7,1),(2535,210,1,0,2,9,1),(2536,210,2,0,2,9,3),(2537,210,7,0,2,9,1),(2538,210,8,0,2,9,1),(2539,211,5,0,1,1,1),(2540,211,8,0,1,1,1),(2541,211,5,0,1,3,1),(2542,211,8,0,1,3,1),(2543,211,5,0,1,4,1),(2544,211,7,0,1,4,1),(2545,211,8,0,1,4,1),(2546,211,4,0,1,5,1),(2547,211,5,0,1,5,2),(2548,211,7,0,1,5,1),(2549,211,8,0,1,5,1),(2550,211,2,0,2,6,2),(2551,211,8,0,2,6,1),(2552,211,2,0,2,8,2),(2553,211,1,0,2,9,1),(2554,211,2,0,2,9,1),(2555,211,7,0,2,9,1),(2556,212,8,0,1,4,1),(2557,212,8,0,1,5,1),(2558,212,2,0,2,6,1),(2559,212,8,0,2,6,1),(2560,212,2,0,2,9,1),(2561,213,8,0,1,1,1),(2562,215,7,0,1,1,1),(2563,215,8,0,1,1,1),(2564,215,8,0,1,2,1),(2565,215,8,0,1,4,1),(2566,215,8,0,1,5,1),(2567,215,8,0,2,8,1),(2568,216,1,0,1,1,3),(2569,216,4,0,1,1,5),(2570,216,5,0,1,1,4),(2571,216,8,0,1,1,1),(2572,216,1,0,1,2,12),(2573,216,4,0,1,2,4),(2574,216,5,0,1,2,1),(2575,216,1,0,1,3,6),(2576,216,3,0,1,3,1),(2577,216,4,0,1,3,6),(2578,216,5,0,1,3,2),(2579,216,1,0,1,4,6),(2580,216,5,0,1,4,3),(2581,216,1,0,1,5,7),(2582,216,4,0,1,5,1),(2583,216,5,0,1,5,4),(2584,216,1,0,2,7,3),(2585,216,2,0,2,7,3),(2586,216,4,0,2,7,2),(2587,216,6,0,2,7,1),(2588,216,8,0,2,7,1),(2589,216,1,0,2,8,3),(2590,216,2,0,2,8,4),(2591,216,3,0,2,8,4),(2592,216,5,0,2,8,1),(2593,216,6,0,2,8,1),(2594,216,8,0,2,8,1),(2595,216,1,0,2,9,5),(2596,216,2,0,2,9,2),(2597,216,3,0,2,9,3),(2598,216,5,0,2,9,5),(2599,216,8,0,2,9,1),(2600,217,1,0,1,1,8),(2601,217,3,0,1,1,1),(2602,217,4,0,1,1,2),(2603,217,5,0,1,1,3),(2604,217,8,0,1,1,1),(2605,217,1,0,1,2,8),(2606,217,4,0,1,2,2),(2607,217,5,0,1,2,2),(2608,217,1,0,1,3,11),(2609,217,5,0,1,3,1),(2610,217,1,0,1,4,4),(2611,217,4,0,1,4,1),(2612,217,5,0,1,4,4),(2613,217,1,0,1,5,19),(2614,217,1,0,2,7,1),(2615,217,2,0,2,7,1),(2616,217,3,0,2,7,9),(2617,217,4,0,2,7,1),(2618,217,5,0,2,7,1),(2619,217,6,0,2,7,1),(2620,217,8,0,2,7,1),(2621,217,1,0,2,8,4),(2622,217,2,0,2,8,3),(2623,217,3,0,2,8,9),(2624,217,4,0,2,8,1),(2625,217,5,0,2,8,1),(2626,217,6,0,2,8,2),(2627,217,8,0,2,8,1),(2628,217,1,0,2,9,12),(2629,217,2,0,2,9,3),(2630,217,3,0,2,9,10),(2631,217,5,0,2,9,5),(2632,217,6,0,2,9,3),(2633,218,1,0,1,1,12),(2634,218,7,0,1,1,1),(2635,218,8,0,1,1,1),(2636,218,1,0,1,2,14),(2637,218,6,0,1,2,4),(2638,218,8,0,1,2,1),(2639,218,1,0,1,3,8),(2640,218,8,0,1,3,1),(2641,218,1,0,1,4,5),(2642,218,6,0,1,4,1),(2643,218,8,0,1,4,1),(2644,218,1,0,1,5,10),(2645,218,8,0,1,5,1),(2646,218,1,0,2,7,1),(2647,218,3,0,2,7,5),(2648,218,8,0,2,7,1),(2649,218,1,0,2,8,6),(2650,218,2,0,2,8,1),(2651,218,3,0,2,8,4),(2652,218,8,0,2,8,1),(2653,218,1,0,2,9,25),(2654,218,2,0,2,9,3),(2655,218,3,0,2,9,12),(2656,218,4,0,2,9,1),(2657,218,6,0,2,9,2),(2658,218,8,0,2,9,1),(2659,219,1,0,1,1,5),(2660,219,6,0,1,1,2),(2661,219,7,0,1,1,1),(2662,219,1,0,1,2,6),(2663,219,6,0,1,2,9),(2664,219,7,0,1,2,1),(2665,219,1,0,1,3,11),(2666,219,6,0,1,3,5),(2667,219,7,0,1,3,1),(2668,219,1,0,1,4,1),(2669,219,6,0,1,4,2),(2670,219,1,0,1,5,10),(2671,219,7,0,1,5,1),(2672,219,1,0,2,7,3),(2673,219,2,0,2,7,1),(2674,219,3,0,2,7,2),(2675,219,6,0,2,7,1),(2676,219,8,0,2,7,1),(2677,219,1,0,2,8,4),(2678,219,2,0,2,8,3),(2679,219,8,0,2,8,1),(2680,219,1,0,2,9,41),(2681,219,2,0,2,9,2),(2682,219,3,0,2,9,2),(2683,219,8,0,2,9,1),(2684,220,1,0,1,1,1),(2685,220,7,0,1,1,2),(2686,220,8,0,1,1,1),(2687,220,7,0,1,2,2),(2688,220,8,0,1,2,1),(2689,220,1,0,1,3,2),(2690,220,7,0,1,3,2),(2691,220,8,0,1,3,1),(2692,220,1,0,1,4,1),(2693,220,7,0,1,4,1),(2694,220,8,0,1,4,1),(2695,220,1,0,1,5,4),(2696,220,7,0,1,5,1),(2697,220,8,0,1,5,1),(2698,220,7,0,2,7,1),(2699,220,8,0,2,7,1),(2700,220,1,0,2,8,1),(2701,220,7,0,2,8,1),(2702,220,1,0,2,9,8),(2703,220,2,0,2,9,1),(2704,220,3,0,2,9,5),(2705,220,7,0,2,9,1),(2706,220,8,0,2,9,1),(2707,221,1,0,1,1,1),(2708,221,7,0,1,1,1),(2709,221,7,0,1,2,1),(2710,221,8,0,1,2,1),(2711,221,1,0,1,3,1),(2712,221,7,0,1,3,1),(2713,221,1,0,2,9,3),(2714,221,3,0,2,9,1),(2715,222,5,0,1,1,6),(2716,222,5,0,1,2,8),(2717,222,8,0,1,3,1),(2718,222,5,0,1,4,5),(2719,222,8,0,1,4,1),(2720,222,4,0,1,5,1),(2721,222,5,0,1,5,4),(2722,222,2,0,2,9,2),(2723,222,5,0,2,9,2),(2724,222,8,0,2,9,1),(2725,223,6,0,1,1,2),(2726,223,7,0,1,1,1),(2727,223,7,0,1,2,1),(2728,223,8,0,1,2,1),(2729,223,6,0,1,4,1),(2730,223,8,0,1,4,1),(2731,223,7,0,1,5,1),(2732,223,8,0,1,5,1),(2733,224,5,0,1,1,6),(2734,224,8,0,1,1,1),(2735,224,3,0,1,2,1),(2736,224,5,0,1,2,5),(2737,224,6,0,1,2,1),(2738,224,8,0,1,2,1),(2739,224,6,0,1,3,1),(2740,224,8,0,1,3,1),(2741,224,3,0,1,4,2),(2742,224,5,0,1,4,5),(2743,224,8,0,1,4,1),(2744,224,3,0,1,5,1),(2745,224,5,0,1,5,2),(2746,224,8,0,1,5,1),(2747,225,6,0,1,1,2),(2748,225,7,0,1,1,1),(2749,225,1,0,1,2,1),(2750,225,6,0,1,2,2),(2751,225,7,0,1,2,1),(2752,225,6,0,1,3,1),(2753,225,8,0,1,3,1),(2754,225,1,0,1,4,1),(2755,225,3,0,1,4,1),(2756,225,6,0,1,4,4),(2757,225,8,0,1,4,1),(2758,225,1,0,1,5,2),(2759,225,8,0,1,5,1),(2760,226,1,0,1,1,3),(2761,226,4,0,1,1,2),(2762,226,5,0,1,1,7),(2763,226,6,0,1,1,2),(2764,226,7,0,1,1,1),(2765,226,8,0,1,1,1),(2766,226,4,0,1,2,1),(2767,226,5,0,1,2,4),(2768,226,7,0,1,2,1),(2769,226,1,0,1,3,1),(2770,226,4,0,1,3,1),(2771,226,5,0,1,3,4),(2772,226,6,0,1,3,1),(2773,226,1,0,1,4,1),(2774,226,5,0,1,4,3),(2775,226,6,0,1,4,5),(2776,226,8,0,1,4,1),(2777,226,4,0,1,5,1),(2778,226,5,0,1,5,4),(2779,226,6,0,2,8,2),(2780,226,2,0,2,9,3),(2781,226,8,0,2,9,1),(2782,227,1,0,1,1,2),(2783,227,6,0,1,1,3),(2784,227,7,0,1,1,1),(2785,227,8,0,1,1,1),(2786,227,6,0,1,2,2),(2787,227,8,0,1,2,1),(2788,227,1,0,1,3,3),(2789,227,6,0,1,3,8),(2790,227,8,0,1,3,1),(2791,227,6,0,1,4,6),(2792,227,8,0,1,4,1),(2793,227,1,0,1,5,3),(2794,227,6,0,1,5,2),(2795,227,8,0,1,5,1),(2796,228,1,0,1,1,2),(2797,228,5,0,1,1,3),(2798,228,6,0,1,1,1),(2799,228,5,0,1,2,2),(2800,228,1,0,1,3,1),(2801,228,5,0,1,3,6),(2802,228,6,0,1,3,1),(2803,228,5,0,1,4,3),(2804,228,6,0,1,4,1),(2805,228,5,0,1,5,1),(2806,229,1,0,1,1,1),(2807,229,8,0,1,1,1),(2808,229,1,0,1,3,1),(2809,229,8,0,1,3,1),(2810,229,1,0,1,4,1),(2811,229,8,0,1,4,1),(2812,230,8,0,1,1,1),(2813,230,7,0,1,2,1),(2814,230,8,0,1,2,1),(2815,230,8,0,1,3,1),(2816,230,7,0,1,4,1),(2817,230,8,0,1,4,1),(2818,230,7,0,1,5,1),(2819,230,8,0,1,5,1),(2820,232,5,0,1,1,1),(2821,233,5,0,1,1,1),(2822,233,8,0,1,1,1),(2823,234,3,0,1,1,1),(2824,234,5,0,1,1,1),(2825,234,6,0,1,1,1),(2826,234,8,0,1,1,1),(2827,234,3,0,1,3,1),(2828,234,6,0,1,3,1),(2829,234,3,0,2,7,1),(2830,234,6,0,2,7,1),(2831,235,5,0,1,1,1),(2832,235,8,0,1,1,1),(2833,235,2,0,2,6,1),(2834,235,3,0,2,6,1),(2835,235,4,0,2,6,1),(2836,235,5,0,2,6,1),(2837,235,7,0,2,6,1),(2838,235,8,0,2,6,1),(2839,235,7,0,2,7,1),(2840,235,3,0,2,8,1),(2841,235,7,0,2,8,1),(2842,236,7,0,1,1,1),(2843,236,8,0,1,1,1),(2844,236,1,0,1,3,2),(2845,236,5,0,1,3,6),(2846,236,6,0,1,3,2),(2847,236,7,0,1,3,1),(2848,236,5,0,2,7,3),(2849,236,7,0,2,7,1),(2850,236,5,0,2,8,4),(2851,236,7,0,2,8,1),(2852,236,2,0,2,9,5),(2853,236,3,0,2,9,2),(2854,236,5,0,2,9,1),(2855,236,7,0,2,9,1),(2856,236,8,0,2,9,1),(2857,237,4,0,1,3,1),(2858,237,5,0,1,3,1),(2859,237,1,0,2,6,1),(2860,237,2,0,2,6,1),(2861,237,5,0,2,6,1),(2862,237,6,0,2,6,1),(2863,237,8,0,2,6,1),(2864,237,4,0,2,8,1),(2865,237,2,0,2,9,1),(2866,237,4,0,2,9,1),(2867,238,7,0,1,1,1),(2868,238,8,0,1,1,1),(2869,238,5,0,1,3,2),(2870,238,8,0,1,3,1),(2871,238,5,0,2,6,1),(2872,238,6,0,2,6,1),(2873,238,8,0,2,8,1),(2874,238,3,0,2,9,4),(2875,238,5,0,2,9,2),(2876,238,6,0,2,9,1),(2877,238,8,0,2,9,1),(2878,239,5,0,1,1,1),(2879,239,8,0,1,1,1),(2880,239,8,0,1,3,1),(2881,240,4,0,1,1,1),(2882,240,5,0,1,1,6),(2883,240,8,0,1,1,1),(2884,240,3,0,1,3,2),(2885,240,4,0,1,3,1),(2886,240,5,0,1,3,1),(2887,240,8,0,1,3,1),(2888,241,4,0,1,1,2),(2889,241,8,0,1,1,1),(2890,242,1,0,1,1,1),(2891,242,2,0,1,1,1),(2892,242,4,0,1,1,1),(2893,242,5,0,1,1,7),(2894,242,5,0,1,3,3),(2895,243,3,0,1,3,2),(2896,243,8,0,1,3,1),(2897,244,3,0,1,1,1),(2898,244,5,0,1,1,2),(2899,244,8,0,1,1,1),(2900,244,3,0,1,3,1),(2901,244,8,0,1,3,1),(2902,245,3,0,1,1,2),(2903,246,5,0,1,1,1),(2904,246,7,0,1,1,1),(2905,246,8,0,1,1,1),(2906,246,5,0,1,4,1),(2907,246,7,0,1,4,1),(2908,246,8,0,1,4,1),(2909,246,3,0,2,6,1),(2910,246,7,0,2,6,1),(2911,246,8,0,2,6,1),(2912,246,3,0,2,7,5),(2913,246,5,0,2,7,1),(2914,246,7,0,2,7,2),(2915,246,8,0,2,7,1),(2916,246,2,0,2,8,1),(2917,246,3,0,2,8,3),(2918,246,7,0,2,8,1),(2919,246,8,0,2,8,1),(2920,246,7,0,2,9,1),(2921,246,8,0,2,9,1),(2922,247,7,0,1,1,1),(2923,247,7,0,1,2,1),(2924,247,5,0,1,3,1),(2925,247,8,0,1,3,1),(2926,247,5,0,1,4,2),(2927,247,5,0,1,5,1),(2928,247,3,0,2,6,4),(2929,247,7,0,2,6,1),(2930,247,8,0,2,6,1),(2931,247,3,0,2,7,7),(2932,247,6,0,2,7,1),(2933,247,7,0,2,7,1),(2934,247,3,0,2,8,3),(2935,247,7,0,2,8,1),(2936,247,8,0,2,8,1),(2937,247,3,0,2,9,4),(2938,247,7,0,2,9,1),(2939,247,8,0,2,9,2),(2940,248,7,0,1,1,1),(2941,248,7,0,1,2,1),(2942,248,7,0,1,3,1),(2943,248,7,0,1,4,2),(2944,248,8,0,1,4,1),(2945,248,4,0,1,5,1),(2946,248,7,0,1,5,1),(2947,248,3,0,2,6,1),(2948,248,7,0,2,6,1),(2949,248,3,0,2,7,3),(2950,248,5,0,2,7,1),(2951,248,7,0,2,7,2),(2952,248,8,0,2,7,1),(2953,248,3,0,2,8,3),(2954,248,5,0,2,8,1),(2955,248,7,0,2,8,3),(2956,248,8,0,2,8,1),(2957,248,2,0,2,9,3),(2958,248,3,0,2,9,4),(2959,248,4,0,2,9,1),(2960,248,7,0,2,9,2),(2961,248,8,0,2,9,1),(2962,249,3,0,1,1,2),(2963,249,4,0,1,1,3),(2964,249,5,0,1,1,2),(2965,249,4,0,1,2,2),(2966,249,5,0,1,2,1),(2967,249,3,0,1,3,2),(2968,249,4,0,1,3,2),(2969,249,5,0,1,3,1),(2970,249,5,0,1,4,2),(2971,249,6,0,1,4,1),(2972,249,5,0,1,5,3),(2973,249,3,0,2,6,4),(2974,249,4,0,2,6,1),(2975,249,5,0,2,6,2),(2976,249,3,0,2,8,5),(2977,249,4,0,2,8,4),(2978,249,5,0,2,8,1),(2979,249,3,0,2,9,3),(2980,249,4,0,2,9,4),(2981,249,5,0,2,9,5),(2982,250,4,0,1,1,4),(2983,250,5,0,1,1,3),(2984,250,4,0,1,2,4),(2985,250,5,0,1,2,3),(2986,250,4,0,1,3,5),(2987,250,5,0,1,3,2),(2988,250,8,0,1,3,1),(2989,250,4,0,1,4,1),(2990,250,5,0,1,4,1),(2991,250,4,0,1,5,4),(2992,250,5,0,1,5,4),(2993,250,8,0,1,5,1),(2994,250,3,0,2,8,1),(2995,250,3,0,2,9,4),(2996,250,4,0,2,9,1),(2997,250,5,0,2,9,1),(2998,250,6,0,2,9,1),(2999,251,7,0,1,1,1),(3000,251,7,0,1,2,2),(3001,251,7,0,1,3,2),(3002,251,4,0,1,4,2),(3003,251,7,0,1,4,2),(3004,251,7,0,1,5,1),(3005,251,2,0,2,9,1),(3006,251,7,0,2,9,1),(3007,252,7,0,1,1,1),(3008,252,7,0,1,2,2),(3009,252,4,0,1,3,3),(3010,252,7,0,1,3,2),(3011,252,4,0,1,4,1),(3012,252,5,0,1,4,1),(3013,252,7,0,1,4,2),(3014,252,7,0,1,5,1),(3015,253,7,0,1,1,1),(3016,253,7,0,1,2,1),(3017,253,7,0,1,3,1),(3018,253,7,0,1,4,2),(3019,253,4,0,1,5,5),(3020,253,7,0,1,5,1),(3021,254,7,0,1,1,1),(3022,254,8,0,1,1,1),(3023,254,7,0,1,2,1),(3024,254,8,0,1,2,1),(3025,254,4,0,1,3,5),(3026,254,6,0,1,3,1),(3027,254,7,0,1,3,1),(3028,254,8,0,1,3,1),(3029,254,4,0,1,4,3),(3030,254,5,0,1,4,10),(3031,254,7,0,1,4,3),(3032,254,8,0,1,4,2),(3033,254,4,0,1,5,10),(3034,254,5,0,1,5,2),(3035,254,7,0,1,5,3),(3036,254,8,0,1,5,2),(3037,255,4,0,1,1,2),(3038,255,7,0,1,1,1),(3039,255,6,0,1,2,1),(3040,255,7,0,1,2,1),(3041,255,4,0,1,3,1),(3042,255,5,0,1,3,2),(3043,255,7,0,1,3,1),(3044,255,8,0,1,3,1),(3045,255,6,0,1,4,2),(3046,255,7,0,1,4,2),(3047,255,8,0,1,4,1),(3048,255,5,0,1,5,1),(3049,255,7,0,1,5,2),(3050,255,8,0,1,5,1),(3051,256,7,0,1,1,1),(3052,256,7,0,1,2,1),(3053,256,7,0,1,3,1),(3054,256,7,0,1,4,1),(3055,256,5,0,1,5,8),(3056,256,7,0,1,5,1),(3057,256,8,0,1,5,2),(3058,257,7,0,1,1,1),(3059,257,7,0,1,2,1),(3060,257,7,0,1,3,1),(3061,257,7,0,1,4,2),(3062,257,4,0,1,5,2),(3063,257,7,0,1,5,1),(3064,257,8,0,1,5,2),(3065,258,7,0,1,1,1),(3066,258,7,0,1,2,1),(3067,258,7,0,1,3,1),(3068,258,7,0,1,4,1),(3069,258,7,0,1,5,1),(3070,259,7,0,1,1,1),(3071,259,7,0,1,2,1),(3072,259,4,0,1,4,1),(3073,259,7,0,1,4,2),(3074,259,2,0,1,5,1),(3075,259,3,0,1,5,1),(3076,259,7,0,1,5,1),(3077,260,7,0,1,1,1),(3078,260,7,0,1,2,1),(3079,260,6,0,1,4,1),(3080,260,7,0,1,4,1),(3081,260,7,0,1,5,1),(3082,261,6,0,1,2,1),(3083,261,8,0,1,2,1),(3084,261,7,0,1,4,1),(3085,261,8,0,1,4,1),(3086,262,5,0,1,2,1),(3087,262,8,0,1,2,1),(3088,262,8,0,1,4,1),(3089,262,7,0,2,8,1),(3090,262,8,0,2,8,1),(3091,263,5,0,1,1,4),(3092,263,8,0,1,1,1),(3093,263,5,0,1,2,6),(3094,263,5,0,1,4,4),(3095,263,5,0,2,6,2),(3096,263,3,0,2,7,1),(3097,263,4,0,2,7,1),(3098,263,5,0,2,7,2),(3099,263,8,0,2,7,1),(3100,263,3,0,2,8,1),(3101,263,5,0,2,8,3),(3102,264,7,0,1,1,1),(3103,264,8,0,1,1,1),(3104,264,1,0,1,2,5),(3105,264,5,0,1,2,1),(3106,264,7,0,1,2,1),(3107,264,8,0,1,2,1),(3108,264,1,0,1,3,1),(3109,264,7,0,1,3,1),(3110,264,1,0,1,4,2),(3111,264,4,0,1,4,1),(3112,264,5,0,1,4,8),(3113,264,8,0,1,4,1),(3114,264,1,0,2,6,3),(3115,264,7,0,2,6,1),(3116,264,3,0,2,7,3),(3117,264,5,0,2,7,3),(3118,264,7,0,2,7,1),(3119,264,1,0,2,8,1),(3120,264,3,0,2,8,15),(3121,264,5,0,2,8,16),(3122,264,7,0,2,8,1),(3123,264,8,0,2,8,1),(3124,264,1,0,2,9,12),(3125,264,3,0,2,9,21),(3126,264,5,0,2,9,6),(3127,264,8,0,2,9,1),(3128,265,5,0,1,1,3),(3129,265,7,0,1,1,1),(3130,265,8,0,1,1,1),(3131,265,1,0,1,2,5),(3132,265,5,0,1,2,2),(3133,265,7,0,1,2,1),(3134,265,8,0,1,2,2),(3135,265,5,0,1,3,2),(3136,265,7,0,1,3,1),(3137,265,8,0,1,3,1),(3138,265,1,0,1,4,1),(3139,265,5,0,1,4,2),(3140,265,7,0,1,4,1),(3141,265,8,0,1,4,1),(3142,265,1,0,1,5,5),(3143,265,5,0,1,5,2),(3144,265,8,0,1,5,1),(3145,265,4,0,2,6,1),(3146,265,5,0,2,6,1),(3147,265,8,0,2,6,1),(3148,265,3,0,2,7,1),(3149,265,5,0,2,7,1),(3150,265,7,0,2,7,1),(3151,265,8,0,2,7,1),(3152,265,3,0,2,8,4),(3153,265,4,0,2,8,1),(3154,265,5,0,2,8,1),(3155,265,7,0,2,8,1),(3156,265,8,0,2,8,1),(3157,265,1,0,2,9,17),(3158,265,3,0,2,9,6),(3159,265,5,0,2,9,4),(3160,265,8,0,2,9,1),(3161,266,8,0,1,1,1),(3162,266,4,0,1,2,2),(3163,266,5,0,1,2,2),(3164,266,8,0,1,2,1),(3165,266,5,0,1,4,2),(3166,266,8,0,1,4,1),(3167,266,1,0,1,5,5),(3168,266,5,0,1,5,1),(3169,266,6,0,1,5,1),(3170,266,7,0,1,5,1),(3171,266,8,0,1,5,1),(3172,266,1,0,2,6,6),(3173,266,5,0,2,6,2),(3174,266,7,0,2,6,1),(3175,266,8,0,2,6,1),(3176,266,1,0,2,7,1),(3177,266,7,0,2,7,1),(3178,266,8,0,2,7,1),(3179,266,1,0,2,8,8),(3180,266,3,0,2,8,1),(3181,266,5,0,2,8,1),(3182,266,7,0,2,8,1),(3183,266,8,0,2,8,1),(3184,266,1,0,2,9,41),(3185,266,3,0,2,9,3),(3186,266,5,0,2,9,1),(3187,266,7,0,2,9,1),(3188,266,8,0,2,9,1),(3189,267,5,0,1,1,1),(3190,267,8,0,1,1,1),(3191,267,7,0,1,2,1),(3192,267,5,0,1,3,4),(3193,267,4,0,1,4,2),(3194,267,5,0,1,4,2),(3195,267,8,0,1,4,1),(3196,267,1,0,1,5,9),(3197,267,5,0,1,5,2),(3198,267,8,0,1,5,1),(3199,267,1,0,2,6,7),(3200,267,5,0,2,6,6),(3201,267,7,0,2,6,1),(3202,267,1,0,2,7,1),(3203,267,5,0,2,7,5),(3204,267,7,0,2,7,1),(3205,267,1,0,2,8,11),(3206,267,5,0,2,8,4),(3207,267,7,0,2,8,1),(3208,267,8,0,2,8,1),(3209,267,1,0,2,9,59),(3210,267,2,0,2,9,2),(3211,267,3,0,2,9,3),(3212,267,5,0,2,9,5),(3213,267,7,0,2,9,1),(3214,268,4,0,1,2,1),(3215,268,6,0,1,2,2),(3216,268,8,0,1,2,1),(3217,268,4,0,1,4,1),(3218,268,5,0,1,4,2),(3219,268,6,0,1,4,1),(3220,268,7,0,1,4,1),(3221,268,8,0,1,4,1),(3222,268,5,0,1,5,2),(3223,268,8,0,1,5,1),(3224,268,4,0,2,6,2),(3225,268,5,0,2,6,2),(3226,268,8,0,2,6,1),(3227,268,2,0,2,7,2),(3228,268,8,0,2,7,1),(3229,268,5,0,2,8,3),(3230,268,8,0,2,8,1),(3231,268,1,0,2,9,26),(3232,268,2,0,2,9,4),(3233,268,3,0,2,9,1),(3234,268,4,0,2,9,3),(3235,268,8,0,2,9,1),(3236,269,8,0,1,1,1),(3237,269,7,0,1,2,1),(3238,269,8,0,1,2,1),(3239,269,7,0,1,3,1),(3240,269,8,0,1,3,1),(3241,269,8,0,1,4,1),(3242,269,7,0,1,5,1),(3243,269,8,0,1,5,1),(3244,269,1,0,2,6,1),(3245,269,1,0,2,9,21),(3246,269,2,0,2,9,7),(3247,269,3,0,2,9,1),(3248,269,7,0,2,9,1),(3249,269,8,0,2,9,1),(3250,270,5,0,1,2,3),(3251,270,8,0,1,4,1),(3252,270,1,0,1,5,3),(3253,270,5,0,1,5,1),(3254,270,6,0,1,5,1),(3255,270,8,0,1,5,1),(3256,270,1,0,2,9,4),(3257,270,4,0,2,9,1),(3258,270,7,0,2,9,1),(3259,271,8,0,1,4,1),(3260,271,1,0,1,5,2),(3261,271,4,0,1,5,1),(3262,271,5,0,1,5,1),(3263,272,6,0,1,2,1),(3264,272,6,0,1,5,2),(3265,272,7,0,1,5,1),(3266,273,6,0,1,2,1),(3267,273,7,0,1,4,1),(3268,273,8,0,1,4,1),(3269,273,1,0,1,5,1),(3270,273,7,0,1,5,1),(3271,273,8,0,1,5,1),(3272,274,3,0,1,1,1),(3273,274,8,0,1,1,1),(3274,274,7,0,1,2,1),(3275,274,8,0,1,2,1),(3276,274,8,0,1,4,1),(3277,274,3,0,1,5,1),(3278,274,7,0,1,5,1),(3279,274,8,0,1,5,1),(3280,275,1,0,2,6,1),(3281,275,3,0,2,8,2),(3282,275,4,0,2,8,1),(3283,276,3,0,2,6,1),(3284,276,8,0,2,6,1),(3285,276,3,0,2,7,1),(3286,276,3,0,2,8,4),(3287,276,6,0,2,8,2),(3288,277,4,0,2,6,2),(3289,277,8,0,2,6,1),(3290,277,3,0,2,7,3),(3291,277,3,0,2,8,4),(3292,277,6,0,2,8,3),(3293,277,7,0,2,8,1),(3294,277,8,0,2,8,1),(3295,277,3,0,2,9,1),(3296,277,4,0,2,9,1),(3297,277,8,0,2,9,1),(3298,278,4,0,2,8,1),(3299,278,3,0,2,9,1),(3300,279,5,0,1,2,1),(3301,279,3,0,2,6,1),(3302,280,4,0,1,1,1),(3303,280,6,0,1,1,1),(3304,280,7,0,1,1,1),(3305,280,6,0,1,2,1),(3306,280,7,0,1,2,1),(3307,280,1,0,2,8,1),(3308,280,7,0,2,8,1),(3309,281,5,0,1,1,2),(3310,285,4,0,1,4,12),(3311,285,5,0,1,4,2),(3312,285,7,0,1,4,1),(3313,285,8,0,1,4,1),(3314,285,3,0,2,6,1),(3315,285,4,0,2,6,8),(3316,285,5,0,2,6,2),(3317,285,3,0,2,7,1),(3318,285,4,0,2,7,1),(3319,285,5,0,2,7,1),(3320,285,3,0,2,8,3),(3321,285,4,0,2,8,1),(3322,285,5,0,2,8,6),(3323,285,3,0,2,9,1),(3324,285,4,0,2,9,3),(3325,286,1,0,1,4,1),(3326,286,5,0,1,4,1),(3327,286,8,0,1,4,1),(3328,286,1,0,2,8,1),(3329,286,3,0,2,8,3),(3330,286,6,0,2,8,3),(3331,286,3,0,2,9,3),(3332,287,7,0,1,4,1),(3333,287,4,0,1,5,3),(3334,287,3,0,2,6,1),(3335,287,4,0,2,6,1),(3336,287,7,0,2,6,1),(3337,287,3,0,2,7,1),(3338,287,5,0,2,7,1),(3339,287,6,0,2,7,1),(3340,287,2,0,2,8,1),(3341,287,3,0,2,8,4),(3342,287,6,0,2,8,2),(3343,287,3,0,2,9,6),(3344,287,6,0,2,9,1),(3345,287,8,0,2,9,1),(3346,288,8,0,1,4,1),(3347,288,3,0,2,6,1),(3348,288,1,0,2,8,1),(3349,288,3,0,2,8,5),(3350,288,6,0,2,8,2),(3351,288,8,0,2,8,1),(3352,288,1,0,2,9,1),(3353,288,3,0,2,9,5),(3354,288,6,0,2,9,1),(3355,288,8,0,2,9,1),(3356,289,4,0,1,4,2),(3357,289,5,0,1,4,1),(3358,289,8,0,1,4,1),(3359,289,4,0,1,5,1),(3360,289,4,0,2,6,3),(3361,289,4,0,2,7,1),(3362,289,4,0,2,8,1),(3363,289,6,0,2,8,1),(3364,289,1,0,2,9,2),(3365,289,3,0,2,9,1),(3366,289,4,0,2,9,1),(3367,290,8,0,1,4,1),(3368,290,8,0,2,6,1),(3369,290,8,0,2,7,1),(3370,290,8,0,2,8,1),(3371,290,1,0,2,9,1),(3372,290,3,0,2,9,3),(3373,290,8,0,2,9,1),(3374,291,4,0,1,4,3),(3375,291,5,0,1,4,2),(3376,291,8,0,1,4,1),(3377,291,4,0,1,5,1),(3378,291,5,0,1,5,2),(3379,291,5,0,2,6,1),(3380,291,7,0,2,6,1),(3381,291,5,0,2,7,2),(3382,291,3,0,2,8,1),(3383,291,4,0,2,8,1),(3384,291,5,0,2,8,2),(3385,291,8,0,2,8,1),(3386,291,3,0,2,9,1),(3387,291,4,0,2,9,1),(3388,291,5,0,2,9,4),(3389,291,8,0,2,9,1),(3390,292,3,0,2,9,3),(3391,292,8,0,2,9,1),(3392,293,4,0,1,4,3),(3393,293,5,0,1,4,1),(3394,293,5,0,1,5,1),(3395,293,2,0,2,6,1),(3396,293,8,0,2,6,1),(3397,293,2,0,2,8,2),(3398,293,2,0,2,9,1),(3399,293,4,0,2,9,1),(3400,294,6,0,1,4,3),(3401,294,6,0,1,5,3),(3402,294,2,0,2,9,3),(3403,294,6,0,2,9,1),(3404,295,5,0,1,5,1),(3405,295,4,0,2,6,1),(3406,295,5,0,2,6,1),(3407,295,8,0,2,6,1),(3408,295,2,0,2,8,2),(3409,295,4,0,2,8,1),(3410,295,4,0,2,9,1),(3411,295,6,0,2,9,1),(3412,296,8,0,1,4,1),(3413,296,2,0,2,6,1),(3414,296,6,0,2,8,2),(3415,296,2,0,2,9,1),(3416,296,6,0,2,9,2),(3417,297,5,0,1,4,1),(3418,297,5,0,1,5,1),(3419,297,4,0,2,6,1),(3420,297,8,0,2,6,1),(3421,297,8,0,2,8,1),(3422,297,4,0,2,9,1),(3423,298,8,0,1,5,1),(3424,299,5,0,1,4,2),(3425,299,8,0,1,5,1),(3426,299,6,0,2,7,1),(3427,299,8,0,2,8,1),(3428,299,2,0,2,9,1),(3429,299,8,0,2,9,1),(3430,301,8,0,1,1,1),(3431,302,8,0,1,1,1),(3432,304,5,0,1,1,3),(3433,304,8,0,1,1,1),(3434,304,5,0,1,2,3),(3435,304,8,0,1,2,1),(3436,304,5,0,1,3,3),(3437,304,5,0,1,4,1),(3438,304,8,0,1,4,1),(3439,304,5,0,1,5,5),(3440,304,8,0,1,5,2),(3441,304,7,0,2,6,1),(3442,304,3,0,2,8,3),(3443,304,7,0,2,8,1),(3444,304,2,0,2,9,2),(3445,304,3,0,2,9,1),(3446,304,4,0,2,9,2),(3447,304,7,0,2,9,1),(3448,305,4,0,1,1,1),(3449,305,5,0,1,1,1),(3450,305,7,0,1,1,1),(3451,305,8,0,1,1,1),(3452,305,1,0,1,2,1),(3453,305,7,0,1,2,1),(3454,305,8,0,1,2,1),(3455,305,7,0,1,3,1),(3456,305,7,0,1,4,1),(3457,305,1,0,1,5,2),(3458,305,4,0,1,5,3),(3459,305,7,0,1,5,1),(3460,305,8,0,2,8,1),(3461,305,1,0,2,9,1),(3462,305,2,0,2,9,3),(3463,305,4,0,2,9,1),(3464,305,8,0,2,9,1),(3465,306,4,0,1,1,3),(3466,306,5,0,1,1,7),(3467,306,5,0,1,2,7),(3468,306,6,0,1,2,1),(3469,306,8,0,1,2,1),(3470,306,5,0,1,3,3),(3471,306,6,0,1,3,1),(3472,306,8,0,1,3,1),(3473,306,5,0,1,4,4),(3474,306,8,0,1,4,1),(3475,306,5,0,1,5,5),(3476,306,7,0,1,5,1),(3477,306,2,0,2,7,1),(3478,306,5,0,2,7,2),(3479,306,2,0,2,8,1),(3480,306,4,0,2,8,1),(3481,306,1,0,2,9,2),(3482,306,2,0,2,9,4),(3483,306,4,0,2,9,5),(3484,306,5,0,2,9,5),(3485,306,7,0,2,9,1),(3486,306,8,0,2,9,1),(3487,307,4,0,1,1,1),(3488,307,8,0,1,1,1),(3489,307,5,0,1,2,1),(3490,307,7,0,1,2,2),(3491,307,8,0,1,2,1),(3492,307,7,0,1,3,1),(3493,307,7,0,1,4,1),(3494,307,8,0,1,4,1),(3495,307,7,0,1,5,2),(3496,307,8,0,1,5,1),(3497,307,4,0,2,6,1),(3498,307,5,0,2,6,3),(3499,307,8,0,2,8,1),(3500,307,2,0,2,9,1),(3501,307,3,0,2,9,2),(3502,307,4,0,2,9,4),(3503,307,7,0,2,9,1),(3504,308,4,0,1,1,4),(3505,308,6,0,1,1,1),(3506,308,8,0,1,1,1),(3507,308,4,0,1,2,1),(3508,308,5,0,1,2,2),(3509,308,8,0,1,2,1),(3510,308,4,0,1,3,2),(3511,308,5,0,1,3,4),(3512,308,8,0,1,3,1),(3513,308,4,0,1,4,1),(3514,308,8,0,1,4,1),(3515,308,1,0,1,5,3),(3516,308,5,0,1,5,5),(3517,308,6,0,1,5,1),(3518,308,8,0,1,5,1),(3519,308,2,0,2,9,2),(3520,309,5,0,1,1,8),(3521,309,5,0,1,2,2),(3522,309,4,0,1,3,7),(3523,309,5,0,1,3,6),(3524,309,4,0,1,4,2),(3525,309,6,0,1,4,1),(3526,309,7,0,1,4,1),(3527,309,5,0,1,5,8),(3528,309,7,0,1,5,1),(3529,310,5,0,1,1,5),(3530,310,5,0,1,2,16),(3531,310,7,0,1,2,1),(3532,310,4,0,1,3,1),(3533,310,5,0,1,3,12),(3534,310,7,0,1,3,1),(3535,310,5,0,1,4,5),(3536,310,7,0,1,4,1),(3537,310,5,0,1,5,52),(3538,310,7,0,1,5,3),(3539,310,8,0,1,5,3),(3540,311,1,0,1,1,2),(3541,311,5,0,1,1,2),(3542,311,8,0,1,1,1),(3543,311,1,0,1,2,2),(3544,311,5,0,1,2,6),(3545,311,1,0,1,3,1),(3546,311,4,0,1,3,2),(3547,311,5,0,1,3,1),(3548,311,6,0,1,3,1),(3549,311,5,0,1,4,2),(3550,311,8,0,1,4,1),(3551,311,1,0,1,5,2),(3552,311,2,0,1,5,1),(3553,311,4,0,1,5,1),(3554,311,5,0,1,5,3),(3555,311,6,0,1,5,1),(3556,312,5,0,1,1,2),(3557,312,6,0,1,2,1),(3558,312,6,0,1,3,1),(3559,312,4,0,1,4,3),(3560,312,6,0,1,4,1),(3561,312,4,0,1,5,10),(3562,312,5,0,1,5,4),(3563,313,5,0,1,1,1),(3564,313,6,0,1,1,1),(3565,313,7,0,1,1,1),(3566,313,8,0,1,1,1),(3567,313,8,0,1,2,1),(3568,313,5,0,1,3,2),(3569,313,7,0,1,3,1),(3570,313,5,0,1,4,1),(3571,313,5,0,1,5,8),(3572,313,7,0,2,6,1),(3573,313,8,0,2,6,3),(3574,314,5,0,1,1,2),(3575,314,7,0,1,1,1),(3576,314,5,0,1,3,3),(3577,314,5,0,1,4,2),(3578,314,5,0,1,5,7),(3579,315,5,0,1,1,1),(3580,315,8,0,1,3,1),(3581,315,5,0,1,4,2),(3582,315,5,0,1,5,1),(3583,315,8,0,1,5,1),(3584,316,3,0,1,4,1),(3585,316,8,0,1,4,1),(3586,317,5,0,1,4,1),(3587,317,1,0,2,8,1),(3588,317,2,0,2,8,4),(3589,317,5,0,2,8,3),(3590,317,7,0,2,8,1),(3591,317,8,0,2,8,1),(3592,318,5,0,1,4,3),(3593,318,7,0,1,4,1),(3594,318,1,0,2,8,1),(3595,318,3,0,2,8,2),(3596,318,5,0,2,8,4),(3597,318,6,0,2,8,2),(3598,318,7,0,2,8,1),(3599,318,8,0,2,8,1),(3600,319,2,0,1,4,4),(3601,319,4,0,1,4,3),(3602,319,6,0,1,4,1),(3603,319,8,0,1,4,1),(3604,319,2,0,2,8,4),(3605,319,5,0,2,8,10),(3606,319,1,0,2,9,1),(3607,319,4,0,2,9,3),(3608,320,5,0,1,3,2),(3609,320,7,0,1,3,1),(3610,320,8,0,1,3,1),(3611,320,5,0,1,4,3),(3612,320,7,0,1,4,1),(3613,320,8,0,1,4,1),(3614,320,5,0,1,5,3),(3615,320,8,0,1,5,1),(3616,320,4,0,2,7,2),(3617,320,2,0,2,8,1),(3618,320,3,0,2,8,1),(3619,320,4,0,2,8,4),(3620,320,5,0,2,8,1),(3621,320,8,0,2,8,1),(3622,320,1,0,2,9,1),(3623,320,2,0,2,9,2),(3624,320,4,0,2,9,4),(3625,320,7,0,2,9,1),(3626,320,8,0,2,9,1),(3627,321,5,0,1,3,1),(3628,321,6,0,1,3,1),(3629,321,7,0,1,3,1),(3630,321,8,0,1,3,1),(3631,321,5,0,1,4,10),(3632,321,6,0,1,4,2),(3633,321,7,0,1,4,1),(3634,321,8,0,1,4,1),(3635,321,2,0,2,7,7),(3636,321,4,0,2,7,2),(3637,321,6,0,2,7,1),(3638,321,7,0,2,7,1),(3639,321,8,0,2,7,1),(3640,321,1,0,2,8,4),(3641,321,2,0,2,8,13),(3642,321,4,0,2,8,2),(3643,321,5,0,2,8,1),(3644,321,7,0,2,8,1),(3645,321,8,0,2,8,1),(3646,321,1,0,2,9,4),(3647,321,2,0,2,9,24),(3648,321,4,0,2,9,8),(3649,321,5,0,2,9,2),(3650,321,8,0,2,9,1),(3651,322,7,0,1,3,1),(3652,322,8,0,1,3,1),(3653,322,5,0,1,4,3),(3654,322,6,0,1,4,1),(3655,322,8,0,1,4,1),(3656,322,5,0,1,5,3),(3657,322,7,0,1,5,1),(3658,322,8,0,1,5,1),(3659,322,1,0,2,7,1),(3660,322,2,0,2,7,1),(3661,322,8,0,2,7,1),(3662,322,1,0,2,8,3),(3663,322,2,0,2,8,9),(3664,322,4,0,2,8,2),(3665,322,5,0,2,8,8),(3666,322,7,0,2,8,1),(3667,322,1,0,2,9,1),(3668,322,2,0,2,9,16),(3669,322,8,0,2,9,1),(3670,323,5,0,1,3,4),(3671,323,5,0,1,4,6),(3672,323,7,0,1,4,1),(3673,323,7,0,1,5,1),(3674,323,8,0,1,5,1),(3675,323,2,0,2,7,5),(3676,323,5,0,2,7,2),(3677,323,7,0,2,7,1),(3678,323,1,0,2,8,3),(3679,323,2,0,2,8,11),(3680,323,7,0,2,8,1),(3681,323,8,0,2,8,1),(3682,323,2,0,2,9,19),(3683,323,4,0,2,9,1),(3684,323,7,0,2,9,1),(3685,323,8,0,2,9,1),(3686,324,1,0,1,3,2),(3687,324,5,0,1,3,16),(3688,324,6,0,1,3,1),(3689,324,1,0,1,4,1),(3690,324,5,0,1,4,18),(3691,324,7,0,1,4,1),(3692,324,1,0,1,5,3),(3693,324,5,0,1,5,7),(3694,324,6,0,1,5,2),(3695,324,7,0,1,5,1),(3696,324,2,0,2,8,2),(3697,324,1,0,2,9,4),(3698,324,2,0,2,9,13),(3699,324,4,0,2,9,1),(3700,324,5,0,2,9,2),(3701,324,6,0,2,9,1),(3702,324,7,0,2,9,1),(3703,325,5,0,1,3,7),(3704,325,6,0,1,3,2),(3705,325,5,0,1,4,3),(3706,325,7,0,1,4,1),(3707,325,5,0,1,5,3),(3708,325,6,0,1,5,1),(3709,325,7,0,1,5,1);
/*!40000 ALTER TABLE `mg_pollinator_visit` ENABLE KEYS */;
UNLOCK TABLES;

--
-- Table structure for table `mg_post`
--

DROP TABLE IF EXISTS `mg_post`;
/*!40101 SET @saved_cs_client     = @@character_set_client */;
/*!40101 SET character_set_client = utf8 */;
CREATE TABLE `mg_post` (
  `post_id` int(11) NOT NULL AUTO_INCREMENT,
  `user_id` int(11) NOT NULL,
  `garden_id` int(11) NOT NULL,
  `comments` varchar(500) NOT NULL,
  PRIMARY KEY (`post_id`)
) ENGINE=InnoDB AUTO_INCREMENT=9 DEFAULT CHARSET=utf8;
/*!40101 SET character_set_client = @saved_cs_client */;

--
-- Dumping data for table `mg_post`
--

LOCK TABLES `mg_post` WRITE;
/*!40000 ALTER TABLE `mg_post` DISABLE KEYS */;
INSERT INTO `mg_post` VALUES (1,1,1,'Admin1_Comment1'),(2,2,2,'Admin2_Comment1'),(3,3,3,'Admin3_Comment1'),(4,4,1,'Member4_Comment1'),(5,5,2,'Member5_Comment1'),(6,6,3,'Member6_Comment1'),(7,30,26,'HAHAHAHAHA MEMES'),(8,30,26,'HAHAHAHAHA MEMES');
/*!40000 ALTER TABLE `mg_post` ENABLE KEYS */;
UNLOCK TABLES;

--
-- Table structure for table `mg_user`
--

DROP TABLE IF EXISTS `mg_user`;
/*!40101 SET @saved_cs_client     = @@character_set_client */;
/*!40101 SET character_set_client = utf8 */;
CREATE TABLE `mg_user` (
  `user_ID` int(11) NOT NULL AUTO_INCREMENT COMMENT 'Unique ID per user account.',
  `userName` varchar(512) NOT NULL COMMENT 'Unique username created by user. Tied to the userID. Variable length, max 255 chars.',
  `passWord` varchar(255) NOT NULL COMMENT 'Non-unique (for security reasons) password per user (tied to ID). Variable length, max 255 chars.',
  `salt` varchar(255) DEFAULT NULL,
  `email` varchar(255) NOT NULL,
  `first_name` varchar(255) NOT NULL,
  `last_name` varchar(255) DEFAULT NULL,
  `description` varchar(255) DEFAULT NULL,
  `login_id` int(11) NOT NULL,
  `moderator` tinyint(1) DEFAULT '0',
  PRIMARY KEY (`user_ID`),
  UNIQUE KEY `userID_UNIQUE` (`user_ID`),
  UNIQUE KEY `userName_UNIQUE` (`userName`)
<<<<<<< HEAD
) ENGINE=InnoDB AUTO_INCREMENT=26 DEFAULT CHARSET=utf8;
=======
) ENGINE=InnoDB AUTO_INCREMENT=39 DEFAULT CHARSET=utf8;
>>>>>>> origin/22-April-dataform
/*!40101 SET character_set_client = @saved_cs_client */;

--
-- Dumping data for table `mg_user`
--

LOCK TABLES `mg_user` WRITE;
/*!40000 ALTER TABLE `mg_user` DISABLE KEYS */;
<<<<<<< HEAD
INSERT INTO `mg_user` VALUES (23,'Alex2','6d12b3b842e6c23308bc1aba6a7242fe6b508bc5f6b8a1a7b10e1c43e466c8a145929337ccbb1ea300a091f544e424f80f8efb0a437c95a15e492e8a6e4ec781','[B@64b214a6','2@ycp.edu','haha','nice','dank',-1,0),(24,'Alex3','2e41497f20be86766fd5afb990ebebf96b76089c4d29663761886b5ce68a37d27cde6edcf57d3fb56365c1826fc7f32aeeead728e769564f02923f45cc1bfcd1','[B@624e98b7','dank@ycp.edu','Same Password','As Alex2!','Check that salt!',-1,0),(25,'Alex4','7cc121ad49bb96171926d5593a5100fa61cba93d219abcb8e178c17a4f41ae4c9ec0f4ebaef8ba4462cbe9d5ff1fa4753e8570357940714a15d291fed5e80010','[B@2be444a7','hopefully@ycp.edu','A Third Test?!','Does it work?','The password is the same!!!',-1,0);
=======
INSERT INTO `mg_user` VALUES (23,'Alex2','6d12b3b842e6c23308bc1aba6a7242fe6b508bc5f6b8a1a7b10e1c43e466c8a145929337ccbb1ea300a091f544e424f80f8efb0a437c95a15e492e8a6e4ec781','[B@64b214a6','2@ycp.edu','haha','nice','dank',-1,0),(24,'Alex3','2e41497f20be86766fd5afb990ebebf96b76089c4d29663761886b5ce68a37d27cde6edcf57d3fb56365c1826fc7f32aeeead728e769564f02923f45cc1bfcd1','[B@624e98b7','dank@ycp.edu','Same Password','As Alex2!','Check that salt!',-1,0),(25,'Alex4','7cc121ad49bb96171926d5593a5100fa61cba93d219abcb8e178c17a4f41ae4c9ec0f4ebaef8ba4462cbe9d5ff1fa4753e8570357940714a15d291fed5e80010','[B@2be444a7','hopefully@ycp.edu','A Third Test?!','Does it work?','The password is the same!!!',-1,0),(27,'gardener','f4facea36ccd50ef86f18b9b4b3ffaa6e25b8d2c4a8bb8583416655cae60358072e14996dd5bf6623252fc13a0e3c1f2607b89a5a6eabb8cea0990f640c918ef','[B@7144b325','mg@ycp.edu','Master','Gardener','Hello, my name is Master Gardener!',-1,0),(28,'SUPER_TEST','1f5636f155e80f3b143fc0d24d240b94815e62a1dd7f1366e9a4dec11c9a3e50bf328d7659546c39f348babce6ee6b7c30442dc370a75301fbe8c08c69787a82','[B@1874f414','dank','dank','dank','dank',-1,0),(29,'y','ad36ab6ad3ff2947417337d001ac05dca02451fa6f3dd269f4f7065aca07aead0bfe57c6d74dc7b1123840d58f307c671cececec099e9c3769dd37516df0dcee','[B@694ec109','y@y','y','y',NULL,-1,0),(30,'Alex6','bea90c4b2a433ec3e61866d3ed3e2326cb1b2d8748a61dd554d5297f34e9861ee1dc40767db5732a9acb95fc9d99fb9f84bd5df08f364aba53a041ce645e5129','[B@2a0cc1fe','dank@ycp.edu','dank','dank',NULL,-1,0),(31,'gardener24','db62af68a4da1b4ed10f4b602ae249474c5ef722b75a7f84c4aa6c68184c29f25fe760f396cd85cd4e4e57d85b9cb2f3222018f6b5adf5cf019debb3e7ea2766','[B@46a73287','g@ycp.edu','Gardener','Master',NULL,-1,0),(32,'Alex7','f5b3f905279684e8f6587fe50a1e276a8a26b3f8aac5f9c879c2111694cf0fbb145b4ae6cc9aa872b10de9f98e654fe0c4f5d5d514a4119b992c5fcb7a709fb2','[B@2a6aed5e','dank@ycp.edu','Alex','Dankdude','dujekjaskl;dfja;s',-1,0),(33,'nick','3c88b989115dea5c617251f14acf6c01372deed7fbbb0c1a8cd227591152f47b70cd7c2bc476ec1a9bcdb481c20c775659a1a2403e9f368bbef594a986f3ad3e','[B@449f73a','nick@w','nick','nick',NULL,-1,1),(34,'gardener242424','3a31e394830b8abfb1135d206b1baccbe7b3c13346c5664c50da93ba3da1fb21f04fbf4761b41d4d3ab90f933844dd3986f5482afe42a955a886badf0408fc82','[B@125e8fdc','gardener@ycp.edu','Gardener','Master',NULL,-1,2),(36,'2','88299920a6ceb900704f9376928e46462e494246df91c96b03b4f21def26ea98b543e5fc03ca7bf66022f649915187f64f96de0a086f4aae00b103d98bde678a','[B@2492cee4','2@2','2','2',NULL,-1,0),(37,'3','e8e5a322e4ed87738b89757918b1b9cdd81c8e236264962896e44ae895191b135b55f4789cb535e556b4a7660fdf6720f37ffcb0f4a5f6b6af23f21762f3a88c','[B@17cbc145','3@3','3','3',NULL,-1,0),(38,'4','17f29573f1083292675fd2518b77a86fe893480b31b4bdb6b66ca8834a3d3c73e956e15f2e5f45cf14e40d95d9435cc41fe299eb24876cf4378d2f1094afcd37','[B@18e250d9','4@4','4','4',NULL,-1,0);
>>>>>>> origin/22-April-dataform
/*!40000 ALTER TABLE `mg_user` ENABLE KEYS */;
UNLOCK TABLES;
/*!40103 SET TIME_ZONE=@OLD_TIME_ZONE */;

/*!40101 SET SQL_MODE=@OLD_SQL_MODE */;
/*!40014 SET FOREIGN_KEY_CHECKS=@OLD_FOREIGN_KEY_CHECKS */;
/*!40014 SET UNIQUE_CHECKS=@OLD_UNIQUE_CHECKS */;
/*!40101 SET CHARACTER_SET_CLIENT=@OLD_CHARACTER_SET_CLIENT */;
/*!40101 SET CHARACTER_SET_RESULTS=@OLD_CHARACTER_SET_RESULTS */;
/*!40101 SET COLLATION_CONNECTION=@OLD_COLLATION_CONNECTION */;
/*!40111 SET SQL_NOTES=@OLD_SQL_NOTES */;

<<<<<<< HEAD
-- Dump completed on 2018-03-24 12:23:24
=======
-- Dump completed on 2018-04-08 11:12:21
>>>>>>> origin/22-April-dataform
