-- MySQL dump 10.13  Distrib 5.7.17, for Win64 (x86_64)
--
-- Host: 127.0.0.1    Database: mastergardener
-- ------------------------------------------------------
-- Server version	5.7.20-log

/*!40101 SET @OLD_CHARACTER_SET_CLIENT=@@CHARACTER_SET_CLIENT */;
/*!40101 SET @OLD_CHARACTER_SET_RESULTS=@@CHARACTER_SET_RESULTS */;
/*!40101 SET @OLD_COLLATION_CONNECTION=@@COLLATION_CONNECTION */;
/*!40101 SET NAMES utf8 */;
/*!40103 SET @OLD_TIME_ZONE=@@TIME_ZONE */;
/*!40103 SET TIME_ZONE='+00:00' */;
/*!40014 SET @OLD_UNIQUE_CHECKS=@@UNIQUE_CHECKS, UNIQUE_CHECKS=0 */;
/*!40014 SET @OLD_FOREIGN_KEY_CHECKS=@@FOREIGN_KEY_CHECKS, FOREIGN_KEY_CHECKS=0 */;
/*!40101 SET @OLD_SQL_MODE=@@SQL_MODE, SQL_MODE='NO_AUTO_VALUE_ON_ZERO' */;
/*!40111 SET @OLD_SQL_NOTES=@@SQL_NOTES, SQL_NOTES=0 */;

--
-- Table structure for table `mg_county`
--

DROP TABLE IF EXISTS `mg_county`;
/*!40101 SET @saved_cs_client     = @@character_set_client */;
/*!40101 SET character_set_client = utf8 */;
CREATE TABLE `mg_county` (
  `county_ID` int(11) NOT NULL AUTO_INCREMENT COMMENT 'Having a unique county ID per county name lets us identify which state the county is in.',
  `countyName` varchar(255) NOT NULL COMMENT 'A list of counties in the state. This does not necessarily have to be a unique name due to the fact that multiple states can have the same county names, but there should definitely be a check when adding a new county as to whether or not the county already exists for the given state.',
  `stateName` varchar(255) NOT NULL,
  PRIMARY KEY (`county_ID`)
) ENGINE=InnoDB AUTO_INCREMENT=69 DEFAULT CHARSET=utf8;
/*!40101 SET character_set_client = @saved_cs_client */;

--
-- Dumping data for table `mg_county`
--

LOCK TABLES `mg_county` WRITE;
/*!40000 ALTER TABLE `mg_county` DISABLE KEYS */;
INSERT INTO `mg_county` VALUES (1,'Adams','Pennsylvania'),(2,'Allegheny','Pennsylvania'),(3,'Beaver','Pennsylvania'),(4,'Berks','Pennsylvania'),(5,'Bradford','Pennsylvania'),(6,'CentreAPD','Pennsylvania'),(7,'Cumberland','Pennsylvania'),(8,'Dauphin','Pennsylvania'),(9,'Erie','Pennsylvania'),(10,'Fayette','Pennsylvania'),(11,'Fulton','Pennsylvania'),(12,'Greene','Pennsylvania'),(13,'Indiana','Pennsylvania'),(14,'Lawrence','Pennsylvania'),(15,'Lancaster','Pennsylvania'),(16,'Lehigh','Pennsylvania'),(17,'Luzerne','Pennsylvania'),(18,'Mercer','Pennsylvania'),(19,'Monroe','Pennsylvania'),(20,'Montgomery','Pennsylvania'),(21,'Northampton','Pennsylvania'),(22,'Schuykill','Pennsylvania'),(23,'Susquehanna','Pennsylvania'),(24,'Washington','Pennsylvania'),(25,'Wyoming','Pennsylvania'),(26,'York','Pennsylvania'),(27,'CentreSnets','Pennsylvania'),(28,'Armstrong','Pennsylvania'),(29,'Bedford','Pennsylvania'),(30,'Blair','Pennsylvania'),(31,'Bucks','Pennsylvania'),(32,'Butler','Pennsylvania'),(33,'Cambria','Pennsylvania'),(34,'Cameron','Pennsylvania'),(35,'Carbon','Pennsylvania'),(36,'Chester','Pennsylvania'),(37,'Clarion','Pennsylvania'),(38,'Clearfield','Pennsylvania'),(39,'Clinton','Pennsylvania'),(40,'Columbia County','Pennsylvania'),(41,'Crawford','Pennsylvania'),(42,'Delaware','Pennsylvania'),(43,'Elk','Pennsylvania'),(44,'Forest','Pennsylvania'),(45,'Franklin','Pennsylvania'),(46,'Huntington','Pennsylvania'),(47,'Jefferson','Pennsylvania'),(48,'Juniata','Pennsylvania'),(49,'Lackawanna','Pennsylvania'),(50,'Lebanon','Pennsylvania'),(51,'Lycoming','Pennsylvania'),(52,'McKean','Pennsylvania'),(53,'Mifflin','Pennsylvania'),(54,'Montour','Pennsylvania'),(55,'Northumberland','Pennsylvania'),(56,'Perry','Pennsylvania'),(57,'Philadelphia','Pennsylvania'),(58,'Pike','Pennsylvania'),(59,'Potter','Pennsylvania'),(60,'Snyder','Pennsylvania'),(61,'Somerset','Pennsylvania'),(62,'Sullivan','Pennsylvania'),(63,'Tioga','Pennsylvania'),(64,'Union','Pennsylvania'),(65,'Venango','Pennsylvania'),(66,'Warren','Pennsylvania'),(67,'Wayne','Pennsylvania'),(68,'Westmoreland','Pennsylvania');
/*!40000 ALTER TABLE `mg_county` ENABLE KEYS */;
UNLOCK TABLES;

--
-- Table structure for table `mg_data_form`
--

DROP TABLE IF EXISTS `mg_data_form`;
/*!40101 SET @saved_cs_client     = @@character_set_client */;
/*!40101 SET character_set_client = utf8 */;
CREATE TABLE `mg_data_form` (
  `id` int(11) NOT NULL AUTO_INCREMENT,
  `week_number` int(11) NOT NULL,
  `garden_id` int(11) NOT NULL,
  `county_id` int(11) NOT NULL,
  `generator_id1` int(11) DEFAULT NULL,
  `generator_id2` int(11) DEFAULT NULL,
  `generator_id3` int(11) DEFAULT NULL,
  `generator_id4` int(11) DEFAULT NULL,
  `date_generated` date NOT NULL,
  `monitor_start` time DEFAULT NULL,
  `monitor_stop` time DEFAULT NULL,
  `wind_status` varchar(50) DEFAULT NULL,
  `cloud_status` varchar(50) DEFAULT NULL,
  `comments` varchar(500) DEFAULT NULL,
  `confirmed` tinyint(1) DEFAULT '0',
  `temperature` int(11) DEFAULT NULL,
  `date_created` date NOT NULL,
  PRIMARY KEY (`id`)
) ENGINE=InnoDB AUTO_INCREMENT=327 DEFAULT CHARSET=utf8;
/*!40101 SET character_set_client = @saved_cs_client */;

--
-- Dumping data for table `mg_data_form`
--

LOCK TABLES `mg_data_form` WRITE;
/*!40000 ALTER TABLE `mg_data_form` DISABLE KEYS */;
INSERT INTO `mg_data_form` VALUES (1,4,1,1,-1,NULL,NULL,NULL,'2017-12-09','13:20:00','13:45:00','L','P','',1,70,'2016-06-24'),(2,5,1,1,-1,NULL,NULL,NULL,'2017-12-09','11:00:00','11:25:00','S','P','',1,80,'2016-07-07'),(3,8,1,1,-1,NULL,NULL,NULL,'2017-12-09','10:55:00','11:30:00','L','C','',1,80,'2016-07-21'),(4,9,1,1,-1,NULL,NULL,NULL,'2017-12-09','10:30:00','10:50:00','S','O','',1,80,'2016-07-28'),(5,10,1,1,-1,NULL,NULL,NULL,'2017-12-09','11:45:00','12:10:00','L','P','',1,80,'2016-08-04'),(6,12,1,1,-1,NULL,NULL,NULL,'2017-12-09','11:00:00','11:30:00','L','C','',1,80,'2016-08-17'),(7,13,1,1,-1,NULL,NULL,NULL,'2017-12-09','10:45:00','11:00:00','L','M','',1,70,'2016-08-25'),(8,14,1,1,-1,NULL,NULL,NULL,'2017-12-09','12:15:00','12:40:00','W','P','',1,70,'2016-09-02'),(9,15,1,1,-1,NULL,NULL,NULL,'2017-12-09','11:45:00','12:10:00','L','M','',1,90,'2016-09-09'),(10,5,2,2,-1,NULL,NULL,NULL,'2017-12-09','11:35:00','11:50:00','LB','PC','',1,80,'2016-06-27'),(11,6,2,2,-1,NULL,NULL,NULL,'2017-12-09','11:30:00','12:20:00','LB','O','',1,70,'2017-07-04'),(12,7,2,2,-1,NULL,NULL,NULL,'2017-12-09','11:30:00','11:55:00','LB','C','',1,80,'2016-07-11'),(13,8,2,2,-1,NULL,NULL,NULL,'2017-12-09','11:05:00','11:35:00','LB','C','',1,80,'2016-07-20'),(14,9,2,2,-1,NULL,NULL,NULL,'2017-12-09','11:45:00','12:15:00','S','PC','',1,80,'2016-07-25'),(15,10,2,2,-1,NULL,NULL,NULL,'2017-12-09','14:30:00','14:50:00','S','C','',1,80,'2016-08-01'),(16,11,2,2,-1,NULL,NULL,NULL,'2017-12-09','11:25:00','11:50:00','LB','PC','',1,80,'2016-08-08'),(17,12,2,2,-1,NULL,NULL,NULL,'2017-12-09','11:02:00','11:35:00','LB','O','',1,70,'2016-08-15'),(18,13,2,2,-1,NULL,NULL,NULL,'2017-12-09','11:35:00','11:55:00','LB','PC','',1,70,'2016-08-22'),(19,14,2,2,-1,NULL,NULL,NULL,'2017-12-09','14:30:00','15:00:00','LB','C','',1,80,'2016-08-29'),(20,15,2,2,-1,NULL,NULL,NULL,'2017-12-09','11:40:00','12:50:00','LB','C','',1,80,'2016-09-05'),(21,17,2,2,-1,NULL,NULL,NULL,'2017-12-09','12:25:00','12:55:00','LB','PC','',1,70,'2016-09-19'),(22,18,2,2,-1,NULL,NULL,NULL,'2017-12-09','11:40:00','12:18:00','LB','PC','',1,75,'2016-09-26'),(23,4,3,3,-1,NULL,NULL,NULL,'2017-12-09','10:50:00','11:10:00','LB','PC','',1,70,'2016-06-21'),(24,5,3,3,-1,NULL,NULL,NULL,'2017-12-09','13:45:00','15:06:00','LB','PC','',1,70,'2016-07-02'),(25,6,3,3,-1,NULL,NULL,NULL,'2017-12-09','11:45:00','12:45:00','LB','MC','',1,70,'2016-07-07'),(26,7,3,3,-1,NULL,NULL,NULL,'2017-12-09','11:30:00','12:30:00','LB','MC','',1,80,'2016-07-16'),(27,8,3,3,-1,NULL,NULL,NULL,'2017-12-09','13:15:00','14:15:00','LB','C','',1,90,'2016-07-24'),(28,9,3,3,-1,NULL,NULL,NULL,'2017-12-09','10:45:00','10:50:00','S','O','',1,70,'2016-07-28'),(29,10,3,3,-1,NULL,NULL,NULL,'2017-12-09','12:40:00','12:50:00','S','PC','',1,90,'2016-08-03'),(30,11,3,3,-1,NULL,NULL,NULL,'2017-12-09','18:30:00','19:35:00','LB','MC','',1,80,'2016-08-11'),(31,14,3,3,-1,NULL,NULL,NULL,'2017-12-09','15:00:00','16:00:00','LB','PC','',1,80,'2016-08-28'),(32,15,3,3,-1,NULL,NULL,NULL,'2017-12-09','17:05:00','17:50:00','LB','PC','',1,80,'2016-09-10'),(33,4,4,4,-1,NULL,NULL,NULL,'2017-12-09','12:15:00','12:20:00','S','C','',1,80,'2016-06-20'),(34,5,4,4,-1,NULL,NULL,NULL,'2017-12-09','12:15:00','12:20:00','LB','MC','',1,80,'2016-06-27'),(35,6,4,4,-1,NULL,NULL,NULL,'2017-12-09','12:15:00','12:20:00','LB','C','',1,90,'2016-07-06'),(36,7,4,4,-1,NULL,NULL,NULL,'2017-12-09','12:15:00','12:20:00','LB','PC','',1,80,'2016-07-11'),(37,8,4,4,-1,NULL,NULL,NULL,'2017-12-09','12:00:00','12:05:00','LB','PC','',1,90,'2016-07-18'),(38,9,4,4,-1,NULL,NULL,NULL,'2017-12-09','12:15:00','12:20:00','S','PC','',1,90,'2016-07-25'),(39,10,4,4,-1,NULL,NULL,NULL,'2017-12-09','12:15:00','12:20:00','','MC','',1,70,'2016-08-01'),(40,11,4,4,-1,NULL,NULL,NULL,'2017-12-09','12:15:00','12:20:00','S','MC','',1,70,'2016-08-08'),(41,12,4,4,-1,NULL,NULL,NULL,'2017-12-09','12:15:00','12:20:00','LB','C','',1,80,'2016-08-15'),(42,13,4,4,-1,NULL,NULL,NULL,'2017-12-09','12:15:00','12:20:00','LB','PC','',1,70,'2016-08-22'),(43,14,4,4,-1,NULL,NULL,NULL,'2017-12-09','12:15:00','12:20:00','S','C','',1,80,'2016-08-29'),(44,15,4,4,-1,NULL,NULL,NULL,'2017-12-09','12:12:00','12:17:00','W','','',1,80,'2016-09-06'),(45,16,4,4,-1,NULL,NULL,NULL,'2017-12-09','12:15:00','12:20:00','S','C','',1,70,'2016-09-12'),(46,17,4,4,-1,NULL,NULL,NULL,'2017-12-09','12:15:00','12:20:00','LB','MC','',1,70,'2016-09-19'),(47,18,4,4,-1,NULL,NULL,NULL,'2017-12-09','12:15:00','12:20:00','LB','O','',1,60,'2016-09-26'),(48,19,4,4,-1,NULL,NULL,NULL,'2017-12-09','12:15:00','12:20:00','LB','PC','',1,60,'2016-10-03'),(49,5,5,5,-1,NULL,NULL,NULL,'2017-12-09','11:20:00','11:50:00','LB','PC','',1,70,'2016-07-02'),(50,6,5,5,-1,NULL,NULL,NULL,'2017-12-09','11:30:00','12:15:00','LB','PC','',1,80,'2016-07-06'),(51,7,5,5,-1,NULL,NULL,NULL,'2017-12-09','11:35:00','12:30:00','LB','PC','',1,80,'2016-07-13'),(52,8,5,5,-1,NULL,NULL,NULL,'2017-12-09','14:30:00','15:00:00','S','C','',1,90,'2016-07-21'),(53,9,5,5,-1,NULL,NULL,NULL,'2017-12-09','12:00:00','12:45:00','LB','C','',1,80,'2016-07-26'),(54,10,5,5,-1,NULL,NULL,NULL,'2017-12-09','11:30:00','13:00:00','S','PC','',1,80,'2016-08-04'),(55,11,5,5,-1,NULL,NULL,NULL,'2017-12-09','11:30:00','13:00:00','S','PC','',1,90,'2016-08-13'),(56,12,5,5,-1,NULL,NULL,NULL,'2017-12-09','11:30:00','12:00:00','S','C','',1,80,'2016-08-19'),(57,13,5,5,-1,NULL,NULL,NULL,'2017-12-09','11:45:00','12:30:00','S','C','',1,80,'2016-08-27'),(58,14,5,5,-1,NULL,NULL,NULL,'2017-12-09','15:25:00','15:40:00','S','C','',1,90,'2016-08-30'),(59,16,5,5,-1,NULL,NULL,NULL,'2017-12-09','14:40:00','15:15:00','LB','C','',1,80,'2016-09-15'),(60,7,6,6,-1,NULL,NULL,NULL,'2017-12-09','11:30:00','12:45:00','L','C','',1,70,'2016-07-10'),(61,8,6,6,-1,NULL,NULL,NULL,'2017-12-09','11:30:00','12:30:00','L','P','',1,80,'2016-07-17'),(62,9,6,6,-1,NULL,NULL,NULL,'2017-12-09','12:00:00','12:30:00','L','P','',1,80,'2016-07-24'),(63,10,6,6,-1,NULL,NULL,NULL,'2017-12-09','11:30:00','12:30:00','L','P','',1,70,'2016-07-31'),(64,11,6,6,-1,NULL,NULL,NULL,'2017-12-09','11:30:00','12:30:00','L','P','',1,80,'2016-08-07'),(65,12,6,6,-1,NULL,NULL,NULL,'2017-12-09','12:00:00','12:30:00','W','M','',1,80,'2016-08-14'),(66,13,6,6,-1,NULL,NULL,NULL,'2017-12-09','12:30:00','13:20:00','L','C','',1,80,'2016-08-23'),(67,14,6,6,-1,NULL,NULL,NULL,'2017-12-09','11:30:00','12:00:00','G','C','',1,80,'2016-08-28'),(68,15,6,6,-1,NULL,NULL,NULL,'2017-12-09','12:15:00','12:45:00','S','C','',1,70,'2016-09-04'),(69,16,6,6,-1,NULL,NULL,NULL,'2017-12-09','11:30:00','12:00:00','L','P','',1,70,'2016-09-11'),(70,17,6,6,-1,NULL,NULL,NULL,'2017-12-09','11:30:00','12:00:00','L','O','',1,70,'2016-09-18'),(71,18,6,6,-1,NULL,NULL,NULL,'2017-12-09','11:45:00','12:30:00','S','C','',1,60,'2016-09-25'),(72,19,6,6,-1,NULL,NULL,NULL,'2017-12-09','11:30:00','12:00:00','L','O','',1,60,'2016-10-02'),(73,3,7,7,-1,NULL,NULL,NULL,'2017-12-09','11:18:00','11:37:00','S','C','',1,70,'2016-06-18'),(74,4,7,7,-1,NULL,NULL,NULL,'2017-12-09','11:47:00','12:30:00','S','C','',1,70,'2016-06-25'),(75,5,7,7,-1,NULL,NULL,NULL,'2017-12-09','15:06:00','15:11:00','L','C','',1,80,'2016-06-30'),(76,7,7,7,-1,NULL,NULL,NULL,'2017-12-09','11:25:00','11:40:00','L','C','',1,80,'2016-07-12'),(77,8,7,7,-1,NULL,NULL,NULL,'2017-12-09','11:33:00','11:45:00','L','C','',1,80,'2016-07-20'),(78,9,7,7,-1,NULL,NULL,NULL,'2017-12-09','11:00:00','11:40:00','G','P','',1,90,'2016-07-26'),(79,3,8,8,-1,NULL,NULL,NULL,'2017-12-09','11:40:00','12:05:00','','P','',1,70,'2016-06-17'),(80,4,8,8,-1,NULL,NULL,NULL,'2017-12-09','11:35:00','12:05:00','S','M','',1,70,'2016-06-24'),(81,5,8,8,-1,NULL,NULL,NULL,'2017-12-09','13:20:00','13:40:00','L','P','',1,80,'2016-06-29'),(82,6,8,8,-1,NULL,NULL,NULL,'2017-12-09','11:30:00','12:19:00','S','P','',1,80,'2016-07-07'),(83,7,8,8,-1,NULL,NULL,NULL,'2017-12-09','13:50:00','14:15:00','L','C','',1,80,'2016-07-11'),(84,8,8,8,-1,NULL,NULL,NULL,'2017-12-09','13:32:00','13:58:00','L','C','',1,80,'2016-07-21'),(85,9,8,8,-1,NULL,NULL,NULL,'2017-12-09','11:34:00','12:08:00','L','M','',1,80,'2016-07-27'),(86,10,8,8,-1,NULL,NULL,NULL,'2017-12-09','11:00:00','11:43:00','L','P','',1,70,'2016-08-01'),(87,11,8,8,-1,NULL,NULL,NULL,'2017-12-09','10:35:00','11:10:00','L','O','',1,80,'2016-08-10'),(88,12,8,8,-1,NULL,NULL,NULL,'2017-12-09','11:40:00','12:15:00','S','P','',1,80,'2016-08-19'),(89,13,8,8,-1,NULL,NULL,NULL,'2017-12-09','11:20:00','11:55:00','L','P','',1,70,'2016-08-22'),(90,14,8,8,-1,NULL,NULL,NULL,'2017-12-09','11:25:00','12:15:00','L','P','',1,80,'2016-08-31'),(91,15,8,8,-1,NULL,NULL,NULL,'2017-12-09','10:15:00','11:03:00','L','C','',1,80,'2016-09-06'),(92,16,8,8,-1,NULL,NULL,NULL,'2017-12-09','12:30:00','13:10:00','L','P','',1,80,'2016-09-13'),(93,17,8,8,-1,NULL,NULL,NULL,'2017-12-09','10:57:00','11:05:00','S','C','',1,70,'2016-09-22'),(94,6,9,9,-1,NULL,NULL,NULL,'2017-12-09','13:00:00','13:15:00','L','P','',1,80,'2016-07-03'),(95,8,9,9,-1,NULL,NULL,NULL,'2017-12-09','15:00:00','15:30:00','L','P','',1,80,'2016-07-20'),(96,9,9,9,-1,NULL,NULL,NULL,'2017-12-09','15:00:00','16:00:00','S','C','',1,80,'2016-07-27'),(97,10,9,9,-1,NULL,NULL,NULL,'2017-12-09','15:07:00','15:45:00','W','P','',1,80,'2016-08-03'),(98,11,9,9,-1,NULL,NULL,NULL,'2017-12-09','11:00:00','12:00:00','L','P','',1,80,'2016-08-10'),(99,12,9,9,-1,NULL,NULL,NULL,'2017-12-09','11:00:00','12:00:00','S','P','',1,70,'2016-08-17'),(100,13,9,9,-1,NULL,NULL,NULL,'2017-12-09','11:05:00','12:00:00','L','C','',1,80,'2016-08-24'),(101,14,9,9,-1,NULL,NULL,NULL,'2017-12-09','10:00:00','11:00:00','L','P','',1,80,'2016-09-02'),(102,15,9,9,-1,NULL,NULL,NULL,'2017-12-09','10:00:00','10:30:00','L','C','',1,80,'2016-09-08'),(103,2,10,10,-1,NULL,NULL,NULL,'2017-12-09','13:05:00','13:15:00','L','P','',1,70,'2016-06-07'),(104,3,10,10,-1,NULL,NULL,NULL,'2017-12-09','14:00:00','14:30:00','L','P','',1,80,'2016-06-18'),(105,4,10,10,-1,NULL,NULL,NULL,'2017-12-09','14:49:00','15:03:00','L','P','',1,80,'2016-06-25'),(106,5,10,10,-1,NULL,NULL,NULL,'2017-12-09','14:48:00','15:15:00','L','O','',1,70,'2016-07-02'),(107,6,10,10,-1,NULL,NULL,NULL,'2017-12-09','11:13:00','11:59:00','L','P','',1,70,'2016-07-09'),(108,7,10,10,-1,NULL,NULL,NULL,'2017-12-09','11:13:00','11:59:00','L','P','',1,70,'2016-07-12'),(109,8,10,10,-1,NULL,NULL,NULL,'2017-12-09','11:40:00','12:45:00','L','C','',1,80,'2016-07-19'),(110,9,10,10,-1,NULL,NULL,NULL,'2017-12-09','12:15:00','13:10:00','L','C','',1,80,'2016-07-24'),(111,10,10,10,-1,NULL,NULL,NULL,'2017-12-09','13:30:00','14:00:00','L','C','',1,80,'2016-08-02'),(112,11,10,10,-1,NULL,NULL,NULL,'2017-12-09','11:55:00','12:24:00','S','C','',1,80,'2016-08-09'),(113,12,10,10,-1,NULL,NULL,NULL,'2017-12-09','14:00:00','14:45:00','L','P','',1,80,'2016-08-18'),(114,13,10,10,-1,NULL,NULL,NULL,'2017-12-09','11:30:00','12:30:00','L','C','',1,70,'2016-08-24'),(115,14,10,10,-1,NULL,NULL,NULL,'2017-12-09','14:59:00','15:46:00','S','P','',1,90,'2016-08-28'),(116,15,10,10,-1,NULL,NULL,NULL,'2017-12-09','13:10:00','13:40:00','L','P','',1,80,'2016-09-07'),(117,16,10,10,-1,NULL,NULL,NULL,'2017-12-09','15:00:00','15:30:00','L','C','',1,80,'2016-09-12'),(118,17,10,10,-1,NULL,NULL,NULL,'2017-12-09','14:40:00','15:20:00','S','P','',1,70,'2016-09-22'),(119,18,10,10,-1,NULL,NULL,NULL,'2017-12-09','13:20:00','13:45:00','L','P','',1,60,'2016-09-27'),(120,19,10,10,-1,NULL,NULL,NULL,'2017-12-09','15:25:00','16:05:00','L','P','',1,60,'2016-10-02'),(121,20,10,10,-1,NULL,NULL,NULL,'2017-12-09','14:30:00','15:05:00','L','C','',1,60,'2016-10-10'),(122,4,11,11,-1,NULL,NULL,NULL,'2017-12-09','12:00:00','12:30:00','L','O','',1,70,'2016-06-24'),(123,5,11,11,-1,NULL,NULL,NULL,'2017-12-09','12:00:00','12:45:00','L','C','',1,80,'2016-06-30'),(124,7,11,11,-1,NULL,NULL,NULL,'2017-12-09','11:30:00','12:00:00','L','O','',1,80,'2016-07-13'),(125,8,11,11,-1,NULL,NULL,NULL,'2017-12-09','12:20:00','13:00:00','L','C','',1,80,'2016-07-20'),(126,9,11,11,-1,NULL,NULL,NULL,'2017-12-09','13:30:00','14:10:00','L','M','',1,80,'2016-07-26'),(127,10,11,11,-1,NULL,NULL,NULL,'2017-12-09','14:10:00','15:00:00','L','M','',1,80,'2016-08-04'),(128,11,11,11,-1,NULL,NULL,NULL,'2017-12-09','12:50:00','13:05:00','L','P','',1,80,'2016-08-10'),(129,12,11,11,-1,NULL,NULL,NULL,'2017-12-09','14:38:00','15:00:00','S','P','',1,80,'2016-08-15'),(130,13,11,11,-1,NULL,NULL,NULL,'2017-12-09','14:30:00','15:00:00','L','M','',1,80,'2016-08-23'),(131,14,11,11,-1,NULL,NULL,NULL,'2017-12-09','13:15:00','14:00:00','L','P','',1,70,'2016-09-01'),(132,15,11,11,-1,NULL,NULL,NULL,'2017-12-09','12:50:00','13:20:00','W','M','',1,80,'2016-09-07'),(133,17,11,11,-1,NULL,NULL,NULL,'2017-12-09','10:30:00','11:00:00','L','C','',1,70,'2016-09-22'),(134,19,11,11,-1,NULL,NULL,NULL,'2017-12-09','11:30:00','12:00:00','L','P','',1,70,'2016-10-03'),(135,3,12,12,-1,NULL,NULL,NULL,'2017-12-09','12:00:00','12:30:00','S','C','',1,80,'2016-06-18'),(136,4,12,12,-1,NULL,NULL,NULL,'2017-12-09','15:50:00','16:55:00','L','P','',1,80,'2016-06-21'),(137,5,12,12,-1,NULL,NULL,NULL,'2017-12-09','15:20:00','16:00:00','S','P','',1,70,'2016-07-01'),(138,6,12,12,-1,NULL,NULL,NULL,'2017-12-09','11:30:00','12:15:00','L','O','',1,80,'2016-07-07'),(139,7,12,12,-1,NULL,NULL,NULL,'2017-12-09','12:00:00','13:30:00','L','C','',1,80,'2016-07-14'),(140,8,12,12,-1,NULL,NULL,NULL,'2017-12-09','15:15:00','16:00:00','W','C','',1,80,'2016-07-18'),(141,9,12,12,-1,NULL,NULL,NULL,'2017-12-09','12:00:00','12:25:00','L','P','',1,70,'2016-07-29'),(142,10,12,12,-1,NULL,NULL,NULL,'2017-12-09','12:15:00','12:40:00','L','M','',1,80,'2016-08-01'),(143,11,12,12,-1,NULL,NULL,NULL,'2017-12-09','12:30:00','13:30:00','L','C','',1,80,'2016-08-09'),(144,12,12,12,-1,NULL,NULL,NULL,'2017-12-09','15:30:00','16:00:00','L','M','',1,80,'2016-08-17'),(145,14,12,12,-1,NULL,NULL,NULL,'2017-12-09','14:00:00','15:00:00','W','M','',1,70,'2016-09-02'),(146,15,12,12,-1,NULL,NULL,NULL,'2017-12-09','11:35:00','12:10:00','L','C','',1,80,'2016-09-06'),(147,17,12,12,-1,NULL,NULL,NULL,'2017-12-09','13:00:00','13:20:00','S','C','',1,80,'2016-09-21'),(148,4,13,13,-1,NULL,NULL,NULL,'2017-12-09','11:45:00','12:20:00','L','C','',1,70,'2016-06-24'),(149,5,13,13,-1,NULL,NULL,NULL,'2017-12-09','14:30:00','15:45:00','L','C','',1,80,'2016-06-27'),(150,6,13,13,-1,NULL,NULL,NULL,'2017-12-09','12:00:00','13:00:00','L','P','',1,80,'2016-07-06'),(151,7,13,13,-1,NULL,NULL,NULL,'2017-12-09','15:00:00','16:00:00','L','P','',1,80,'2016-07-16'),(152,8,13,13,-1,NULL,NULL,NULL,'2017-12-09','13:45:00','14:45:00','L','C','',1,80,'2016-07-21'),(153,9,13,13,-1,NULL,NULL,NULL,'2017-12-09','14:00:00','15:05:00','L','C','',1,80,'2016-07-27'),(154,10,13,13,-1,NULL,NULL,NULL,'2017-12-09','12:15:00','13:45:00','L','P','',1,80,'2016-08-04'),(155,11,13,13,-1,NULL,NULL,NULL,'2017-12-09','13:55:00','14:15:00','S','C','',1,80,'2016-08-08'),(156,12,13,13,-1,NULL,NULL,NULL,'2017-12-09','14:50:00','15:00:00','S','C','',1,80,'2016-08-18'),(157,1,14,14,-1,NULL,NULL,NULL,'2017-12-09','13:40:00','13:45:00','L','C','',1,80,'2016-06-01'),(158,2,14,14,-1,NULL,NULL,NULL,'2017-12-09','16:00:00','16:30:00','L','C','',1,60,'2016-06-09'),(159,3,14,14,-1,NULL,NULL,NULL,'2017-12-09','12:30:00','13:30:00','L','C','',1,70,'2016-06-13'),(160,4,14,14,-1,NULL,NULL,NULL,'2017-12-09','10:30:00','11:00:00','L','C','',1,80,'2016-06-21'),(161,5,14,14,-1,NULL,NULL,NULL,'2017-12-09','13:00:00','13:26:00','L','P','',1,80,'2016-06-30'),(162,6,14,14,-1,NULL,NULL,NULL,'2017-12-09','16:00:00','16:30:00','L','C','',1,80,'2016-07-09'),(163,7,14,14,-1,NULL,NULL,NULL,'2017-12-09','15:30:00','16:23:00','L','C','',1,80,'2016-07-10'),(164,8,14,14,-1,NULL,NULL,NULL,'2017-12-09','15:15:00','15:40:00','L','C','',1,90,'2016-07-22'),(165,9,14,14,-1,NULL,NULL,NULL,'2017-12-09','14:00:00','14:30:00','L','P','',1,90,'2016-07-24'),(166,10,14,14,-1,NULL,NULL,NULL,'2017-12-09','15:10:00','15:30:00','L','P','',1,80,'2016-08-06'),(167,4,15,15,-1,NULL,NULL,NULL,'2017-12-09','12:30:00','13:00:00','LB','PC','',1,80,'2016-06-21'),(168,5,15,15,-1,NULL,NULL,NULL,'2017-12-09','13:00:00','13:40:00','S','O','',1,80,'2016-06-28'),(169,6,15,15,-1,NULL,NULL,NULL,'2017-12-09','12:00:00','13:00:00','LB','PC','',1,80,'2016-07-05'),(170,7,15,15,-1,NULL,NULL,NULL,'2017-12-09','12:30:00','13:10:00','LB','PC','',1,80,'2016-07-12'),(171,8,15,15,-1,NULL,NULL,NULL,'2017-12-09','12:15:00','13:00:00','LB','C','',1,80,'2016-07-19'),(172,9,15,15,-1,NULL,NULL,NULL,'2017-12-09','11:45:00','12:30:00','LB','PC','',1,80,'2016-07-26'),(173,10,15,15,-1,NULL,NULL,NULL,'2017-12-09','12:50:00','13:20:00','LB','PC','',1,80,'2016-08-02'),(174,11,15,15,-1,NULL,NULL,NULL,'2017-12-09','12:15:00','13:00:00','W','MC','',1,80,'2016-08-09'),(175,12,15,15,-1,NULL,NULL,NULL,'2017-12-09','11:45:00','12:30:00','LB','PC','',1,80,'2016-08-16'),(176,13,15,15,-1,NULL,NULL,NULL,'2017-12-09','12:00:00','12:30:00','S','C','',1,70,'2016-08-23'),(177,14,15,15,-1,NULL,NULL,NULL,'2017-12-09','11:15:00','11:30:00','S','C','',1,80,'2016-08-30'),(178,5,16,16,-1,NULL,NULL,NULL,'2017-12-09','11:00:00','12:00:00','S','C','',1,90,'2016-07-02'),(179,7,16,16,-1,NULL,NULL,NULL,'2017-12-09','12:00:00','13:00:00','S','C','',1,90,'2016-07-13'),(180,8,16,16,-1,NULL,NULL,NULL,'2017-12-09','11:00:00','12:00:00','S','C','',1,90,'2016-07-21'),(181,9,16,16,-1,NULL,NULL,NULL,'2017-12-09','12:00:00','13:00:00','S','C','',1,90,'2016-07-28'),(182,10,16,16,-1,NULL,NULL,NULL,'2017-12-09','12:30:00','13:00:00','LB','C','',1,80,'2016-08-03'),(183,11,16,16,-1,NULL,NULL,NULL,'2017-12-09','11:00:00','11:30:00','S','C','',1,90,'2016-08-11'),(184,12,16,16,-1,NULL,NULL,NULL,'2017-12-09','11:00:00','11:30:00','LB','C','',1,80,'2016-08-18'),(185,13,16,16,-1,NULL,NULL,NULL,'2017-12-09','11:00:00','12:00:00','LB','C','',1,80,'2016-08-25'),(186,14,16,16,-1,NULL,NULL,NULL,'2017-12-09','12:30:00','13:00:00','LB','C','',1,90,'2016-09-01'),(187,15,16,16,-1,NULL,NULL,NULL,'2017-12-09','12:00:00','12:30:00','S','C','',1,90,'2016-09-07'),(188,16,16,16,-1,NULL,NULL,NULL,'2017-12-09','12:15:00','12:45:00','LB','PC','',1,90,'2016-09-13'),(189,17,16,16,-1,NULL,NULL,NULL,'2017-12-09','13:30:00','13:50:00','LB','C','',1,80,'2016-09-21'),(190,5,17,17,-1,NULL,NULL,NULL,'2017-12-09','12:18:00','12:23:00','LB','C','',1,80,'2016-06-30'),(191,6,17,17,-1,NULL,NULL,NULL,'2017-12-09','13:06:00','13:30:00','W ','PC','',1,80,'2016-07-06'),(192,7,17,17,-1,NULL,NULL,NULL,'2017-12-09','14:00:00','14:30:00','LB','PC','',1,80,'2016-07-14'),(193,8,17,17,-1,NULL,NULL,NULL,'2017-12-09','11:06:00','11:49:00','LB','C','',1,80,'2016-07-21'),(194,9,17,17,-1,NULL,NULL,NULL,'2017-12-09','12:07:00','12:40:00','LB','C','',1,80,'2016-07-27'),(195,4,18,18,-1,NULL,NULL,NULL,'2017-12-09','15:00:00','16:00:00','LB','C','',1,80,'2016-06-21'),(196,5,18,18,-1,NULL,NULL,NULL,'2017-12-09','15:00:00','15:45:00','W','PC','',1,80,'2016-06-28'),(197,6,18,18,-1,NULL,NULL,NULL,'2017-12-09','12:15:00','12:35:00','S','C','',1,80,'2016-07-06'),(198,7,18,18,-1,NULL,NULL,NULL,'2017-12-09','17:30:00','18:30:00','W','PC','',1,80,'2016-07-14'),(199,8,18,18,-1,NULL,NULL,NULL,'2017-12-09','17:30:00','18:30:00','LB','C','',1,80,'2016-07-20'),(200,9,18,18,-1,NULL,NULL,NULL,'2017-12-09','11:30:00','12:00:00','S','C','',1,80,'2016-07-24'),(201,10,18,18,-1,NULL,NULL,NULL,'2017-12-09','12:00:00','12:20:00','S','PC','',1,70,'2016-08-02'),(202,11,18,18,-1,NULL,NULL,NULL,'2017-12-09','12:00:00','12:20:00','S','PC','',1,80,'2016-08-08'),(203,4,19,19,-1,NULL,NULL,NULL,'2017-12-09','11:30:00','11:50:00','L','C','',1,80,'2016-06-26'),(204,5,19,19,-1,NULL,NULL,NULL,'2017-12-09','11:10:00','11:35:00','L','O','',1,80,'2016-07-01'),(205,6,19,19,-1,NULL,NULL,NULL,'2017-12-09','11:00:00','11:20:00','L','M','',1,70,'2016-07-10'),(206,7,19,19,-1,NULL,NULL,NULL,'2017-12-09','11:00:00','11:45:00','L','P','',1,80,'2016-07-18'),(207,8,19,19,-1,NULL,NULL,NULL,'2017-12-09','11:15:00','11:55:00','L','C','',1,80,'2016-07-23'),(208,9,19,19,-1,NULL,NULL,NULL,'2017-12-09','16:45:00','17:15:00','L','M','',1,80,'2016-07-31'),(209,10,19,19,-1,NULL,NULL,NULL,'2017-12-09','11:10:00','11:30:00','L','M','',1,80,'2016-08-07'),(210,11,19,19,-1,NULL,NULL,NULL,'2017-12-09','11:00:00','11:40:00','L','P','',1,80,'2016-08-12'),(211,12,19,19,-1,NULL,NULL,NULL,'2017-12-09','11:25:00','12:05:00','L','O','',1,80,'2016-08-16'),(212,13,19,19,-1,NULL,NULL,NULL,'2017-12-09','11:40:00','12:15:00','L','P','',1,70,'2016-08-23'),(213,14,19,19,-1,NULL,NULL,NULL,'2017-12-09','11:00:00','11:30:00','L','C','',1,70,'2016-08-30'),(214,2,20,20,-1,NULL,NULL,NULL,'2017-12-09','14:30:00','14:40:00','L','P','',1,80,'2016-06-06'),(215,3,20,20,-1,NULL,NULL,NULL,'2017-12-09','15:00:00','15:30:00','L','P','',1,80,'2016-06-13'),(216,4,20,20,-1,NULL,NULL,NULL,'2017-12-09','11:44:00','12:30:00','L','P','',1,80,'2016-06-20'),(217,5,20,20,-1,NULL,NULL,NULL,'2017-12-09','13:00:00','14:00:00','S','C','',1,80,'2016-06-30'),(218,6,20,20,-1,NULL,NULL,NULL,'2017-12-09','11:50:00','13:05:00','S','P','',1,90,'2016-07-07'),(219,7,20,20,-1,NULL,NULL,NULL,'2017-12-09','13:45:00','14:45:00','L','P','',1,80,'2016-07-11'),(220,8,20,20,-1,NULL,NULL,NULL,'2017-12-09','11:40:00','12:40:00','L','P','',1,90,'2016-07-18'),(221,9,20,20,-1,NULL,NULL,NULL,'2017-12-09','11:30:00','12:15:00','L','M','',1,90,'2016-07-28'),(222,10,20,20,-1,NULL,NULL,NULL,'2017-12-09','11:35:00','12:20:00','L','O','',1,80,'2016-08-01'),(223,11,20,20,-1,NULL,NULL,NULL,'2017-12-09','13:40:00','14:35:00','S','C','',1,90,'2016-08-11'),(224,12,20,20,-1,NULL,NULL,NULL,'2017-12-09','12:00:00','12:45:00','L','P','',1,90,'2016-08-15'),(225,13,20,20,-1,NULL,NULL,NULL,'2017-12-09','13:00:00','13:30:00','S','M','',1,80,'2016-08-25'),(226,14,20,20,-1,NULL,NULL,NULL,'2017-12-09','13:25:00','14:10:00','L','P','',1,90,'2016-08-29'),(227,15,20,20,-1,NULL,NULL,NULL,'2017-12-09','11:30:00','12:30:00','S','P','',1,80,'2016-09-08'),(228,16,20,20,-1,NULL,NULL,NULL,'2017-12-09','13:00:00','13:35:00','L','C','',1,80,'2016-09-12'),(229,17,20,20,-1,NULL,NULL,NULL,'2017-12-09','11:50:00','12:40:00','S','C','',1,80,'2016-09-22'),(230,18,20,20,-1,NULL,NULL,NULL,'2017-12-09','11:45:00','12:30:00','L','M','',1,70,'2016-09-26'),(231,19,20,20,-1,NULL,NULL,NULL,'2017-12-09','12:15:00','13:00:00','L','P','',1,80,'2016-10-07'),(232,20,20,20,-1,NULL,NULL,NULL,'2017-12-09','11:05:00','11:55:00','L','M','',1,60,'2016-10-13'),(233,2,21,21,-1,NULL,NULL,NULL,'2017-12-09','14:22:00','14:27:00','W','C','',1,70,'2016-06-10'),(234,3,21,21,-1,NULL,NULL,NULL,'2017-12-09','12:15:00','12:30:00','L','P','',1,70,'2016-06-14'),(235,4,21,21,-1,NULL,NULL,NULL,'2017-12-09','14:15:00','14:25:00','L','P','',1,70,'2016-06-23'),(236,5,21,21,-1,NULL,NULL,NULL,'2017-12-09','12:00:00','12:35:00','L','P','',1,70,'2016-06-29'),(237,6,21,21,-1,NULL,NULL,NULL,'2017-12-09','11:45:00','12:10:00','L','P','',1,80,'2016-07-05'),(238,7,21,21,-1,NULL,NULL,NULL,'2017-12-09','13:15:00','13:35:00','L','P','',1,80,'2016-07-12'),(239,8,21,21,-1,NULL,NULL,NULL,'2017-12-09','13:15:00','13:30:00','L','P','',1,90,'2016-07-18'),(240,9,21,21,-1,NULL,NULL,NULL,'2017-12-09','12:00:00','12:30:00','S','C','',1,80,'2016-07-27'),(241,10,21,21,-1,NULL,NULL,NULL,'2017-12-09','12:05:00','12:19:00','L','C','',1,80,'2016-08-03'),(242,11,21,21,-1,NULL,NULL,NULL,'2017-12-09','15:15:00','15:30:00','L','P','',1,80,'2016-08-09'),(243,12,21,21,-1,NULL,NULL,NULL,'2017-12-09','13:30:00','14:00:00','S','P','',1,80,'2016-08-16'),(244,13,21,21,-1,NULL,NULL,NULL,'2017-12-09','11:50:00','12:30:00','L','P','',1,80,'2016-08-24'),(245,15,21,21,-1,NULL,NULL,NULL,'2017-12-09','12:05:00','12:12:00','L','C','',1,80,'2016-09-06'),(246,17,21,21,-1,NULL,NULL,NULL,'2017-12-09','12:00:00','12:30:00','L','C','',1,80,'2016-09-21'),(247,4,22,22,-1,NULL,NULL,NULL,'2017-12-09','13:00:00','13:10:00','LB','C','',1,80,'2016-06-24'),(248,5,22,22,-1,NULL,NULL,NULL,'2017-12-09','11:50:00','12:20:00','LB','PC','',1,70,'2016-06-29'),(249,6,22,22,-1,NULL,NULL,NULL,'2017-12-09','11:30:00','11:55:00','S','C','',1,80,'2016-07-06'),(250,7,22,22,-1,NULL,NULL,NULL,'2017-12-09','11:45:00','12:15:00','LB','C','',1,70,'2016-07-15'),(251,8,22,22,-1,NULL,NULL,NULL,'2017-12-09','12:10:00','12:35:00','LB','C','',1,90,'2016-07-22'),(252,9,22,22,-1,NULL,NULL,NULL,'2017-12-09','12:00:00','12:25:00','S','PC','',1,80,'2016-07-27'),(253,10,22,22,-1,NULL,NULL,NULL,'2017-12-09','13:10:00','13:35:00','S','PC','',1,70,'2016-08-04'),(254,11,22,22,-1,NULL,NULL,NULL,'2017-12-09','15:30:00','15:55:00','S','PC','',1,90,'2016-08-13'),(255,12,22,22,-1,NULL,NULL,NULL,'2017-12-09','11:30:00','11:55:00','S','PC','',1,80,'2016-08-19'),(256,13,22,22,-1,NULL,NULL,NULL,'2017-12-09','14:00:00','14:25:00','LB','C','',1,80,'2016-08-24'),(257,14,22,22,-1,NULL,NULL,NULL,'2017-12-09','14:00:00','14:30:00','S','PC','',1,70,'2016-09-02'),(258,15,22,22,-1,NULL,NULL,NULL,'2017-12-09','15:10:00','15:35:00','LB','MC','',1,80,'2016-09-09'),(259,16,22,22,-1,NULL,NULL,NULL,'2017-12-09','15:00:00','15:25:00','LB','PC','',1,70,'2016-09-15'),(260,17,22,22,-1,NULL,NULL,NULL,'2017-12-09','14:55:00','15:15:00','S','C','',1,80,'2016-09-22'),(261,18,22,22,-1,NULL,NULL,NULL,'2017-12-09','13:30:00','13:50:00','S','C','',1,70,'2016-09-27'),(262,5,23,23,-1,NULL,NULL,NULL,'2017-12-09','12:28:00','12:33:00','LB','PC','',1,80,'2016-06-28'),(263,6,23,23,-1,NULL,NULL,NULL,'2017-12-09','11:35:00','11:51:00','LB','MC','',1,80,'2016-07-05'),(264,7,23,23,-1,NULL,NULL,NULL,'2017-12-09','11:30:00','12:00:00','S','C','',1,70,'2016-07-12'),(265,8,23,23,-1,NULL,NULL,NULL,'2017-12-09','11:30:00','12:00:00','LB','PC','',1,70,'2016-07-18'),(266,9,23,23,-1,NULL,NULL,NULL,'2017-12-09','11:30:00','12:00:00','LB','PC','',1,70,'2016-07-26'),(267,10,23,23,-1,NULL,NULL,NULL,'2017-12-09','11:30:00','12:00:00','S','MC','',1,70,'2016-08-02'),(268,11,23,23,-1,NULL,NULL,NULL,'2017-12-09','11:30:00','12:25:00','LB','C','',1,70,'2016-08-09'),(269,12,23,23,-1,NULL,NULL,NULL,'2017-12-09','11:30:00','12:10:00','W','O','',1,70,'2016-08-17'),(270,13,23,23,-1,NULL,NULL,NULL,'2017-12-09','11:35:00','12:00:00','LB','PC','',1,60,'2016-08-23'),(271,14,23,23,-1,NULL,NULL,NULL,'2017-12-09','11:30:00','12:00:00','LB','PC','',1,70,'2016-08-30'),(272,15,23,23,-1,NULL,NULL,NULL,'2017-12-09','11:30:00','12:05:00','W','C','',1,70,'2017-09-06'),(273,16,23,23,-1,NULL,NULL,NULL,'2017-12-09','11:35:00','11:55:00','LB','PC','',1,70,'2016-09-13'),(274,17,23,23,-1,NULL,NULL,NULL,'2017-12-09','11:45:00','12:05:00','LB','C','',1,70,'2016-09-20'),(275,18,23,23,-1,NULL,NULL,NULL,'2017-12-09','11:50:00','12:10:00','LB','C','',1,70,'2016-09-27'),(276,4,24,24,-1,NULL,NULL,NULL,'2017-12-09','12:00:00','12:50:00','LB','MC','',1,70,'2016-06-22'),(277,5,24,24,-1,NULL,NULL,NULL,'2017-12-09','16:00:00','16:35:00','LB','PC','',1,80,'2016-06-28'),(278,6,24,24,-1,NULL,NULL,NULL,'2017-12-09','15:30:00','16:10:00','LB','PC','',1,70,'2016-07-05'),(279,7,24,24,-1,NULL,NULL,NULL,'2017-12-09','11:30:00','11:35:00','LB','C','',1,80,'2016-07-11'),(280,9,24,24,-1,NULL,NULL,NULL,'2017-12-09','06:15:00','06:30:00','LB','MC','',1,80,'2016-07-26'),(281,10,24,24,-1,NULL,NULL,NULL,'2017-12-09','15:45:00','15:50:00','W ','MC','',1,80,'2016-08-04'),(282,11,24,24,-1,NULL,NULL,NULL,'2017-12-09','15:45:00','15:50:00','LB','C','',1,80,'2016-08-08'),(283,13,24,24,-1,NULL,NULL,NULL,'2017-12-09','11:45:00','12:35:00','LB','MC','',1,80,'2016-08-25'),(284,14,24,24,-1,NULL,NULL,NULL,'2017-12-09','12:15:00','12:45:00','LB','PC','',1,80,'2016-09-01'),(285,15,24,24,-1,NULL,NULL,NULL,'2017-12-09','11:45:00','12:15:00','LB','MC','',1,70,'2016-09-08'),(286,5,25,25,-1,NULL,NULL,NULL,'2017-12-09','14:30:00','15:30:00','L','PC','',1,80,'2016-06-30'),(287,6,25,25,-1,NULL,NULL,NULL,'2017-12-09','11:00:00','12:00:00','L','C','',1,80,'2016-07-06'),(288,7,25,25,-1,NULL,NULL,NULL,'2017-12-09','15:00:00','16:00:00','L','PC','',1,80,'2016-07-12'),(289,8,25,25,-1,NULL,NULL,NULL,'2017-12-09','13:00:00','14:00:00','L','PC','',1,70,'2016-07-19'),(290,9,25,25,-1,NULL,NULL,NULL,'2017-12-09','14:15:00','14:45:00','L','PC','',1,80,'2016-07-26'),(291,10,25,25,-1,NULL,NULL,NULL,'2017-12-09','11:00:00','12:00:00','S','O','',1,70,'2016-08-03'),(292,11,25,25,-1,NULL,NULL,NULL,'2017-12-09','13:15:00','14:00:00','L','O','',1,70,'2016-08-10'),(293,12,25,25,-1,NULL,NULL,NULL,'2017-12-09','11:00:00','12:00:00','L','O','',1,70,'2016-08-16'),(294,13,25,25,-1,NULL,NULL,NULL,'2017-12-09','13:00:00','14:00:00','L','C','',1,80,'2016-08-24'),(295,14,25,25,-1,NULL,NULL,NULL,'2017-12-09','11:00:00','12:00:00','L','PC','',1,70,'2016-09-01'),(296,15,25,25,-1,NULL,NULL,NULL,'2017-12-09','13:25:00','13:55:00','G','C','',1,70,'2016-09-06'),(297,16,25,25,-1,NULL,NULL,NULL,'2017-12-09','12:00:00','13:00:00','L','C','',1,70,'2016-09-14'),(298,17,25,25,-1,NULL,NULL,NULL,'2017-12-09','11:00:00','12:00:00','S','C','',1,70,'2016-09-21'),(299,18,25,25,-1,NULL,NULL,NULL,'2017-12-09','11:00:00','12:00:00','S','C','',1,70,'2016-09-28'),(300,19,25,25,-1,NULL,NULL,NULL,'2017-12-09','13:00:00','14:00:00','S','C','',1,70,'2016-10-05'),(301,20,25,25,-1,NULL,NULL,NULL,'2017-12-09','14:00:00','15:00:00','L','PC','',1,70,'2016-10-10'),(302,2,26,26,-1,NULL,NULL,NULL,'2017-12-09','10:00:00','10:30:00','L','C','',1,70,'2016-06-07'),(303,4,26,26,-1,NULL,NULL,NULL,'2017-12-09','15:30:00','16:00:00','L','C','',1,90,'2016-06-20'),(304,5,26,26,-1,NULL,NULL,NULL,'2017-12-09','11:00:00','12:00:00','L','PC','',1,80,'2016-06-27'),(305,6,26,26,-1,NULL,NULL,NULL,'2017-12-09','13:00:00','14:00:00','L','PC','',1,80,'2016-07-06'),(306,7,26,26,-1,NULL,NULL,NULL,'2017-12-09','14:15:00','15:25:00','L','C','',1,90,'2016-07-14'),(307,8,26,26,-1,NULL,NULL,NULL,'2017-12-09','13:45:00','14:55:00','L','C','',1,80,'2016-07-20'),(308,9,26,26,-1,NULL,NULL,NULL,'2017-12-09','10:28:00','10:51:00','S','C','',1,90,'2016-07-25'),(309,10,26,26,-1,NULL,NULL,NULL,'2017-12-09','10:14:00','10:30:00','L','MC','',1,70,'2016-08-01'),(310,11,26,26,-1,NULL,NULL,NULL,'2017-12-09','10:15:00','11:00:00','L','PC','',1,90,'2016-08-12'),(311,12,26,26,-1,NULL,NULL,NULL,'2017-12-09','14:10:00','14:27:00','L','PC','',1,80,'2016-08-18'),(312,13,26,26,-1,NULL,NULL,NULL,'2017-12-09','15:15:00','15:45:00','S','PC','',1,90,'2016-08-25'),(313,14,26,26,-1,NULL,NULL,NULL,'2017-12-09','11:40:00','12:20:00','L','PC','',1,70,'2016-09-02'),(314,15,26,26,-1,NULL,NULL,NULL,'2017-12-09','14:13:00','15:00:00','W','C','',1,80,'2016-09-06'),(315,16,26,26,-1,NULL,NULL,NULL,'2017-12-09','13:30:00','14:00:00','L','PC','',1,80,'2016-09-13'),(316,17,26,26,-1,NULL,NULL,NULL,'2017-12-09','13:15:00','13:40:00','S','C','',1,80,'2016-09-26'),(317,18,26,26,-1,NULL,NULL,NULL,'2017-12-09','13:10:00','13:55:00','W','OC','',1,70,'2016-09-28'),(318,4,27,27,-1,NULL,NULL,NULL,'2017-12-09','12:00:00','12:30:00','S','M','',1,70,'2016-06-23'),(319,5,27,27,-1,NULL,NULL,NULL,'2017-12-09','12:10:00','12:25:00','L','P','',1,70,'2016-06-30'),(320,6,27,27,-1,NULL,NULL,NULL,'2017-12-09','12:00:00','12:30:00','L','P','',1,80,'2016-07-07'),(321,7,27,27,-1,NULL,NULL,NULL,'2017-12-09','12:13:00','12:35:00','L','P','',1,80,'2016-07-14'),(322,8,27,27,-1,NULL,NULL,NULL,'2017-12-09','14:00:00','14:30:00','S','C','',1,80,'2016-07-20'),(323,9,27,27,-1,NULL,NULL,NULL,'2017-12-09','11:15:00','11:30:00','L','M','',1,70,'2016-07-28'),(324,10,27,27,-1,NULL,NULL,NULL,'2017-12-09','12:30:00','13:00:00','W','P','',1,80,'2016-08-04'),(325,12,27,27,-1,NULL,NULL,NULL,'2017-12-09','12:30:00','13:00:00','L','C','',1,80,'2016-08-18'),(326,14,27,27,-1,NULL,NULL,NULL,'2017-12-09','12:30:00','13:00:00','L','c','',1,80,'2016-08-31');
/*!40000 ALTER TABLE `mg_data_form` ENABLE KEYS */;
UNLOCK TABLES;

--
-- Table structure for table `mg_dataform_insert`
--

DROP TABLE IF EXISTS `mg_dataform_insert`;
/*!40101 SET @saved_cs_client     = @@character_set_client */;
/*!40101 SET character_set_client = utf8 */;
CREATE TABLE `mg_dataform_insert` (
  `dataform_id` int(11) DEFAULT NULL,
  `garden_id` int(11) DEFAULT NULL,
  `plant_id` int(11) DEFAULT NULL,
  `strain_id` int(11) DEFAULT NULL,
  `pollinator_id` int(11) DEFAULT NULL,
  `visitcount_id` int(11) DEFAULT NULL,
  `plot_id` int(11) DEFAULT NULL
) ENGINE=InnoDB DEFAULT CHARSET=utf8;
/*!40101 SET character_set_client = @saved_cs_client */;

--
-- Dumping data for table `mg_dataform_insert`
--

LOCK TABLES `mg_dataform_insert` WRITE;
/*!40000 ALTER TABLE `mg_dataform_insert` DISABLE KEYS */;
/*!40000 ALTER TABLE `mg_dataform_insert` ENABLE KEYS */;
UNLOCK TABLES;

--
-- Table structure for table `mg_document`
--

DROP TABLE IF EXISTS `mg_document`;
/*!40101 SET @saved_cs_client     = @@character_set_client */;
/*!40101 SET character_set_client = utf8 */;
CREATE TABLE `mg_document` (
  `document_id` int(11) NOT NULL AUTO_INCREMENT,
  `root` varchar(255) NOT NULL,
  `root_id` int(11) NOT NULL,
  `filepath` varchar(255) NOT NULL,
  PRIMARY KEY (`document_id`)
) ENGINE=InnoDB DEFAULT CHARSET=utf8;
/*!40101 SET character_set_client = @saved_cs_client */;

--
-- Dumping data for table `mg_document`
--

LOCK TABLES `mg_document` WRITE;
/*!40000 ALTER TABLE `mg_document` DISABLE KEYS */;
/*!40000 ALTER TABLE `mg_document` ENABLE KEYS */;
UNLOCK TABLES;

--
-- Table structure for table `mg_garden`
--

DROP TABLE IF EXISTS `mg_garden`;
/*!40101 SET @saved_cs_client     = @@character_set_client */;
/*!40101 SET character_set_client = utf8 */;
CREATE TABLE `mg_garden` (
  `garden_ID` int(11) NOT NULL AUTO_INCREMENT,
  `garden_name` varchar(255) NOT NULL,
  `description` varchar(255) DEFAULT NULL,
  PRIMARY KEY (`garden_ID`)
) ENGINE=InnoDB AUTO_INCREMENT=69 DEFAULT CHARSET=utf8;
/*!40101 SET character_set_client = @saved_cs_client */;

--
-- Dumping data for table `mg_garden`
--

LOCK TABLES `mg_garden` WRITE;
/*!40000 ALTER TABLE `mg_garden` DISABLE KEYS */;
INSERT INTO `mg_garden` VALUES (1,'Adams County Garden','We are the Master Gardeners of this county!'),(2,'Allegheny County Garden','We are the Master Gardeners of this county!'),(3,'Beaver County Garden','We are the Master Gardeners of this county!'),(4,'Berks County Garden','We are the Master Gardeners of this county!'),(5,'Bradford County Garden','We are the Master Gardeners of this county!'),(6,'Centre APD County Garden','We are the Master Gardeners of this county!'),(7,'Cumberland County Garden','We are the Master Gardeners of this county!'),(8,'Dauphin County Garden','We are the Master Gardeners of this county!'),(9,'Erie County Garden','We are the Master Gardeners of this county!'),(10,'Fayette County Garden','We are the Master Gardeners of this county!'),(11,'Fulton County Garden','We are the Master Gardeners of this county!'),(12,'Greene County Garden','We are the Master Gardeners of this county!'),(13,'Indiana County Garden','We are the Master Gardeners of this county!'),(14,'Lawrence County Garden','We are the Master Gardeners of this county!'),(15,'Lancaster County Garden','We are the Master Gardeners of this county!'),(16,'Lehigh County Garden','We are the Master Gardeners of this county!'),(17,'Luzerne County Garden','We are the Master Gardeners of this county!'),(18,'Mercer County Garden','We are the Master Gardeners of this county!'),(19,'Monroe County Garden','We are the Master Gardeners of this county!'),(20,'Montgomery County Garden','We are the Master Gardeners of this county!'),(21,'Northampton County Garden','We are the Master Gardeners of this county!'),(22,'Schuykill County Garden','We are the Master Gardeners of this county!'),(23,'Susquehanna County Garden','We are the Master Gardeners of this county!'),(24,'Washington County Garden','We are the Master Gardeners of this county!'),(25,'Wyoming County Garden','We are the Master Gardeners of this county!'),(26,'York County Garden','We are the Master Gardeners of this county!'),(27,'Centre Snets County Garden','We are the Master Gardeners of this county!'),(28,'Armstrong County Garden','We are the Master Gardeners of this county!'),(29,'Bedford County Garden','We are the Master Gardeners of this county!'),(30,'Blair County Garden','We are the Master Gardeners of this county!'),(31,'Bucks County Garden','We are the Master Gardeners of this county!'),(32,'Butler County Garden','We are the Master Gardeners of this county!'),(33,'Cambria County Garden','We are the Master Gardeners of this county!'),(34,'Cameron County Garden','We are the Master Gardeners of this county!'),(35,'Carbon County Garden','We are the Master Gardeners of this county!'),(36,'Chester County Garden','We are the Master Gardeners of this county!'),(37,'Clarion County Garden','We are the Master Gardeners of this county!'),(38,'Clearfield County Garden','We are the Master Gardeners of this county!'),(39,'Clinton County Garden','We are the Master Gardeners of this county!'),(40,'Columbia County County Garden','We are the Master Gardeners of this county!'),(41,'Crawford County Garden','We are the Master Gardeners of this county!'),(42,'Delaware County Garden','We are the Master Gardeners of this county!'),(43,'Elk County Garden','We are the Master Gardeners of this county!'),(44,'Forest County Garden','We are the Master Gardeners of this county!'),(45,'Franklin County Garden','We are the Master Gardeners of this county!'),(46,'Huntington County Garden','We are the Master Gardeners of this county!'),(47,'Jefferson County Garden','We are the Master Gardeners of this county!'),(48,'Juniata County Garden','We are the Master Gardeners of this county!'),(49,'Lackawanna County Garden','We are the Master Gardeners of this county!'),(50,'Lebanon County Garden','We are the Master Gardeners of this county!'),(51,'Lycoming County Garden','We are the Master Gardeners of this county!'),(52,'McKean County Garden','We are the Master Gardeners of this county!'),(53,'Mifflin County Garden','We are the Master Gardeners of this county!'),(54,'Montour County Garden','We are the Master Gardeners of this county!'),(55,'Northumberland County Garden','We are the Master Gardeners of this county!'),(56,'Perry County Garden','We are the Master Gardeners of this county!'),(57,'Philadelphia County Garden','We are the Master Gardeners of this county!'),(58,'Pike County Garden','We are the Master Gardeners of this county!'),(59,'Potter County Garden','We are the Master Gardeners of this county!'),(60,'Snyder County Garden','We are the Master Gardeners of this county!'),(61,'Somerset County Garden','We are the Master Gardeners of this county!'),(62,'Sullivan County Garden','We are the Master Gardeners of this county!'),(63,'Tioga County Garden','We are the Master Gardeners of this county!'),(64,'Union County Garden','We are the Master Gardeners of this county!'),(65,'Venango County Garden','We are the Master Gardeners of this county!'),(66,'Warren County Garden','We are the Master Gardeners of this county!'),(67,'Wayne County Garden','We are the Master Gardeners of this county!'),(68,'Westmoreland County Garden','We are the Master Gardeners of this county!');
/*!40000 ALTER TABLE `mg_garden` ENABLE KEYS */;
UNLOCK TABLES;

--
-- Table structure for table `mg_garden_member`
--

DROP TABLE IF EXISTS `mg_garden_member`;
/*!40101 SET @saved_cs_client     = @@character_set_client */;
/*!40101 SET character_set_client = utf8 */;
CREATE TABLE `mg_garden_member` (
  `member_id` int(11) NOT NULL AUTO_INCREMENT,
  `garden_id` int(11) NOT NULL,
  `user_id` int(11) NOT NULL,
  PRIMARY KEY (`member_id`)
) ENGINE=InnoDB AUTO_INCREMENT=19 DEFAULT CHARSET=utf8;
/*!40101 SET character_set_client = @saved_cs_client */;

--
-- Dumping data for table `mg_garden_member`
--

LOCK TABLES `mg_garden_member` WRITE;
/*!40000 ALTER TABLE `mg_garden_member` DISABLE KEYS */;
INSERT INTO `mg_garden_member` VALUES (1,1,1),(2,1,4),(3,2,2),(4,2,5),(5,3,3),(6,3,6),(7,2,1),(9,1,10),(10,1,11),(11,1,12),(12,1,13),(13,1,14),(14,1,15),(15,1,16),(16,1,17),(17,1,18),(18,26,20);
/*!40000 ALTER TABLE `mg_garden_member` ENABLE KEYS */;
UNLOCK TABLES;

--
-- Table structure for table `mg_plant`
--

DROP TABLE IF EXISTS `mg_plant`;
/*!40101 SET @saved_cs_client     = @@character_set_client */;
/*!40101 SET character_set_client = utf8 */;
CREATE TABLE `mg_plant` (
  `plant_ID` int(11) NOT NULL AUTO_INCREMENT,
  `plantName` varchar(255) NOT NULL,
  PRIMARY KEY (`plant_ID`)
) ENGINE=InnoDB AUTO_INCREMENT=6 DEFAULT CHARSET=utf8;
/*!40101 SET character_set_client = @saved_cs_client */;

--
-- Dumping data for table `mg_plant`
--

LOCK TABLES `mg_plant` WRITE;
/*!40000 ALTER TABLE `mg_plant` DISABLE KEYS */;
INSERT INTO `mg_plant` VALUES (1,'COREOPSIS VERTICILLATA'),(2,'MONARDA'),(3,'AGASTACHE FOENICULUM'),(4,'HELENIUM AUTUMNALE'),(5,'PHYSOSTEGIA VIRGINIANA');
/*!40000 ALTER TABLE `mg_plant` ENABLE KEYS */;
UNLOCK TABLES;

--
-- Table structure for table `mg_plant_strain`
--

DROP TABLE IF EXISTS `mg_plant_strain`;
/*!40101 SET @saved_cs_client     = @@character_set_client */;
/*!40101 SET character_set_client = utf8 */;
CREATE TABLE `mg_plant_strain` (
  `strand_id` int(11) NOT NULL AUTO_INCREMENT,
  `strand_name` varchar(255) NOT NULL,
  `plant_id` int(11) DEFAULT NULL,
  PRIMARY KEY (`strand_id`)
) ENGINE=InnoDB AUTO_INCREMENT=20 DEFAULT CHARSET=utf8;
/*!40101 SET character_set_client = @saved_cs_client */;

--
-- Dumping data for table `mg_plant_strain`
--

LOCK TABLES `mg_plant_strain` WRITE;
/*!40000 ALTER TABLE `mg_plant_strain` DISABLE KEYS */;
INSERT INTO `mg_plant_strain` VALUES (1,'STRAIGHT',1),(2,'MoonBeam',1),(3,'Zagreb',1),(4,'Crème Brulee',1),(5,'Route 66',1),(6,'Didyma Straight',2),(7,'Didyma Petite Delight',2),(8,'Didyma Marshalls Delight',2),(9,'X Peters Fancy Fuschia',2),(10,'BLUE FORTUNE',3),(11,'GOLDEN JUBILEE',3),(12,'BLACK ADDER',3),(13,'STRAIGHT',3),(14,'STRAIGHT',4),(15,'MOERHEIM BEAUTY',4),(16,'MARDI GRAS',4),(17,'STRAIGHT',5),(18,'VIVID',5),(19,'MISS MANNERS',5);
/*!40000 ALTER TABLE `mg_plant_strain` ENABLE KEYS */;
UNLOCK TABLES;

--
-- Table structure for table `mg_plot`
--

DROP TABLE IF EXISTS `mg_plot`;
/*!40101 SET @saved_cs_client     = @@character_set_client */;
/*!40101 SET character_set_client = utf8 */;
CREATE TABLE `mg_plot` (
  `plot_id` int(11) NOT NULL AUTO_INCREMENT,
  `plant_id` int(11) NOT NULL,
  `plot_height` double DEFAULT NULL,
  `plot_area_dbl` double DEFAULT NULL,
  `percent_coverage` double NOT NULL,
  `blooms_open_status` varchar(50) NOT NULL,
  `plot_area_unit` varchar(11) DEFAULT NULL,
  `plant_vigor_status` varchar(11) NOT NULL,
  `plant_strain_id` int(11) DEFAULT NULL,
  PRIMARY KEY (`plot_id`)
) ENGINE=InnoDB AUTO_INCREMENT=2926 DEFAULT CHARSET=utf8;
/*!40101 SET character_set_client = @saved_cs_client */;

--
-- Dumping data for table `mg_plot`
--

LOCK TABLES `mg_plot` WRITE;
/*!40000 ALTER TABLE `mg_plot` DISABLE KEYS */;
INSERT INTO `mg_plot` VALUES (1,1,0,2,1,'','','',1),(2,1,0,2,1,'','','',2),(3,1,0,3,0,'','','',3),(4,1,0,3,1,'','','',4),(5,1,0,2,0,'','','',5),(6,2,0,3,3,'','','',1),(7,2,0,2,1,'','','',2),(8,2,0,3,3,'','','',3),(9,2,0,4,1,'','','',4),(10,1,0,2,3,'','','',1),(11,1,0,4,4,'','','',2),(12,1,0,2,2,'','','',3),(13,1,0,3,4,'','','',4),(14,1,0,2,1,'','','',5),(15,2,0,3,4,'','','',1),(16,2,0,2,4,'','','',2),(17,2,0,2,4,'','','',3),(18,2,0,4,1,'','','',4),(19,1,0,2,3,'','','',1),(20,1,0,4,4,'','','',2),(21,1,0,2,4,'','','',3),(22,1,0,3,1,'','','',4),(23,1,0,2,1,'','','',5),(24,2,0,3,2,'','','',1),(25,2,0,2,1,'','','',2),(26,2,0,2,1,'','','',3),(27,2,0,4,4,'','','',4),(28,1,0,2,2,'','','',1),(29,1,0,4,1,'','','',2),(30,1,0,2,2,'','','',3),(31,1,0,3,1,'','','',4),(32,1,0,2,1,'','','',5),(33,2,0,4,2,'','','',1),(34,2,0,2,1,'','','',2),(35,2,0,2,1,'','','',3),(36,2,0,4,2,'','','',4),(37,1,0,2,1,'','','',1),(38,1,0,4,1,'','','',2),(39,1,0,2,2,'','','',3),(40,1,0,3,0,'','','',4),(41,1,0,2,1,'','','',5),(42,2,0,3,2,'','','',1),(43,2,0,2,0,'','','',2),(44,2,0,3,0,'','','',3),(45,2,0,4,3,'','','',4),(46,1,0,2,1,'','','',1),(47,1,0,4,1,'','','',2),(48,1,0,3,1,'','','',3),(49,1,0,3,0,'','','',4),(50,1,0,2,1,'','','',5),(51,2,0,2,1,'','','',1),(52,2,0,2,0,'','','',2),(53,2,0,3,0,'','','',3),(54,2,0,4,1,'','','',4),(55,1,0,2,2,'','','',1),(56,1,0,4,1,'','','',2),(57,1,0,3,2,'','','',3),(58,1,0,3,1,'','','',4),(59,1,0,2,2,'','','',5),(60,2,0,2,1,'','','',1),(61,2,0,2,0,'','','',2),(62,2,0,3,0,'','','',3),(63,2,0,4,0,'','','',4),(64,1,0,2,2,'','','',1),(65,1,0,4,1,'','','',2),(66,1,0,2,1,'','','',3),(67,1,0,4,1,'','','',4),(68,1,0,2,1,'','','',5),(69,2,0,2,1,'','','',1),(70,2,0,2,1,'','','',2),(71,2,0,3,0,'','','',3),(72,2,0,4,0,'','','',4),(73,1,0,2,3,'','','',1),(74,1,0,4,1,'','','',2),(75,1,0,2,1,'','','',3),(76,1,0,4,1,'','','',4),(77,1,0,2,2,'','','',5),(78,2,0,2,0,'','','',1),(79,2,0,2,0,'','','',2),(80,2,0,4,0,'','','',3),(81,2,0,4,1,'','','',4),(82,1,0,0,0,'','','',1),(83,1,0,0,0,'','','',2),(84,1,0,0,0,'','','',3),(85,1,0,2,0,'','','',4),(86,1,0,0,0,'','','',5),(87,2,0,4,3,'','','',1),(88,2,0,0,0,'','','',2),(89,2,0,4,3,'','','',3),(90,2,0,0,0,'','','',4),(91,1,0,0,0,'','','',1),(92,1,0,0,0,'','','',2),(93,1,0,0,0,'','','',3),(94,1,0,2,0,'','','',4),(95,1,0,0,0,'','','',5),(96,2,0,0,0,'','','',1),(97,2,0,0,0,'','','',2),(98,2,0,0,0,'','','',3),(99,2,0,0,0,'','','',4),(100,1,0,0,0,'','','',1),(101,1,0,0,0,'','','',2),(102,1,0,0,0,'','','',3),(103,1,0,3,3,'','','',4),(104,1,0,0,0,'','','',5),(105,2,0,4,4,'','','',1),(106,2,0,3,4,'','','',2),(107,2,0,4,4,'','','',3),(108,2,0,4,4,'','','',4),(109,1,0,0,0,'','','',1),(110,1,0,0,0,'','','',2),(111,1,0,0,0,'','','',3),(112,1,0,4,3,'','','',4),(113,1,0,2,1,'','','',5),(114,2,0,4,1,'','','',1),(115,2,0,3,2,'','','',2),(116,2,0,4,1,'','','',3),(117,2,0,4,4,'','','',4),(118,1,0,0,0,'','','',1),(119,1,0,0,0,'','','',2),(120,1,0,0,0,'','','',3),(121,1,0,0,0,'','','',4),(122,1,0,0,0,'','','',5),(123,2,0,0,0,'','','',1),(124,2,0,0,0,'','','',2),(125,2,0,0,0,'','','',3),(126,2,0,0,0,'','','',4),(127,1,0,0,0,'','','',1),(128,1,0,0,0,'','','',2),(129,1,0,0,0,'','','',3),(130,1,0,3,3,'','','',4),(131,1,0,0,0,'','','',5),(132,2,0,4,1,'','','',1),(133,2,0,3,1,'','','',2),(134,2,0,4,1,'','','',3),(135,2,0,4,2,'','','',4),(136,1,0,0,0,'','','',1),(137,1,0,0,0,'','','',2),(138,1,0,0,0,'','','',3),(139,1,0,3,0,'','','',4),(140,1,0,0,0,'','','',5),(141,2,0,4,1,'','','',1),(142,2,0,3,1,'','','',2),(143,2,0,4,4,'','','',3),(144,2,0,4,4,'','','',4),(145,1,0,0,0,'','','',1),(146,1,0,0,0,'','','',2),(147,1,0,0,0,'','','',3),(148,1,0,4,4,'','','',4),(149,1,0,2,1,'','','',5),(150,2,0,4,1,'','','',1),(151,2,0,0,0,'','','',2),(152,2,0,4,1,'','','',3),(153,2,0,4,2,'','','',4),(154,1,0,0,0,'','','',1),(155,1,0,0,0,'','','',2),(156,1,0,0,0,'','','',3),(157,1,0,4,0,'','','',4),(158,1,0,3,0,'','','',5),(159,2,0,4,1,'','','',1),(160,2,0,3,0,'','','',2),(161,2,0,0,0,'','','',3),(162,2,0,4,0,'','','',4),(163,1,0,0,0,'','','',1),(164,1,0,0,0,'','','',2),(165,1,0,0,0,'','','',3),(166,1,0,3,3,'','','',4),(167,1,0,3,3,'','','',5),(168,2,0,3,1,'','','',1),(169,2,0,3,1,'','','',2),(170,2,0,4,1,'','','',3),(171,2,0,4,1,'','','',4),(172,1,0,2,3,'','','',1),(173,1,0,0,0,'','','',2),(174,1,0,0,0,'','','',3),(175,1,0,3,3,'','','',4),(176,1,0,0,0,'','','',5),(177,2,0,0,0,'','','',1),(178,2,0,0,0,'','','',2),(179,2,0,0,0,'','','',3),(180,2,0,4,1,'','','',4),(181,1,0,0,0,'','','',1),(182,1,0,0,0,'','','',2),(183,1,0,0,0,'','','',3),(184,1,0,0,3,'','','',4),(185,1,0,0,3,'','','',5),(186,2,0,0,1,'','','',1),(187,2,0,0,0,'','','',2),(188,2,0,0,1,'','','',3),(189,2,0,0,0,'','','',4),(190,1,0,0,0,'','','',1),(191,1,0,0,0,'','','',2),(192,1,0,0,0,'','','',3),(193,1,0,0,3,'','','',4),(194,1,0,0,3,'','','',5),(195,2,0,4,1,'','','',1),(196,2,0,0,0,'','','',2),(197,2,0,4,1,'','','',3),(198,2,0,0,0,'','','',4),(199,1,0,0,0,'','','',1),(200,1,0,2,2,'','','',2),(201,1,0,2,3,'','','',3),(202,1,0,1,3,'','','',4),(203,1,0,0,0,'','','',5),(204,2,0,3,2,'','','',1),(205,2,0,0,0,'','','',2),(206,2,0,0,0,'','','',3),(207,2,0,0,0,'','','',4),(208,1,0,0,0,'','','',1),(209,1,0,2,4,'','','',2),(210,1,0,2,4,'','','',3),(211,1,0,2,1,'','','',4),(212,1,0,0,2,'','','',5),(213,2,0,2,4,'','','',1),(214,2,0,2,3,'','','',2),(215,2,0,2,3,'','','',3),(216,2,0,2,0,'','','',4),(217,1,0,0,0,'','','',1),(218,1,0,2,4,'','','',2),(219,1,0,2,4,'','','',3),(220,1,0,2,1,'','','',4),(221,1,0,2,4,'','','',5),(222,2,0,0,0,'','','',1),(223,2,0,2,1,'','','',2),(224,2,0,2,0,'','','',3),(225,2,0,2,0,'','','',4),(226,1,0,0,0,'','','',1),(227,1,0,2,4,'','','',2),(228,1,0,2,4,'','','',3),(229,1,0,2,4,'','','',4),(230,1,0,2,4,'','','',5),(231,2,0,3,4,'','','',1),(232,2,0,2,0,'','','',2),(233,2,0,2,0,'','','',3),(234,2,0,2,4,'','','',4),(235,1,0,0,0,'','','',1),(236,1,0,2,4,'','','',2),(237,1,0,2,4,'','','',3),(238,1,0,2,1,'','','',4),(239,1,0,2,3,'','','',5),(240,2,0,2,1,'','','',1),(241,2,0,2,0,'','','',2),(242,2,0,2,0,'','','',3),(243,2,0,2,4,'','','',4),(244,1,0,0,0,'','','',1),(245,1,0,2,4,'','','',2),(246,1,0,2,1,'','','',3),(247,1,0,2,1,'','','',4),(248,1,0,2,3,'','','',5),(249,2,0,3,1,'','','',1),(250,2,0,2,0,'','','',2),(251,2,0,2,0,'','','',3),(252,2,0,2,1,'','','',4),(253,1,0,0,0,'','','',1),(254,1,0,2,4,'','','',2),(255,1,0,2,1,'','','',3),(256,1,0,2,1,'','','',4),(257,1,0,2,4,'','','',5),(258,2,0,4,1,'','','',1),(259,2,0,2,0,'','','',2),(260,2,0,2,0,'','','',3),(261,2,0,2,1,'','','',4),(262,1,0,0,0,'','','',1),(263,1,0,2,2,'','','',2),(264,1,0,2,1,'','','',3),(265,1,0,2,1,'','','',4),(266,1,0,2,1,'','','',5),(267,2,0,3,1,'','','',1),(268,2,0,2,1,'','','',2),(269,2,0,2,1,'','','',3),(270,2,0,2,3,'','','',4),(271,1,0,0,0,'','','',1),(272,1,0,2,4,'','','',2),(273,1,0,2,1,'','','',3),(274,1,0,2,1,'','','',4),(275,1,0,2,1,'','','',5),(276,2,0,2,1,'','','',1),(277,2,0,0,0,'','','',2),(278,2,0,0,0,'','','',3),(279,2,0,0,0,'','','',4),(280,1,0,0,0,'','','',1),(281,1,0,2,2,'','','',2),(282,1,0,2,1,'','','',3),(283,1,0,2,1,'','','',4),(284,1,0,2,1,'','','',5),(285,2,0,0,0,'','','',1),(286,2,0,0,0,'','','',2),(287,2,0,0,0,'','','',3),(288,2,0,0,0,'','','',4),(289,1,0,2,1,'','','',1),(290,1,0,3,1,'','','',2),(291,1,0,2,1,'','','',3),(292,1,0,2,2,'','','',4),(293,1,0,0,0,'','','',5),(294,2,0,3,1,'','','',1),(295,2,0,2,1,'','','',2),(296,2,0,2,1,'','','',3),(297,2,0,3,3,'','','',4),(298,1,0,2,4,'','','',1),(299,1,0,4,1,'','','',2),(300,1,0,2,1,'','','',3),(301,1,0,2,2,'','','',4),(302,1,0,2,2,'','','',5),(303,2,0,4,3,'','','',1),(304,2,0,2,1,'','','',2),(305,2,0,3,2,'','','',3),(306,2,0,4,3,'','','',4),(307,1,0,3,3,'','','',1),(308,1,0,4,4,'','','',2),(309,1,0,2,1,'','','',3),(310,1,0,2,4,'','','',4),(311,1,0,2,1,'','','',5),(312,2,0,4,4,'','','',1),(313,2,0,4,1,'','','',2),(314,2,0,4,4,'','','',3),(315,2,0,4,2,'','','',4),(316,1,0,3,3,'','','',1),(317,1,0,4,4,'','','',2),(318,1,0,2,1,'','','',3),(319,1,0,2,4,'','','',4),(320,1,0,2,1,'','','',5),(321,2,0,4,4,'','','',1),(322,2,0,4,1,'','','',2),(323,2,0,4,4,'','','',3),(324,2,0,4,2,'','','',4),(325,1,0,3,3,'','','',1),(326,1,0,4,4,'','','',2),(327,1,0,3,3,'','','',3),(328,1,0,4,4,'','','',4),(329,1,0,4,1,'','','',5),(330,2,0,4,4,'','','',1),(331,2,0,4,1,'','','',2),(332,2,0,2,4,'','','',3),(333,2,0,4,4,'','','',4),(334,1,0,4,3,'','','',1),(335,1,0,4,3,'','','',2),(336,1,0,3,3,'','','',3),(337,1,0,4,3,'','','',4),(338,1,0,4,1,'','','',5),(339,2,0,4,4,'','','',1),(340,2,0,4,1,'','','',2),(341,2,0,2,2,'','','',3),(342,2,0,4,4,'','','',4),(343,1,0,4,2,'','','',1),(344,1,0,4,1,'','','',2),(345,1,0,3,4,'','','',3),(346,1,0,4,2,'','','',4),(347,1,0,4,2,'','','',5),(348,2,0,4,1,'','','',1),(349,2,0,4,1,'','','',2),(350,2,0,2,1,'','','',3),(351,2,0,4,4,'','','',4),(352,1,0,4,3,'','','',1),(353,1,0,4,2,'','','',2),(354,1,0,3,2,'','','',3),(355,1,0,4,4,'','','',4),(356,1,0,4,4,'','','',5),(357,2,0,4,2,'','','',1),(358,2,0,4,1,'','','',2),(359,2,0,2,1,'','','',3),(360,2,0,4,3,'','','',4),(361,1,0,2,2,'','','',1),(362,1,0,3,2,'','','',2),(363,1,0,2,2,'','','',3),(364,1,0,4,3,'','','',4),(365,1,0,3,2,'','','',5),(366,2,0,4,2,'','','',1),(367,2,0,3,1,'','','',2),(368,2,0,2,1,'','','',3),(369,2,0,4,4,'','','',4),(370,1,0,2,2,'','','',1),(371,1,0,3,2,'','','',2),(372,1,0,2,2,'','','',3),(373,1,0,4,3,'','','',4),(374,1,0,3,2,'','','',5),(375,2,0,4,2,'','','',1),(376,2,0,3,1,'','','',2),(377,2,0,2,1,'','','',3),(378,2,0,4,1,'','','',4),(379,1,0,3,4,'','','',1),(380,1,0,3,4,'','','',2),(381,1,0,2,2,'','','',3),(382,1,0,3,4,'','','',4),(383,1,0,3,4,'','','',5),(384,2,0,3,4,'','','',1),(385,2,0,3,1,'','','',2),(386,2,0,2,4,'','','',3),(387,2,0,3,4,'','','',4),(388,1,0,3,4,'','','',1),(389,1,0,3,4,'','','',2),(390,1,0,2,2,'','','',3),(391,1,0,3,4,'','','',4),(392,1,0,3,4,'','','',5),(393,2,0,3,4,'','','',1),(394,2,0,3,1,'','','',2),(395,2,0,2,4,'','','',3),(396,2,0,3,4,'','','',4),(397,1,0,3,4,'','','',1),(398,1,0,3,4,'','','',2),(399,1,0,2,2,'','','',3),(400,1,0,3,4,'','','',4),(401,1,0,3,4,'','','',5),(402,2,0,3,4,'','','',1),(403,2,0,3,1,'','','',2),(404,2,0,2,4,'','','',3),(405,2,0,3,4,'','','',4),(406,1,0,3,4,'','','',1),(407,1,0,3,4,'','','',2),(408,1,0,2,2,'','','',3),(409,1,0,3,4,'','','',4),(410,1,0,3,4,'','','',5),(411,2,0,3,4,'','','',1),(412,2,0,3,1,'','','',2),(413,2,0,2,4,'','','',3),(414,2,0,3,4,'','','',4),(415,1,0,3,4,'','','',1),(416,1,0,3,4,'','','',2),(417,1,0,2,2,'','','',3),(418,1,0,3,4,'','','',4),(419,1,0,3,4,'','','',5),(420,2,0,3,4,'','','',1),(421,2,0,3,1,'','','',2),(422,2,0,2,4,'','','',3),(423,2,0,3,4,'','','',4),(424,1,0,3,3,'','','',1),(425,1,0,3,1,'','','',2),(426,1,0,2,3,'','','',3),(427,1,0,3,3,'','','',4),(428,1,0,3,2,'','','',5),(429,2,0,3,1,'','','',1),(430,2,0,3,1,'','','',2),(431,2,0,2,4,'','','',3),(432,2,0,3,1,'','','',4),(433,1,0,2,2,'','','',1),(434,1,0,0,0,'','','',2),(435,1,0,2,3,'','','',3),(436,1,0,4,4,'','','',4),(437,1,0,3,3,'','','',5),(438,2,0,4,4,'','','',1),(439,2,0,2,3,'','','',2),(440,2,0,4,4,'','','',3),(441,2,0,4,4,'','','',4),(442,1,0,2,2,'','','',1),(443,1,0,0,0,'','','',2),(444,1,0,2,3,'','','',3),(445,1,0,4,4,'','','',4),(446,1,0,2,4,'','','',5),(447,2,0,3,4,'','','',1),(448,2,0,2,3,'','','',2),(449,2,0,3,4,'','','',3),(450,2,0,4,4,'','','',4),(451,1,0,2,3,'','','',1),(452,1,0,0,0,'','','',2),(453,1,0,2,4,'','','',3),(454,1,0,4,4,'','','',4),(455,1,0,4,4,'','','',5),(456,2,0,4,4,'','','',1),(457,2,0,2,4,'','','',2),(458,2,0,4,4,'','','',3),(459,2,0,4,3,'','','',4),(460,1,0,2,1,'','','',1),(461,1,0,0,0,'','','',2),(462,1,0,2,4,'','','',3),(463,1,0,4,1,'','','',4),(464,1,0,4,1,'','','',5),(465,2,0,4,1,'','','',1),(466,2,0,2,1,'','','',2),(467,2,0,4,1,'','','',3),(468,2,0,4,4,'','','',4),(469,1,0,2,2,'','','',1),(470,1,0,0,0,'','','',2),(471,1,0,3,3,'','','',3),(472,1,0,4,2,'','','',4),(473,1,0,3,2,'','','',5),(474,2,0,4,1,'','','',1),(475,2,0,2,1,'','','',2),(476,2,0,4,1,'','','',3),(477,2,0,4,4,'','','',4),(478,1,0,2,1,'','','',1),(479,1,0,0,0,'','','',2),(480,1,0,3,1,'','','',3),(481,1,0,4,3,'','','',4),(482,1,0,3,3,'','','',5),(483,2,0,4,1,'','','',1),(484,2,0,2,1,'','','',2),(485,2,0,4,1,'','','',3),(486,2,0,4,3,'','','',4),(487,1,0,2,1,'','','',1),(488,1,0,0,0,'','','',2),(489,1,0,3,1,'','','',3),(490,1,0,4,3,'','','',4),(491,1,0,3,3,'','','',5),(492,2,0,4,1,'','','',1),(493,2,0,2,1,'','','',2),(494,2,0,4,1,'','','',3),(495,2,0,4,3,'','','',4),(496,1,0,2,1,'','','',1),(497,1,0,0,0,'','','',2),(498,1,0,3,1,'','','',3),(499,1,0,4,4,'','','',4),(500,1,0,4,3,'','','',5),(501,2,0,4,1,'','','',1),(502,2,0,2,1,'','','',2),(503,2,0,4,1,'','','',3),(504,2,0,4,3,'','','',4),(505,1,0,2,1,'','','',1),(506,1,0,0,0,'','','',2),(507,1,0,3,2,'','','',3),(508,1,0,4,4,'','','',4),(509,1,0,3,3,'','','',5),(510,2,0,4,1,'','','',1),(511,2,0,2,1,'','','',2),(512,2,0,4,1,'','','',3),(513,2,0,4,4,'','','',4),(514,1,0,2,1,'','','',1),(515,1,0,0,0,'','','',2),(516,1,0,3,2,'','','',3),(517,1,0,4,4,'','','',4),(518,1,0,4,3,'','','',5),(519,2,0,4,1,'','','',1),(520,2,0,2,1,'','','',2),(521,2,0,4,1,'','','',3),(522,2,0,4,4,'','','',4),(523,1,0,2,1,'','','',1),(524,1,0,0,0,'','','',2),(525,1,0,3,2,'','','',3),(526,1,0,4,3,'','','',4),(527,1,0,4,1,'','','',5),(528,2,0,4,1,'','','',1),(529,2,0,2,1,'','','',2),(530,2,0,4,1,'','','',3),(531,2,0,4,3,'','','',4),(532,1,0,4,1,'','','',1),(533,1,0,4,1,'','','',2),(534,1,0,3,1,'','','',3),(535,1,0,4,3,'','','',4),(536,1,0,3,1,'','','',5),(537,2,0,4,3,'','','',1),(538,2,0,0,0,'','','',2),(539,2,0,4,1,'','','',3),(540,2,0,4,2,'','','',4),(541,1,0,4,2,'','','',1),(542,1,0,4,4,'','','',2),(543,1,0,3,1,'','','',3),(544,1,0,4,4,'','','',4),(545,1,0,3,1,'','','',5),(546,2,0,4,3,'','','',1),(547,2,0,0,0,'','','',2),(548,2,0,4,2,'','','',3),(549,2,0,4,4,'','','',4),(550,1,0,4,4,'','','',1),(551,1,0,4,4,'','','',2),(552,1,0,3,1,'','','',3),(553,1,0,4,4,'','','',4),(554,1,0,3,1,'','','',5),(555,2,0,4,1,'','','',1),(556,2,0,0,0,'','','',2),(557,2,0,4,2,'','','',3),(558,2,0,4,4,'','','',4),(559,1,0,4,2,'','','',1),(560,1,0,4,2,'','','',2),(561,1,0,3,1,'','','',3),(562,1,0,4,3,'','','',4),(563,1,0,4,1,'','','',5),(564,2,0,4,2,'','','',1),(565,2,0,0,0,'','','',2),(566,2,0,4,2,'','','',3),(567,2,0,4,4,'','','',4),(568,1,0,4,4,'','','',1),(569,1,0,4,3,'','','',2),(570,1,0,3,1,'','','',3),(571,1,0,4,3,'','','',4),(572,1,0,4,1,'','','',5),(573,2,0,4,1,'','','',1),(574,2,0,0,0,'','','',2),(575,2,0,4,1,'','','',3),(576,2,0,4,2,'','','',4),(577,1,0,2,4,'','','',1),(578,1,0,4,4,'','','',2),(579,1,0,3,1,'','','',3),(580,1,0,4,4,'','','',4),(581,1,0,2,2,'','','',5),(582,2,0,3,2,'','','',1),(583,2,0,0,0,'','','',2),(584,2,0,2,1,'','','',3),(585,2,0,4,2,'','','',4),(586,1,0,2,4,'','','',1),(587,1,0,4,4,'','','',2),(588,1,0,3,1,'','','',3),(589,1,0,4,4,'','','',4),(590,1,0,2,2,'','','',5),(591,2,0,3,2,'','','',1),(592,2,0,0,0,'','','',2),(593,2,0,2,1,'','','',3),(594,2,0,4,2,'','','',4),(595,1,0,2,4,'','','',1),(596,1,0,4,4,'','','',2),(597,1,0,3,1,'','','',3),(598,1,0,4,4,'','','',4),(599,1,0,3,3,'','','',5),(600,2,0,4,1,'','','',1),(601,2,0,0,0,'','','',2),(602,2,0,3,1,'','','',3),(603,2,0,4,1,'','','',4),(604,1,0,2,3,'','','',1),(605,1,0,4,4,'','','',2),(606,1,0,3,1,'','','',3),(607,1,0,4,2,'','','',4),(608,1,0,3,2,'','','',5),(609,2,0,4,2,'','','',1),(610,2,0,0,0,'','','',2),(611,2,0,3,1,'','','',3),(612,2,0,4,1,'','','',4),(613,1,0,2,2,'','','',1),(614,1,0,4,3,'','','',2),(615,1,0,3,1,'','','',3),(616,1,0,4,1,'','','',4),(617,1,0,3,3,'','','',5),(618,2,0,4,1,'','','',1),(619,2,0,0,0,'','','',2),(620,2,0,3,1,'','','',3),(621,2,0,4,1,'','','',4),(622,1,0,2,1,'','','',1),(623,1,0,4,3,'','','',2),(624,1,0,3,1,'','','',3),(625,1,0,4,3,'','','',4),(626,1,0,3,3,'','','',5),(627,2,0,4,1,'','','',1),(628,2,0,0,0,'','','',2),(629,2,0,3,1,'','','',3),(630,2,0,4,1,'','','',4),(631,1,0,3,1,'','','',1),(632,1,0,4,1,'','','',2),(633,1,0,4,1,'','','',3),(634,1,0,4,1,'','','',4),(635,1,0,3,1,'','','',5),(636,2,0,4,1,'','','',1),(637,2,0,0,0,'','','',2),(638,2,0,3,1,'','','',3),(639,2,0,4,1,'','','',4),(640,1,0,4,2,'','','',1),(641,1,0,4,1,'','','',2),(642,1,0,4,1,'','','',3),(643,1,0,4,2,'','','',4),(644,1,0,4,2,'','','',5),(645,2,0,0,0,'','','',1),(646,2,0,0,0,'','','',2),(647,2,0,0,0,'','','',3),(648,2,0,0,0,'','','',4),(649,1,0,0,0,'','','',1),(650,1,0,3,1,'','','',2),(651,1,0,2,1,'','','',3),(652,1,0,0,0,'','','',4),(653,1,0,3,3,'','','',5),(654,2,0,2,2,'','','',1),(655,2,0,3,1,'','','',2),(656,2,0,3,2,'','','',3),(657,2,0,4,3,'','','',4),(658,1,0,0,0,'','','',1),(659,1,0,3,1,'','','',2),(660,1,0,2,1,'','','',3),(661,1,0,0,0,'','','',4),(662,1,0,3,3,'','','',5),(663,2,0,2,4,'','','',1),(664,2,0,3,4,'','','',2),(665,2,0,3,4,'','','',3),(666,2,0,4,3,'','','',4),(667,1,0,0,0,'','','',1),(668,1,0,4,1,'','','',2),(669,1,0,2,1,'','','',3),(670,1,0,0,0,'','','',4),(671,1,0,3,3,'','','',5),(672,2,0,2,4,'','','',1),(673,2,0,3,4,'','','',2),(674,2,0,3,4,'','','',3),(675,2,0,4,4,'','','',4),(676,1,0,0,0,'','','',1),(677,1,0,3,4,'','','',2),(678,1,0,2,4,'','','',3),(679,1,0,0,0,'','','',4),(680,1,0,3,3,'','','',5),(681,2,0,3,2,'','','',1),(682,2,0,3,1,'','','',2),(683,2,0,4,1,'','','',3),(684,2,0,4,4,'','','',4),(685,1,0,0,0,'','','',1),(686,1,0,4,4,'','','',2),(687,1,0,2,3,'','','',3),(688,1,0,0,0,'','','',4),(689,1,0,3,4,'','','',5),(690,2,0,3,1,'','','',1),(691,2,0,3,1,'','','',2),(692,2,0,4,1,'','','',3),(693,2,0,4,1,'','','',4),(694,1,0,0,0,'','','',1),(695,1,0,4,3,'','','',2),(696,1,0,2,3,'','','',3),(697,1,0,0,0,'','','',4),(698,1,0,4,2,'','','',5),(699,2,0,2,1,'','','',1),(700,2,0,3,1,'','','',2),(701,2,0,41,1,'','','',3),(702,2,0,4,2,'','','',4),(703,1,0,2,1,'','','',1),(704,1,0,3,1,'','','',2),(705,1,0,0,0,'','','',3),(706,1,0,3,2,'','','',4),(707,1,0,3,1,'','','',5),(708,2,0,4,0,'','','',1),(709,2,0,2,0,'','','',2),(710,2,0,3,1,'','','',3),(711,2,0,4,0,'','','',4),(712,1,0,2,4,'','','',1),(713,1,0,3,2,'','','',2),(714,1,0,3,1,'','','',3),(715,1,0,3,3,'','','',4),(716,1,0,3,1,'','','',5),(717,2,0,4,2,'','','',1),(718,2,0,2,1,'','','',2),(719,2,0,3,4,'','','',3),(720,2,0,0,0,'','','',4),(721,1,0,2,4,'','','',1),(722,1,0,0,3,'','','',2),(723,1,0,0,1,'','','',3),(724,1,0,0,4,'','','',4),(725,1,0,0,3,'','','',5),(726,2,0,0,4,'','','',1),(727,2,0,0,4,'','','',2),(728,2,0,0,4,'','','',3),(729,2,0,0,2,'','','',4),(730,1,0,2,4,'','','',1),(731,1,0,3,4,'','','',2),(732,1,0,2,4,'','','',3),(733,1,0,3,4,'','','',4),(734,1,0,3,4,'','','',5),(735,2,0,4,4,'','','',1),(736,2,0,2,4,'','','',2),(737,2,0,3,4,'','','',3),(738,2,0,4,4,'','','',4),(739,1,0,2,4,'','','',1),(740,1,0,3,4,'','','',2),(741,1,0,2,4,'','','',3),(742,1,0,4,4,'','','',4),(743,1,0,2,4,'','','',5),(744,2,0,4,4,'','','',1),(745,2,0,2,2,'','','',2),(746,2,0,3,1,'','','',3),(747,2,0,4,4,'','','',4),(748,1,0,2,2,'','','',1),(749,1,0,3,3,'','','',2),(750,1,0,3,3,'','','',3),(751,1,0,4,2,'','','',4),(752,1,0,3,2,'','','',5),(753,2,0,4,1,'','','',1),(754,2,0,2,1,'','','',2),(755,2,0,4,1,'','','',3),(756,2,0,4,2,'','','',4),(757,1,0,2,2,'','','',1),(758,1,0,3,4,'','','',2),(759,1,0,2,2,'','','',3),(760,1,0,4,3,'','','',4),(761,1,0,3,1,'','','',5),(762,2,0,0,0,'','','',1),(763,2,0,3,1,'','','',2),(764,2,0,3,1,'','','',3),(765,2,0,4,3,'','','',4),(766,1,0,2,2,'','','',1),(767,1,0,3,4,'','','',2),(768,1,0,2,1,'','','',3),(769,1,0,4,4,'','','',4),(770,1,0,4,3,'','','',5),(771,2,0,4,3,'','','',1),(772,2,0,2,1,'','','',2),(773,2,0,3,1,'','','',3),(774,2,0,4,1,'','','',4),(775,1,0,2,1,'','','',1),(776,1,0,3,4,'','','',2),(777,1,0,3,1,'','','',3),(778,1,0,4,2,'','','',4),(779,1,0,3,2,'','','',5),(780,2,0,4,1,'','','',1),(781,2,0,3,1,'','','',2),(782,2,0,3,1,'','','',3),(783,2,0,4,1,'','','',4),(784,1,0,2,2,'','','',1),(785,1,0,3,3,'','','',2),(786,1,0,3,1,'','','',3),(787,1,0,4,2,'','','',4),(788,1,0,3,3,'','','',5),(789,2,0,4,1,'','','',1),(790,2,0,2,1,'','','',2),(791,2,0,3,0,'','','',3),(792,2,0,4,1,'','','',4),(793,1,0,3,2,'','','',1),(794,1,0,3,3,'','','',2),(795,1,0,3,1,'','','',3),(796,1,0,4,3,'','','',4),(797,1,0,4,4,'','','',5),(798,2,0,4,1,'','','',1),(799,2,0,0,0,'','','',2),(800,2,0,0,0,'','','',3),(801,2,0,4,1,'','','',4),(802,1,0,3,3,'','','',1),(803,1,0,4,2,'','','',2),(804,1,0,4,1,'','','',3),(805,1,0,4,2,'','','',4),(806,1,0,3,2,'','','',5),(807,2,0,4,1,'','','',1),(808,2,0,0,0,'','','',2),(809,2,0,0,0,'','','',3),(810,2,0,4,1,'','','',4),(811,1,0,3,3,'','','',1),(812,1,0,4,2,'','','',2),(813,1,0,0,0,'','','',3),(814,1,0,0,0,'','','',4),(815,1,0,0,0,'','','',5),(816,2,0,0,0,'','','',1),(817,2,0,0,0,'','','',2),(818,2,0,0,0,'','','',3),(819,2,0,0,0,'','','',4),(820,1,0,3,3,'','','',1),(821,1,0,4,2,'','','',2),(822,1,0,0,0,'','','',3),(823,1,0,0,0,'','','',4),(824,1,0,0,0,'','','',5),(825,2,0,0,0,'','','',1),(826,2,0,0,0,'','','',2),(827,2,0,0,0,'','','',3),(828,2,0,0,0,'','','',4),(829,1,0,0,0,'','','',1),(830,1,0,0,0,'','','',2),(831,1,0,0,0,'','','',3),(832,1,0,0,0,'','','',4),(833,1,0,0,0,'','','',5),(834,2,0,0,0,'','','',1),(835,2,0,0,0,'','','',2),(836,2,0,0,0,'','','',3),(837,2,0,0,0,'','','',4),(838,1,0,4,1,'','','',1),(839,1,0,4,1,'','','',2),(840,1,0,4,1,'','','',3),(841,1,0,4,1,'','','',4),(842,1,0,4,0,'','','',5),(843,2,0,4,1,'','','',1),(844,2,0,4,1,'','','',2),(845,2,0,4,1,'','','',3),(846,2,0,4,1,'','','',4),(847,1,0,4,1,'','','',1),(848,1,0,4,1,'','','',2),(849,1,0,4,1,'','','',3),(850,1,0,4,2,'','','',4),(851,1,0,4,0,'','','',5),(852,2,0,4,1,'','','',1),(853,2,0,4,1,'','','',2),(854,2,0,4,1,'','','',3),(855,2,0,4,1,'','','',4),(856,1,0,4,1,'','','',1),(857,1,0,4,1,'','','',2),(858,1,0,4,1,'','','',3),(859,1,0,4,1,'','','',4),(860,1,0,4,0,'','','',5),(861,2,0,4,1,'','','',1),(862,2,0,4,1,'','','',2),(863,2,0,4,1,'','','',3),(864,2,0,4,1,'','','',4),(865,1,0,4,2,'','','',1),(866,1,0,4,2,'','','',2),(867,1,0,4,2,'','','',3),(868,1,0,4,2,'','','',4),(869,1,0,0,0,'','','',5),(870,2,0,4,2,'','','',1),(871,2,0,4,2,'','','',2),(872,2,0,4,2,'','','',3),(873,2,0,4,2,'','','',4),(874,1,0,4,4,'','','',1),(875,1,0,4,3,'','','',2),(876,1,0,4,2,'','','',3),(877,1,0,4,1,'','','',4),(878,1,0,0,1,'','','',5),(879,2,0,4,4,'','','',1),(880,2,0,4,3,'','','',2),(881,2,0,4,1,'','','',3),(882,2,0,4,3,'','','',4),(883,1,0,4,4,'','','',1),(884,1,0,4,3,'','','',2),(885,1,0,4,4,'','','',3),(886,1,0,4,1,'','','',4),(887,1,0,4,2,'','','',5),(888,2,0,4,4,'','','',1),(889,2,0,4,1,'','','',2),(890,2,0,4,1,'','','',3),(891,2,0,4,3,'','','',4),(892,1,0,4,1,'','','',1),(893,1,0,4,2,'','','',2),(894,1,0,4,2,'','','',3),(895,1,0,4,2,'','','',4),(896,1,0,4,2,'','','',5),(897,2,0,4,3,'','','',1),(898,2,0,4,3,'','','',2),(899,2,0,4,3,'','','',3),(900,2,0,4,3,'','','',4),(901,1,0,4,1,'','','',1),(902,1,0,4,2,'','','',2),(903,1,0,4,1,'','','',3),(904,1,0,4,1,'','','',4),(905,1,0,4,1,'','','',5),(906,2,0,4,1,'','','',1),(907,2,0,4,3,'','','',2),(908,2,0,4,3,'','','',3),(909,2,0,4,1,'','','',4),(910,1,0,4,1,'','','',1),(911,1,0,4,2,'','','',2),(912,1,0,4,2,'','','',3),(913,1,0,4,1,'','','',4),(914,1,0,0,1,'','','',5),(915,2,0,4,1,'','','',1),(916,2,0,4,3,'','','',2),(917,2,0,4,1,'','','',3),(918,2,0,1,1,'','','',4),(919,1,0,3,1,'','','',1),(920,1,0,0,0,'','','',2),(921,1,0,0,0,'','','',3),(922,1,0,0,0,'','','',4),(923,1,0,0,0,'','','',5),(924,2,0,0,0,'','','',1),(925,2,0,0,0,'','','',2),(926,2,0,0,0,'','','',3),(927,2,0,2,1,'','','',4),(928,1,0,3,1,'','','',1),(929,1,0,0,0,'','','',2),(930,1,0,0,0,'','','',3),(931,1,0,0,0,'','','',4),(932,1,0,0,0,'','','',5),(933,2,0,0,0,'','','',1),(934,2,0,0,0,'','','',2),(935,2,0,0,0,'','','',3),(936,2,0,0,0,'','','',4),(937,1,0,3,4,'','','',1),(938,1,0,0,0,'','','',2),(939,1,0,0,0,'','','',3),(940,1,0,2,1,'','','',4),(941,1,0,2,2,'','','',5),(942,2,0,3,4,'','','',1),(943,2,0,2,2,'','','',2),(944,2,0,2,4,'','','',3),(945,2,0,3,4,'','','',4),(946,1,0,3,4,'','','',1),(947,1,0,0,0,'','','',2),(948,1,0,0,0,'','','',3),(949,1,0,2,1,'','','',4),(950,1,0,2,2,'','','',5),(951,2,0,4,4,'','','',1),(952,2,0,2,3,'','','',2),(953,2,0,2,4,'','','',3),(954,2,0,4,4,'','','',4),(955,1,0,3,4,'','','',1),(956,1,0,0,0,'','','',2),(957,1,0,0,0,'','','',3),(958,1,0,2,1,'','','',4),(959,1,0,2,2,'','','',5),(960,2,0,4,4,'','','',1),(961,2,0,2,4,'','','',2),(962,2,0,3,4,'','','',3),(963,2,0,4,4,'','','',4),(964,1,0,3,4,'','','',1),(965,1,0,0,0,'','','',2),(966,1,0,0,0,'','','',3),(967,1,0,2,1,'','','',4),(968,1,0,2,2,'','','',5),(969,2,0,4,4,'','','',1),(970,2,0,2,2,'','','',2),(971,2,0,2,4,'','','',3),(972,2,0,3,4,'','','',4),(973,1,0,2,4,'','','',1),(974,1,0,0,0,'','','',2),(975,1,0,0,0,'','','',3),(976,1,0,2,4,'','','',4),(977,1,0,2,2,'','','',5),(978,2,0,4,3,'','','',1),(979,2,0,2,2,'','','',2),(980,2,0,2,3,'','','',3),(981,2,0,4,3,'','','',4),(982,1,0,4,4,'','','',1),(983,1,0,0,0,'','','',2),(984,1,0,0,0,'','','',3),(985,1,0,2,2,'','','',4),(986,1,0,4,4,'','','',5),(987,2,0,4,3,'','','',1),(988,2,0,2,2,'','','',2),(989,2,0,3,2,'','','',3),(990,2,0,4,4,'','','',4),(991,1,0,3,2,'','','',1),(992,1,0,0,0,'','','',2),(993,1,0,0,0,'','','',3),(994,1,0,2,3,'','','',4),(995,1,0,2,3,'','','',5),(996,2,0,4,3,'','','',1),(997,2,0,2,1,'','','',2),(998,2,0,3,1,'','','',3),(999,2,0,4,4,'','','',4),(1000,1,0,3,3,'','','',1),(1001,1,0,0,0,'','','',2),(1002,1,0,0,0,'','','',3),(1003,1,0,2,4,'','','',4),(1004,1,0,2,3,'','','',5),(1005,2,0,4,3,'','','',1),(1006,2,0,2,1,'','','',2),(1007,2,0,3,1,'','','',3),(1008,2,0,4,3,'','','',4),(1009,1,0,3,3,'','','',1),(1010,1,0,0,0,'','','',2),(1011,1,0,0,0,'','','',3),(1012,1,0,2,3,'','','',4),(1013,1,0,2,3,'','','',5),(1014,2,0,4,1,'','','',1),(1015,2,0,2,1,'','','',2),(1016,2,0,2,1,'','','',3),(1017,2,0,4,1,'','','',4),(1018,1,0,3,4,'','','',1),(1019,1,0,0,0,'','','',2),(1020,1,0,0,0,'','','',3),(1021,1,0,2,3,'','','',4),(1022,1,0,2,3,'','','',5),(1023,2,0,4,1,'','','',1),(1024,2,0,2,1,'','','',2),(1025,2,0,2,1,'','','',3),(1026,2,0,3,1,'','','',4),(1027,1,0,3,4,'','','',1),(1028,1,0,0,0,'','','',2),(1029,1,0,0,0,'','','',3),(1030,1,0,2,3,'','','',4),(1031,1,0,2,3,'','','',5),(1032,2,0,4,1,'','','',1),(1033,2,0,2,1,'','','',2),(1034,2,0,3,1,'','','',3),(1035,2,0,4,1,'','','',4),(1036,1,0,3,4,'','','',1),(1037,1,0,0,0,'','','',2),(1038,1,0,0,0,'','','',3),(1039,1,0,2,3,'','','',4),(1040,1,0,2,3,'','','',5),(1041,2,0,4,1,'','','',1),(1042,2,0,2,1,'','','',2),(1043,2,0,2,1,'','','',3),(1044,2,0,3,1,'','','',4),(1045,1,0,3,4,'','','',1),(1046,1,0,0,0,'','','',2),(1047,1,0,0,0,'','','',3),(1048,1,0,2,3,'','','',4),(1049,1,0,2,3,'','','',5),(1050,2,0,4,1,'','','',1),(1051,2,0,2,1,'','','',2),(1052,2,0,2,1,'','','',3),(1053,2,0,4,1,'','','',4),(1054,1,0,3,4,'','','',1),(1055,1,0,0,0,'','','',2),(1056,1,0,0,0,'','','',3),(1057,1,0,2,2,'','','',4),(1058,1,0,2,3,'','','',5),(1059,2,0,4,1,'','','',1),(1060,2,0,2,1,'','','',2),(1061,2,0,2,1,'','','',3),(1062,2,0,4,1,'','','',4),(1063,1,0,3,4,'','','',1),(1064,1,0,0,0,'','','',2),(1065,1,0,0,0,'','','',3),(1066,1,0,2,3,'','','',4),(1067,1,0,2,3,'','','',5),(1068,2,0,4,1,'','','',1),(1069,2,0,2,1,'','','',2),(1070,2,0,3,1,'','','',3),(1071,2,0,4,1,'','','',4),(1072,1,0,3,4,'','','',1),(1073,1,0,0,0,'','','',2),(1074,1,0,0,0,'','','',3),(1075,1,0,2,3,'','','',4),(1076,1,0,2,3,'','','',5),(1077,2,0,4,1,'','','',1),(1078,2,0,2,1,'','','',2),(1079,2,0,0,0,'','','',3),(1080,2,0,0,0,'','','',4),(1081,1,0,3,4,'','','',1),(1082,1,0,0,0,'','','',2),(1083,1,0,0,0,'','','',3),(1084,1,0,2,4,'','','',4),(1085,1,0,2,3,'','','',5),(1086,2,0,4,1,'','','',1),(1087,2,0,0,0,'','','',2),(1088,2,0,0,0,'','','',3),(1089,2,0,0,0,'','','',4),(1090,1,0,3,2,'','','',1),(1091,1,0,0,0,'','','',2),(1092,1,0,2,1,'','','',3),(1093,1,0,2,2,'','','',4),(1094,1,0,0,0,'','','',5),(1095,2,0,3,3,'','','',1),(1096,2,0,2,0,'','','',2),(1097,2,0,2,1,'','','',3),(1098,2,0,2,0,'','','',4),(1099,1,0,2,3,'','','',1),(1100,1,0,0,0,'','','',2),(1101,1,0,3,2,'','','',3),(1102,1,0,4,4,'','','',4),(1103,1,0,0,0,'','','',5),(1104,2,0,4,4,'','','',1),(1105,2,0,2,2,'','','',2),(1106,2,0,3,1,'','','',3),(1107,2,0,4,4,'','','',4),(1108,1,0,2,4,'','','',1),(1109,1,0,0,0,'','','',2),(1110,1,0,4,3,'','','',3),(1111,1,0,4,4,'','','',4),(1112,1,0,0,0,'','','',5),(1113,2,0,4,4,'','','',1),(1114,2,0,2,1,'','','',2),(1115,2,0,3,3,'','','',3),(1116,2,0,4,4,'','','',4),(1117,1,0,2,4,'','','',1),(1118,1,0,0,0,'','','',2),(1119,1,0,0,0,'','','',3),(1120,1,0,0,0,'','','',4),(1121,1,0,0,0,'','','',5),(1122,2,0,0,0,'','','',1),(1123,2,0,0,0,'','','',2),(1124,2,0,0,0,'','','',3),(1125,2,0,0,0,'','','',4),(1126,1,0,3,3,'','','',1),(1127,1,0,0,0,'','','',2),(1128,1,0,4,3,'','','',3),(1129,1,0,4,4,'','','',4),(1130,1,0,0,0,'','','',5),(1131,2,0,4,1,'','','',1),(1132,2,0,2,0,'','','',2),(1133,2,0,4,3,'','','',3),(1134,2,0,4,3,'','','',4),(1135,1,0,2,4,'','','',1),(1136,1,0,0,0,'','','',2),(1137,1,0,4,4,'','','',3),(1138,1,0,0,0,'','','',4),(1139,1,0,0,0,'','','',5),(1140,2,0,4,1,'','','',1),(1141,2,0,2,0,'','','',2),(1142,2,0,4,0,'','','',3),(1143,2,0,4,3,'','','',4),(1144,1,0,2,4,'','','',1),(1145,1,0,0,0,'','','',2),(1146,1,0,0,0,'','','',3),(1147,1,0,0,0,'','','',4),(1148,1,0,0,0,'','','',5),(1149,2,0,0,0,'','','',1),(1150,2,0,0,0,'','','',2),(1151,2,0,0,0,'','','',3),(1152,2,0,0,0,'','','',4),(1153,1,0,2,3,'','','',1),(1154,1,0,0,0,'','','',2),(1155,1,0,4,3,'','','',3),(1156,1,0,4,3,'','','',4),(1157,1,0,0,0,'','','',5),(1158,2,0,4,1,'','','',1),(1159,2,0,2,0,'','','',2),(1160,2,0,4,0,'','','',3),(1161,2,0,4,2,'','','',4),(1162,1,0,3,4,'','','',1),(1163,1,0,0,0,'','','',2),(1164,1,0,3,4,'','','',3),(1165,1,0,4,4,'','','',4),(1166,1,0,0,0,'','','',5),(1167,2,0,4,1,'','','',1),(1168,2,0,2,0,'','','',2),(1169,2,0,4,0,'','','',3),(1170,2,0,4,1,'','','',4),(1171,1,0,2,3,'','','',1),(1172,1,0,0,0,'','','',2),(1173,1,0,4,2,'','','',3),(1174,1,0,4,2,'','','',4),(1175,1,0,0,0,'','','',5),(1176,2,0,0,0,'','','',1),(1177,2,0,0,0,'','','',2),(1178,2,0,0,0,'','','',3),(1179,2,0,4,1,'','','',4),(1180,1,0,0,0,'','','',1),(1181,1,0,0,0,'','','',2),(1182,1,0,0,0,'','','',3),(1183,1,0,0,0,'','','',4),(1184,1,0,0,0,'','','',5),(1185,2,0,0,0,'','','',1),(1186,2,0,0,0,'','','',2),(1187,2,0,0,0,'','','',3),(1188,2,0,0,0,'','','',4),(1189,1,0,0,0,'','','',1),(1190,1,0,0,0,'','','',2),(1191,1,0,4,2,'','','',3),(1192,1,0,4,2,'','','',4),(1193,1,0,0,0,'','','',5),(1194,2,0,0,0,'','','',1),(1195,2,0,0,0,'','','',2),(1196,2,0,0,0,'','','',3),(1197,2,0,0,0,'','','',4),(1198,1,0,0,1,'','','',1),(1199,1,0,0,0,'','','',2),(1200,1,0,0,1,'','','',3),(1201,1,0,0,1,'','','',4),(1202,1,0,0,0,'','','',5),(1203,2,0,0,0,'','','',1),(1204,2,0,0,0,'','','',2),(1205,2,0,0,0,'','','',3),(1206,2,0,0,0,'','','',4),(1207,1,0,0,0,'','','',1),(1208,1,0,3,1,'','','',2),(1209,1,0,2,2,'','','',3),(1210,1,0,3,2,'','','',4),(1211,1,0,2,1,'','','',5),(1212,2,0,0,0,'','','',1),(1213,2,0,0,0,'','','',2),(1214,2,0,0,0,'','','',3),(1215,2,0,0,0,'','','',4),(1216,1,0,2,3,'','','',1),(1217,1,0,3,3,'','','',2),(1218,1,0,2,3,'','','',3),(1219,1,0,3,3,'','','',4),(1220,1,0,2,3,'','','',5),(1221,2,0,3,4,'','','',1),(1222,2,0,3,4,'','','',2),(1223,2,0,3,4,'','','',3),(1224,2,0,3,4,'','','',4),(1225,1,0,2,4,'','','',1),(1226,1,0,3,3,'','','',2),(1227,1,0,3,4,'','','',3),(1228,1,0,3,4,'','','',4),(1229,1,0,2,4,'','','',5),(1230,2,0,4,4,'','','',1),(1231,2,0,2,3,'','','',2),(1232,2,0,4,0,'','','',3),(1233,2,0,4,0,'','','',4),(1234,1,0,2,4,'','','',1),(1235,1,0,3,4,'','','',2),(1236,1,0,2,4,'','','',3),(1237,1,0,3,4,'','','',4),(1238,1,0,2,4,'','','',5),(1239,2,0,3,4,'','','',1),(1240,2,0,3,4,'','','',2),(1241,2,0,3,4,'','','',3),(1242,2,0,2,4,'','','',4),(1243,1,0,2,4,'','','',1),(1244,1,0,3,4,'','','',2),(1245,1,0,3,4,'','','',3),(1246,1,0,3,3,'','','',4),(1247,1,0,2,2,'','','',5),(1248,2,0,4,1,'','','',1),(1249,2,0,2,1,'','','',2),(1250,2,0,4,4,'','','',3),(1251,2,0,4,4,'','','',4),(1252,1,0,4,4,'','','',1),(1253,1,0,4,4,'','','',2),(1254,1,0,3,4,'','','',3),(1255,1,0,4,4,'','','',4),(1256,1,0,2,4,'','','',5),(1257,2,0,4,1,'','','',1),(1258,2,0,2,2,'','','',2),(1259,2,0,4,4,'','','',3),(1260,2,0,4,3,'','','',4),(1261,1,0,2,2,'','','',1),(1262,1,0,3,2,'','','',2),(1263,1,0,2,3,'','','',3),(1264,1,0,3,3,'','','',4),(1265,1,0,2,2,'','','',5),(1266,2,0,0,0,'','','',1),(1267,2,0,2,1,'','','',2),(1268,2,0,3,2,'','','',3),(1269,2,0,0,0,'','','',4),(1270,1,0,4,3,'','','',1),(1271,1,0,2,3,'','','',2),(1272,1,0,2,4,'','','',3),(1273,1,0,2,2,'','','',4),(1274,1,0,2,4,'','','',5),(1275,2,0,4,1,'','','',1),(1276,2,0,2,1,'','','',2),(1277,2,0,3,1,'','','',3),(1278,2,0,2,1,'','','',4),(1279,1,0,4,3,'','','',1),(1280,1,0,2,3,'','','',2),(1281,1,0,2,4,'','','',3),(1282,1,0,2,2,'','','',4),(1283,1,0,2,4,'','','',5),(1284,2,0,4,0,'','','',1),(1285,2,0,2,1,'','','',2),(1286,2,0,3,1,'','','',3),(1287,2,0,2,1,'','','',4),(1288,1,0,2,2,'','','',1),(1289,1,0,2,3,'','','',2),(1290,1,0,2,3,'','','',3),(1291,1,0,2,2,'','','',4),(1292,1,0,2,1,'','','',5),(1293,2,0,2,2,'','','',1),(1294,2,0,2,2,'','','',2),(1295,2,0,2,2,'','','',3),(1296,2,0,2,2,'','','',4),(1297,1,0,4,3,'','','',1),(1298,1,0,3,3,'','','',2),(1299,1,0,3,3,'','','',3),(1300,1,0,3,3,'','','',4),(1301,1,0,2,3,'','','',5),(1302,2,0,4,1,'','','',1),(1303,2,0,2,1,'','','',2),(1304,2,0,3,1,'','','',3),(1305,2,0,3,1,'','','',4),(1306,1,0,4,3,'','','',1),(1307,1,0,2,3,'','','',2),(1308,1,0,2,3,'','','',3),(1309,1,0,2,3,'','','',4),(1310,1,0,2,3,'','','',5),(1311,2,0,0,0,'','','',1),(1312,2,0,0,0,'','','',2),(1313,2,0,0,0,'','','',3),(1314,2,0,0,0,'','','',4),(1315,1,0,4,3,'','','',1),(1316,1,0,2,3,'','','',2),(1317,1,0,0,0,'','','',3),(1318,1,0,0,0,'','','',4),(1319,1,0,0,0,'','','',5),(1320,2,0,0,0,'','','',1),(1321,2,0,0,0,'','','',2),(1322,2,0,0,0,'','','',3),(1323,2,0,0,0,'','','',4),(1324,1,0,2,1,'','','',1),(1325,1,0,3,1,'','','',2),(1326,1,0,3,1,'','','',3),(1327,1,0,0,0,'','','',4),(1328,1,0,2,1,'','','',5),(1329,2,0,0,0,'','','',1),(1330,2,0,0,0,'','','',2),(1331,2,0,3,2,'','','',3),(1332,2,0,0,0,'','','',4),(1333,1,0,2,1,'','','',1),(1334,1,0,3,2,'','','',2),(1335,1,0,3,2,'','','',3),(1336,1,0,3,1,'','','',4),(1337,1,0,3,1,'','','',5),(1338,2,0,3,1,'','','',1),(1339,2,0,3,1,'','','',2),(1340,2,0,3,2,'','','',3),(1341,2,0,3,1,'','','',4),(1342,1,0,2,1,'','','',1),(1343,1,0,3,1,'','','',2),(1344,1,0,3,3,'','','',3),(1345,1,0,3,2,'','','',4),(1346,1,0,3,1,'','','',5),(1347,2,0,3,4,'','','',1),(1348,2,0,3,2,'','','',2),(1349,2,0,3,3,'','','',3),(1350,2,0,3,3,'','','',4),(1351,1,0,2,2,'','','',1),(1352,1,0,4,4,'','','',2),(1353,1,0,3,4,'','','',3),(1354,1,0,4,4,'','','',4),(1355,1,0,3,1,'','','',5),(1356,2,0,3,4,'','','',1),(1357,2,0,3,3,'','','',2),(1358,2,0,3,3,'','','',3),(1359,2,0,3,3,'','','',4),(1360,1,0,3,3,'','','',1),(1361,1,0,3,4,'','','',2),(1362,1,0,3,4,'','','',3),(1363,1,0,3,4,'','','',4),(1364,1,0,3,2,'','','',5),(1365,2,0,3,3,'','','',1),(1366,2,0,3,2,'','','',2),(1367,2,0,3,1,'','','',3),(1368,2,0,3,2,'','','',4),(1369,1,0,2,1,'','','',1),(1370,1,0,3,3,'','','',2),(1371,1,0,2,3,'','','',3),(1372,1,0,3,3,'','','',4),(1373,1,0,2,1,'','','',5),(1374,2,0,2,0,'','','',1),(1375,2,0,2,1,'','','',2),(1376,2,0,2,1,'','','',3),(1377,2,0,2,1,'','','',4),(1378,1,0,2,2,'','','',1),(1379,1,0,4,4,'','','',2),(1380,1,0,3,4,'','','',3),(1381,1,0,4,4,'','','',4),(1382,1,0,4,2,'','','',5),(1383,2,0,0,0,'','','',1),(1384,2,0,0,0,'','','',2),(1385,2,0,0,0,'','','',3),(1386,2,0,0,0,'','','',4),(1387,1,0,2,1,'','','',1),(1388,1,0,3,4,'','','',2),(1389,1,0,3,2,'','','',3),(1390,1,0,3,4,'','','',4),(1391,1,0,3,3,'','','',5),(1392,2,0,0,0,'','','',1),(1393,2,0,0,0,'','','',2),(1394,2,0,0,0,'','','',3),(1395,2,0,0,0,'','','',4),(1396,1,0,2,1,'','','',1),(1397,1,0,4,4,'','','',2),(1398,1,0,3,1,'','','',3),(1399,1,0,4,2,'','','',4),(1400,1,0,4,3,'','','',5),(1401,2,0,0,0,'','','',1),(1402,2,0,0,0,'','','',2),(1403,2,0,0,0,'','','',3),(1404,2,0,0,0,'','','',4),(1405,1,0,2,0,'','','',1),(1406,1,0,2,0,'','','',2),(1407,1,0,2,0,'','','',3),(1408,1,0,2,0,'','','',4),(1409,1,0,2,0,'','','',5),(1410,2,0,2,0,'','','',1),(1411,2,0,2,0,'','','',2),(1412,2,0,2,0,'','','',3),(1413,2,0,2,0,'','','',4),(1414,1,0,0,0,'','','',1),(1415,1,0,0,0,'','','',2),(1416,1,0,0,0,'','','',3),(1417,1,0,0,0,'','','',4),(1418,1,0,0,0,'','','',5),(1419,2,0,0,0,'','','',1),(1420,2,0,0,0,'','','',2),(1421,2,0,0,0,'','','',3),(1422,2,0,0,0,'','','',4),(1423,1,0,0,0,'','','',1),(1424,1,0,4,1,'','','',2),(1425,1,0,4,1,'','','',3),(1426,1,0,0,0,'','','',4),(1427,1,0,0,0,'','','',5),(1428,2,0,0,0,'','','',1),(1429,2,0,4,1,'','','',2),(1430,2,0,4,2,'','','',3),(1431,2,0,4,3,'','','',4),(1432,1,0,0,0,'','','',1),(1433,1,0,2,1,'','','',2),(1434,1,0,3,3,'','','',3),(1435,1,0,2,1,'','','',4),(1436,1,0,2,2,'','','',5),(1437,2,0,2,4,'','','',1),(1438,2,0,2,3,'','','',2),(1439,2,0,2,4,'','','',3),(1440,2,0,3,4,'','','',4),(1441,1,0,0,0,'','','',1),(1442,1,0,0,0,'','','',2),(1443,1,0,3,3,'','','',3),(1444,1,0,2,1,'','','',4),(1445,1,0,2,3,'','','',5),(1446,2,0,3,2,'','','',1),(1447,2,0,2,2,'','','',2),(1448,2,0,3,3,'','','',3),(1449,2,0,4,3,'','','',4),(1450,1,0,0,0,'','','',1),(1451,1,0,0,0,'','','',2),(1452,1,0,3,3,'','','',3),(1453,1,0,2,1,'','','',4),(1454,1,0,2,3,'','','',5),(1455,2,0,3,2,'','','',1),(1456,2,0,2,2,'','','',2),(1457,2,0,3,3,'','','',3),(1458,2,0,4,3,'','','',4),(1459,1,0,0,0,'','','',1),(1460,1,0,0,0,'','','',2),(1461,1,0,3,2,'','','',3),(1462,1,0,0,0,'','','',4),(1463,1,0,2,2,'','','',5),(1464,2,0,3,1,'','','',1),(1465,2,0,0,0,'','','',2),(1466,2,0,4,1,'','','',3),(1467,2,0,3,2,'','','',4),(1468,1,0,0,0,'','','',1),(1469,1,0,0,0,'','','',2),(1470,1,0,0,0,'','','',3),(1471,1,0,0,0,'','','',4),(1472,1,0,0,0,'','','',5),(1473,2,0,0,0,'','','',1),(1474,2,0,0,0,'','','',2),(1475,2,0,0,0,'','','',3),(1476,2,0,4,1,'','','',4),(1477,1,0,0,0,'','','',1),(1478,1,0,0,0,'','','',2),(1479,1,0,3,1,'','','',3),(1480,1,0,0,0,'','','',4),(1481,1,0,2,1,'','','',5),(1482,2,0,2,1,'','','',1),(1483,2,0,0,0,'','','',2),(1484,2,0,0,0,'','','',3),(1485,2,0,4,1,'','','',4),(1486,1,0,0,0,'','','',1),(1487,1,0,4,2,'','','',2),(1488,1,0,0,0,'','','',3),(1489,1,0,2,1,'','','',4),(1490,1,0,0,0,'','','',5),(1491,2,0,4,3,'','','',1),(1492,2,0,0,0,'','','',2),(1493,2,0,3,3,'','','',3),(1494,2,0,0,0,'','','',4),(1495,1,0,2,2,'','','',1),(1496,1,0,4,3,'','','',2),(1497,1,0,0,0,'','','',3),(1498,1,0,3,2,'','','',4),(1499,1,0,4,1,'','','',5),(1500,2,0,4,3,'','','',1),(1501,2,0,2,2,'','','',2),(1502,2,0,4,3,'','','',3),(1503,2,0,4,3,'','','',4),(1504,1,0,2,4,'','','',1),(1505,1,0,4,4,'','','',2),(1506,1,0,0,0,'','','',3),(1507,1,0,3,3,'','','',4),(1508,1,0,4,1,'','','',5),(1509,2,0,4,4,'','','',1),(1510,2,0,2,3,'','','',2),(1511,2,0,4,4,'','','',3),(1512,2,0,4,4,'','','',4),(1513,1,0,2,3,'','','',1),(1514,1,0,4,4,'','','',2),(1515,1,0,0,0,'','','',3),(1516,1,0,3,3,'','','',4),(1517,1,0,4,3,'','','',5),(1518,2,0,4,4,'','','',1),(1519,2,0,2,2,'','','',2),(1520,2,0,4,4,'','','',3),(1521,2,0,0,4,'','','',4),(1522,1,0,4,4,'','','',1),(1523,1,0,4,3,'','','',2),(1524,1,0,0,0,'','','',3),(1525,1,0,3,3,'','','',4),(1526,1,0,4,4,'','','',5),(1527,2,0,4,1,'','','',1),(1528,2,0,3,1,'','','',2),(1529,2,0,4,1,'','','',3),(1530,2,0,4,4,'','','',4),(1531,1,0,3,3,'','','',1),(1532,1,0,4,2,'','','',2),(1533,1,0,0,0,'','','',3),(1534,1,0,0,2,'','','',4),(1535,1,0,4,0,'','','',5),(1536,2,0,4,1,'','','',1),(1537,2,0,3,1,'','','',2),(1538,2,0,3,1,'','','',3),(1539,2,0,4,1,'','','',4),(1540,1,0,3,3,'','','',1),(1541,1,0,4,3,'','','',2),(1542,1,0,0,0,'','','',3),(1543,1,0,4,2,'','','',4),(1544,1,0,4,4,'','','',5),(1545,2,0,4,1,'','','',1),(1546,2,0,3,1,'','','',2),(1547,2,0,4,1,'','','',3),(1548,2,0,4,1,'','','',4),(1549,1,0,3,3,'','','',1),(1550,1,0,4,3,'','','',2),(1551,1,0,0,0,'','','',3),(1552,1,0,4,2,'','','',4),(1553,1,0,4,2,'','','',5),(1554,2,0,4,1,'','','',1),(1555,2,0,3,0,'','','',2),(1556,2,0,4,0,'','','',3),(1557,2,0,4,1,'','','',4),(1558,1,0,3,2,'','','',1),(1559,1,0,4,3,'','','',2),(1560,1,0,0,0,'','','',3),(1561,1,0,3,3,'','','',4),(1562,1,0,4,1,'','','',5),(1563,2,0,4,1,'','','',1),(1564,2,0,0,0,'','','',2),(1565,2,0,4,1,'','','',3),(1566,2,0,4,1,'','','',4),(1567,1,0,3,1,'','','',1),(1568,1,0,4,1,'','','',2),(1569,1,0,0,0,'','','',3),(1570,1,0,3,2,'','','',4),(1571,1,0,4,1,'','','',5),(1572,2,0,4,1,'','','',1),(1573,2,0,3,0,'','','',2),(1574,2,0,4,1,'','','',3),(1575,2,0,4,1,'','','',4),(1576,1,0,3,0,'','','',1),(1577,1,0,4,1,'','','',2),(1578,1,0,0,0,'','','',3),(1579,1,0,3,1,'','','',4),(1580,1,0,4,1,'','','',5),(1581,2,0,4,1,'','','',1),(1582,2,0,3,0,'','','',2),(1583,2,0,4,0,'','','',3),(1584,2,0,4,0,'','','',4),(1585,1,0,2,1,'','','',1),(1586,1,0,2,1,'','','',2),(1587,1,0,2,1,'','','',3),(1588,1,0,2,2,'','','',4),(1589,1,0,2,2,'','','',5),(1590,2,0,2,1,'','','',1),(1591,2,0,3,1,'','','',2),(1592,2,0,3,1,'','','',3),(1593,2,0,2,1,'','','',4),(1594,1,0,2,2,'','','',1),(1595,1,0,2,2,'','','',2),(1596,1,0,2,1,'','','',3),(1597,1,0,2,2,'','','',4),(1598,1,0,2,2,'','','',5),(1599,2,0,2,1,'','','',1),(1600,2,0,2,1,'','','',2),(1601,2,0,2,1,'','','',3),(1602,2,0,2,1,'','','',4),(1603,1,0,2,1,'','','',1),(1604,1,0,2,1,'','','',2),(1605,1,0,2,1,'','','',3),(1606,1,0,2,2,'','','',4),(1607,1,0,2,2,'','','',5),(1608,2,0,2,1,'','','',1),(1609,2,0,3,1,'','','',2),(1610,2,0,3,1,'','','',3),(1611,2,0,2,1,'','','',4),(1612,1,0,2,2,'','','',1),(1613,1,0,2,2,'','','',2),(1614,1,0,3,2,'','','',3),(1615,1,0,3,3,'','','',4),(1616,1,0,2,3,'','','',5),(1617,2,0,2,1,'','','',1),(1618,2,0,3,1,'','','',2),(1619,2,0,3,1,'','','',3),(1620,2,0,2,1,'','','',4),(1621,1,0,2,3,'','','',1),(1622,1,0,3,3,'','','',2),(1623,1,0,3,2,'','','',3),(1624,1,0,3,3,'','','',4),(1625,1,0,2,2,'','','',5),(1626,2,0,2,1,'','','',1),(1627,2,0,3,1,'','','',2),(1628,2,0,3,1,'','','',3),(1629,2,0,2,1,'','','',4),(1630,1,0,2,2,'','','',1),(1631,1,0,3,3,'','','',2),(1632,1,0,3,3,'','','',3),(1633,1,0,3,3,'','','',4),(1634,1,0,2,3,'','','',5),(1635,2,0,2,1,'','','',1),(1636,2,0,3,1,'','','',2),(1637,2,0,3,1,'','','',3),(1638,2,0,2,1,'','','',4),(1639,1,0,2,2,'','','',1),(1640,1,0,3,2,'','','',2),(1641,1,0,3,4,'','','',3),(1642,1,0,3,3,'','','',4),(1643,1,0,2,2,'','','',5),(1644,2,0,2,1,'','','',1),(1645,2,0,3,1,'','','',2),(1646,2,0,3,1,'','','',3),(1647,2,0,2,1,'','','',4),(1648,1,0,2,2,'','','',1),(1649,1,0,3,3,'','','',2),(1650,1,0,3,4,'','','',3),(1651,1,0,3,3,'','','',4),(1652,1,0,2,3,'','','',5),(1653,2,0,2,1,'','','',1),(1654,2,0,3,1,'','','',2),(1655,2,0,3,1,'','','',3),(1656,2,0,2,1,'','','',4),(1657,1,0,2,2,'','','',1),(1658,1,0,2,3,'','','',2),(1659,1,0,3,4,'','','',3),(1660,1,0,3,3,'','','',4),(1661,1,0,2,3,'','','',5),(1662,2,0,2,1,'','','',1),(1663,2,0,2,1,'','','',2),(1664,2,0,3,1,'','','',3),(1665,2,0,2,1,'','','',4),(1666,1,0,2,3,'','','',1),(1667,1,0,2,2,'','','',2),(1668,1,0,3,4,'','','',3),(1669,1,0,3,2,'','','',4),(1670,1,0,2,1,'','','',5),(1671,2,0,2,1,'','','',1),(1672,2,0,2,1,'','','',2),(1673,2,0,3,1,'','','',3),(1674,2,0,2,1,'','','',4),(1675,1,0,2,3,'','','',1),(1676,1,0,2,2,'','','',2),(1677,1,0,3,4,'','','',3),(1678,1,0,3,2,'','','',4),(1679,1,0,2,1,'','','',5),(1680,2,0,2,1,'','','',1),(1681,2,0,2,1,'','','',2),(1682,2,0,4,1,'','','',3),(1683,2,0,2,1,'','','',4),(1684,1,0,2,2,'','','',1),(1685,1,0,3,2,'','','',2),(1686,1,0,3,3,'','','',3),(1687,1,0,3,3,'','','',4),(1688,1,0,2,1,'','','',5),(1689,2,0,2,1,'','','',1),(1690,2,0,3,1,'','','',2),(1691,2,0,4,1,'','','',3),(1692,2,0,2,1,'','','',4),(1693,1,0,3,1,'','','',1),(1694,1,0,4,1,'','','',2),(1695,1,0,3,1,'','','',3),(1696,1,0,0,0,'','','',4),(1697,1,0,2,1,'','','',5),(1698,2,0,4,1,'','','',1),(1699,2,0,2,1,'','','',2),(1700,2,0,3,1,'','','',3),(1701,2,0,4,0,'','','',4),(1702,1,0,3,1,'','','',1),(1703,1,0,4,1,'','','',2),(1704,1,0,3,1,'','','',3),(1705,1,0,0,0,'','','',4),(1706,1,0,2,1,'','','',5),(1707,2,0,4,2,'','','',1),(1708,2,0,2,2,'','','',2),(1709,2,0,3,2,'','','',3),(1710,2,0,4,2,'','','',4),(1711,1,0,3,3,'','','',1),(1712,1,0,4,3,'','','',2),(1713,1,0,3,2,'','','',3),(1714,1,0,0,0,'','','',4),(1715,1,0,2,0,'','','',5),(1716,2,0,4,3,'','','',1),(1717,2,0,2,3,'','','',2),(1718,2,0,3,1,'','','',3),(1719,2,0,4,2,'','','',4),(1720,1,0,3,3,'','','',1),(1721,1,0,4,4,'','','',2),(1722,1,0,3,0,'','','',3),(1723,1,0,0,0,'','','',4),(1724,1,0,2,4,'','','',5),(1725,2,0,4,4,'','','',1),(1726,2,0,2,4,'','','',2),(1727,2,0,3,4,'','','',3),(1728,2,0,4,4,'','','',4),(1729,1,0,0,4,'','','',1),(1730,1,0,0,4,'','','',2),(1731,1,0,0,4,'','','',3),(1732,1,0,0,0,'','','',4),(1733,1,0,2,4,'','','',5),(1734,2,0,0,4,'','','',1),(1735,2,0,0,4,'','','',2),(1736,2,0,0,4,'','','',3),(1737,2,0,0,4,'','','',4),(1738,1,0,2,1,'','','',1),(1739,1,0,0,0,'','','',2),(1740,1,0,2,1,'','','',3),(1741,1,0,2,0,'','','',4),(1742,1,0,2,0,'','','',5),(1743,2,0,3,3,'','','',1),(1744,2,0,2,0,'','','',2),(1745,2,0,3,0,'','','',3),(1746,2,0,3,0,'','','',4),(1747,1,0,2,2,'','','',1),(1748,1,0,0,0,'','','',2),(1749,1,0,3,2,'','','',3),(1750,1,0,2,1,'','','',4),(1751,1,0,2,1,'','','',5),(1752,2,0,3,4,'','','',1),(1753,2,0,2,1,'','','',2),(1754,2,0,3,2,'','','',3),(1755,2,0,3,0,'','','',4),(1756,1,0,2,2,'','','',1),(1757,1,0,0,0,'','','',2),(1758,1,0,3,4,'','','',3),(1759,1,0,2,3,'','','',4),(1760,1,0,2,2,'','','',5),(1761,2,0,3,4,'','','',1),(1762,2,0,2,4,'','','',2),(1763,2,0,4,3,'','','',3),(1764,2,0,4,4,'','','',4),(1765,1,0,2,4,'','','',1),(1766,1,0,0,0,'','','',2),(1767,1,0,3,4,'','','',3),(1768,1,0,2,4,'','','',4),(1769,1,0,2,4,'','','',5),(1770,2,0,3,4,'','','',1),(1771,2,0,2,4,'','','',2),(1772,2,0,4,4,'','','',3),(1773,2,0,4,4,'','','',4),(1774,1,0,2,3,'','','',1),(1775,1,0,0,0,'','','',2),(1776,1,0,3,4,'','','',3),(1777,1,0,2,3,'','','',4),(1778,1,0,2,3,'','','',5),(1779,2,0,3,1,'','','',1),(1780,2,0,2,2,'','','',2),(1781,2,0,4,3,'','','',3),(1782,2,0,4,4,'','','',4),(1783,1,0,2,4,'','','',1),(1784,1,0,0,0,'','','',2),(1785,1,0,3,4,'','','',3),(1786,1,0,2,4,'','','',4),(1787,1,0,2,4,'','','',5),(1788,2,0,3,1,'','','',1),(1789,2,0,0,1,'','','',2),(1790,2,0,0,1,'','','',3),(1791,2,0,0,3,'','','',4),(1792,1,0,3,4,'','','',1),(1793,1,0,0,0,'','','',2),(1794,1,0,3,4,'','','',3),(1795,1,0,2,2,'','','',4),(1796,1,0,3,2,'','','',5),(1797,2,0,4,1,'','','',1),(1798,2,0,3,0,'','','',2),(1799,2,0,3,0,'','','',3),(1800,2,0,4,1,'','','',4),(1801,1,0,3,3,'','','',1),(1802,1,0,0,0,'','','',2),(1803,1,0,4,3,'','','',3),(1804,1,0,3,2,'','','',4),(1805,1,0,4,2,'','','',5),(1806,2,0,0,0,'','','',1),(1807,2,0,2,1,'','','',2),(1808,2,0,0,0,'','','',3),(1809,2,0,0,1,'','','',4),(1810,1,0,0,0,'','','',1),(1811,1,0,2,1,'','','',2),(1812,1,0,2,1,'','','',3),(1813,1,0,2,1,'','','',4),(1814,1,0,2,1,'','','',5),(1815,2,0,0,0,'','','',1),(1816,2,0,0,0,'','','',2),(1817,2,0,0,0,'','','',3),(1818,2,0,0,0,'','','',4),(1819,1,0,0,0,'','','',1),(1820,1,0,0,1,'','','',2),(1821,1,0,2,1,'','','',3),(1822,1,0,2,2,'','','',4),(1823,1,0,2,1,'','','',5),(1824,2,0,0,0,'','','',1),(1825,2,0,2,1,'','','',2),(1826,2,0,0,0,'','','',3),(1827,2,0,0,0,'','','',4),(1828,1,0,0,0,'','','',1),(1829,1,0,3,1,'','','',2),(1830,1,0,2,2,'','','',3),(1831,1,0,3,3,'','','',4),(1832,1,0,2,2,'','','',5),(1833,2,0,0,0,'','','',1),(1834,2,0,2,1,'','','',2),(1835,2,0,3,1,'','','',3),(1836,2,0,0,0,'','','',4),(1837,1,0,2,1,'','','',1),(1838,1,0,3,3,'','','',2),(1839,1,0,2,4,'','','',3),(1840,1,0,3,4,'','','',4),(1841,1,0,3,4,'','','',5),(1842,2,0,0,0,'','','',1),(1843,2,0,0,0,'','','',2),(1844,2,0,3,2,'','','',3),(1845,2,0,0,0,'','','',4),(1846,1,0,3,2,'','','',1),(1847,1,0,0,3,'','','',2),(1848,1,0,2,4,'','','',3),(1849,1,0,3,4,'','','',4),(1850,1,0,3,3,'','','',5),(1851,2,0,3,1,'','','',1),(1852,2,0,2,2,'','','',2),(1853,2,0,3,2,'','','',3),(1854,2,0,0,0,'','','',4),(1855,1,0,2,3,'','','',1),(1856,1,0,2,1,'','','',2),(1857,1,0,2,2,'','','',3),(1858,1,0,2,2,'','','',4),(1859,1,0,3,2,'','','',5),(1860,2,0,4,1,'','','',1),(1861,2,0,2,1,'','','',2),(1862,2,0,4,1,'','','',3),(1863,2,0,4,1,'','','',4),(1864,1,0,2,3,'','','',1),(1865,1,0,2,1,'','','',2),(1866,1,0,2,1,'','','',3),(1867,1,0,2,2,'','','',4),(1868,1,0,3,2,'','','',5),(1869,2,0,3,1,'','','',1),(1870,2,0,2,1,'','','',2),(1871,2,0,3,2,'','','',3),(1872,2,0,4,1,'','','',4),(1873,1,0,3,2,'','','',1),(1874,1,0,0,0,'','','',2),(1875,1,0,2,1,'','','',3),(1876,1,0,3,2,'','','',4),(1877,1,0,3,1,'','','',5),(1878,2,0,4,1,'','','',1),(1879,2,0,2,1,'','','',2),(1880,2,0,3,2,'','','',3),(1881,2,0,4,1,'','','',4),(1882,1,0,2,2,'','','',1),(1883,1,0,0,0,'','','',2),(1884,1,0,2,2,'','','',3),(1885,1,0,3,3,'','','',4),(1886,1,0,3,2,'','','',5),(1887,2,0,4,2,'','','',1),(1888,2,0,2,1,'','','',2),(1889,2,0,3,1,'','','',3),(1890,2,0,4,1,'','','',4),(1891,1,0,3,2,'','','',1),(1892,1,0,0,0,'','','',2),(1893,1,0,0,1,'','','',3),(1894,1,0,3,2,'','','',4),(1895,1,0,0,1,'','','',5),(1896,2,0,4,1,'','','',1),(1897,2,0,0,0,'','','',2),(1898,2,0,3,1,'','','',3),(1899,2,0,4,1,'','','',4),(1900,1,0,3,2,'','','',1),(1901,1,0,0,0,'','','',2),(1902,1,0,2,1,'','','',3),(1903,1,0,3,2,'','','',4),(1904,1,0,3,2,'','','',5),(1905,2,0,4,1,'','','',1),(1906,2,0,0,0,'','','',2),(1907,2,0,0,0,'','','',3),(1908,2,0,4,1,'','','',4),(1909,1,0,3,1,'','','',1),(1910,1,0,0,0,'','','',2),(1911,1,0,0,0,'','','',3),(1912,1,0,0,0,'','','',4),(1913,1,0,0,0,'','','',5),(1914,2,0,0,0,'','','',1),(1915,2,0,0,0,'','','',2),(1916,2,0,0,0,'','','',3),(1917,2,0,0,0,'','','',4),(1918,1,0,3,1,'','','',1),(1919,1,0,2,1,'','','',2),(1920,1,0,0,0,'','','',3),(1921,1,0,3,1,'','','',4),(1922,1,0,3,1,'','','',5),(1923,2,0,0,0,'','','',1),(1924,2,0,0,0,'','','',2),(1925,2,0,0,0,'','','',3),(1926,2,0,0,0,'','','',4),(1927,1,0,3,2,'','','',1),(1928,1,0,3,1,'','','',2),(1929,1,0,2,1,'','','',3),(1930,1,0,3,1,'','','',4),(1931,1,0,2,1,'','','',5),(1932,2,0,0,0,'','','',1),(1933,2,0,0,0,'','','',2),(1934,2,0,4,3,'','','',3),(1935,2,0,0,0,'','','',4),(1936,1,0,3,3,'','','',1),(1937,1,0,3,2,'','','',2),(1938,1,0,3,2,'','','',3),(1939,1,0,4,4,'','','',4),(1940,1,0,4,3,'','','',5),(1941,2,0,0,0,'','','',1),(1942,2,0,4,1,'','','',2),(1943,2,0,4,4,'','','',3),(1944,2,0,4,3,'','','',4),(1945,1,0,3,4,'','','',1),(1946,1,0,4,4,'','','',2),(1947,1,0,3,4,'','','',3),(1948,1,0,4,4,'','','',4),(1949,1,0,4,4,'','','',5),(1950,2,0,0,0,'','','',1),(1951,2,0,3,3,'','','',2),(1952,2,0,4,4,'','','',3),(1953,2,0,4,4,'','','',4),(1954,1,0,4,4,'','','',1),(1955,1,0,4,4,'','','',2),(1956,1,0,3,4,'','','',3),(1957,1,0,4,4,'','','',4),(1958,1,0,3,4,'','','',5),(1959,2,0,0,0,'','','',1),(1960,2,0,4,4,'','','',2),(1961,2,0,4,4,'','','',3),(1962,2,0,4,4,'','','',4),(1963,1,0,4,4,'','','',1),(1964,1,0,4,4,'','','',2),(1965,1,0,3,4,'','','',3),(1966,1,0,4,3,'','','',4),(1967,1,0,3,4,'','','',5),(1968,2,0,0,0,'','','',1),(1969,2,0,4,1,'','','',2),(1970,2,0,4,2,'','','',3),(1971,2,0,4,4,'','','',4),(1972,1,0,4,3,'','','',1),(1973,1,0,4,4,'','','',2),(1974,1,0,3,4,'','','',3),(1975,1,0,4,4,'','','',4),(1976,1,0,3,2,'','','',5),(1977,2,0,0,0,'','','',1),(1978,2,0,3,1,'','','',2),(1979,2,0,3,1,'','','',3),(1980,2,0,4,1,'','','',4),(1981,1,0,4,2,'','','',1),(1982,1,0,4,3,'','','',2),(1983,1,0,4,4,'','','',3),(1984,1,0,4,4,'','','',4),(1985,1,0,3,2,'','','',5),(1986,2,0,0,0,'','','',1),(1987,2,0,4,1,'','','',2),(1988,2,0,0,0,'','','',3),(1989,2,0,4,1,'','','',4),(1990,1,0,4,1,'','','',1),(1991,1,0,4,2,'','','',2),(1992,1,0,3,1,'','','',3),(1993,1,0,4,2,'','','',4),(1994,1,0,3,1,'','','',5),(1995,2,0,0,0,'','','',1),(1996,2,0,0,0,'','','',2),(1997,2,0,0,0,'','','',3),(1998,2,0,4,1,'','','',4),(1999,1,0,4,3,'','','',1),(2000,1,0,4,2,'','','',2),(2001,1,0,3,1,'','','',3),(2002,1,0,4,3,'','','',4),(2003,1,0,3,2,'','','',5),(2004,2,0,0,0,'','','',1),(2005,2,0,0,0,'','','',2),(2006,2,0,0,0,'','','',3),(2007,2,0,0,0,'','','',4),(2008,1,0,4,2,'','','',1),(2009,1,0,4,2,'','','',2),(2010,1,0,0,1,'','','',3),(2011,1,0,4,2,'','','',4),(2012,1,0,4,1,'','','',5),(2013,2,0,0,0,'','','',1),(2014,2,0,0,0,'','','',2),(2015,2,0,0,0,'','','',3),(2016,2,0,0,0,'','','',4),(2017,1,0,4,4,'','','',1),(2018,1,0,4,2,'','','',2),(2019,1,0,4,1,'','','',3),(2020,1,0,4,4,'','','',4),(2021,1,0,3,1,'','','',5),(2022,2,0,0,0,'','','',1),(2023,2,0,0,0,'','','',2),(2024,2,0,0,0,'','','',3),(2025,2,0,0,0,'','','',4),(2026,1,0,4,2,'','','',1),(2027,1,0,4,1,'','','',2),(2028,1,0,3,1,'','','',3),(2029,1,0,4,2,'','','',4),(2030,1,0,4,1,'','','',5),(2031,2,0,0,0,'','','',1),(2032,2,0,0,0,'','','',2),(2033,2,0,4,1,'','','',3),(2034,2,0,4,1,'','','',4),(2035,1,0,4,3,'','','',1),(2036,1,0,4,2,'','','',2),(2037,1,0,4,2,'','','',3),(2038,1,0,4,2,'','','',4),(2039,1,0,3,1,'','','',5),(2040,2,0,0,0,'','','',1),(2041,2,0,0,0,'','','',2),(2042,2,0,0,0,'','','',3),(2043,2,0,0,0,'','','',4),(2044,1,0,4,1,'','','',1),(2045,1,0,4,1,'','','',2),(2046,1,0,3,1,'','','',3),(2047,1,0,4,1,'','','',4),(2048,1,0,3,1,'','','',5),(2049,2,0,0,0,'','','',1),(2050,2,0,0,0,'','','',2),(2051,2,0,4,1,'','','',3),(2052,2,0,4,1,'','','',4),(2053,1,0,4,1,'','','',1),(2054,1,0,4,1,'','','',2),(2055,1,0,4,2,'','','',3),(2056,1,0,3,1,'','','',4),(2057,1,0,4,2,'','','',5),(2058,2,0,0,0,'','','',1),(2059,2,0,0,0,'','','',2),(2060,2,0,0,0,'','','',3),(2061,2,0,0,0,'','','',4),(2062,1,0,4,1,'','','',1),(2063,1,0,4,1,'','','',2),(2064,1,0,4,1,'','','',3),(2065,1,0,4,1,'','','',4),(2066,1,0,3,1,'','','',5),(2067,2,0,0,0,'','','',1),(2068,2,0,0,0,'','','',2),(2069,2,0,0,0,'','','',3),(2070,2,0,0,0,'','','',4),(2071,1,0,4,1,'','','',1),(2072,1,0,4,0,'','','',2),(2073,1,0,3,1,'','','',3),(2074,1,0,4,1,'','','',4),(2075,1,0,3,1,'','','',5),(2076,2,0,0,0,'','','',1),(2077,2,0,0,0,'','','',2),(2078,2,0,4,1,'','','',3),(2079,2,0,0,0,'','','',4),(2080,1,0,3,1,'','','',1),(2081,1,0,0,0,'','','',2),(2082,1,0,3,0,'','','',3),(2083,1,0,0,0,'','','',4),(2084,1,0,0,0,'','','',5),(2085,2,0,0,0,'','','',1),(2086,2,0,0,0,'','','',2),(2087,2,0,0,0,'','','',3),(2088,2,0,0,0,'','','',4),(2089,1,0,3,1,'','','',1),(2090,1,0,0,0,'','','',2),(2091,1,0,0,0,'','','',3),(2092,1,0,0,0,'','','',4),(2093,1,0,0,0,'','','',5),(2094,2,0,0,0,'','','',1),(2095,2,0,0,0,'','','',2),(2096,2,0,0,0,'','','',3),(2097,2,0,0,0,'','','',4),(2098,1,0,3,4,'','','',1),(2099,1,0,0,0,'','','',2),(2100,1,0,3,1,'','','',3),(2101,1,0,0,0,'','','',4),(2102,1,0,0,0,'','','',5),(2103,2,0,3,1,'','','',1),(2104,2,0,2,1,'','','',2),(2105,2,0,3,1,'','','',3),(2106,2,0,0,0,'','','',4),(2107,1,0,3,3,'','','',1),(2108,1,0,0,0,'','','',2),(2109,1,0,3,3,'','','',3),(2110,1,0,0,0,'','','',4),(2111,1,0,0,0,'','','',5),(2112,2,0,0,0,'','','',1),(2113,2,0,2,4,'','','',2),(2114,2,0,0,4,'','','',3),(2115,2,0,0,0,'','','',4),(2116,1,0,3,4,'','','',1),(2117,1,0,0,0,'','','',2),(2118,1,0,3,4,'','','',3),(2119,1,0,0,0,'','','',4),(2120,1,0,0,0,'','','',5),(2121,2,0,0,0,'','','',1),(2122,2,0,2,2,'','','',2),(2123,2,0,3,2,'','','',3),(2124,2,0,3,4,'','','',4),(2125,1,0,3,3,'','','',1),(2126,1,0,0,0,'','','',2),(2127,1,0,3,3,'','','',3),(2128,1,0,0,0,'','','',4),(2129,1,0,0,0,'','','',5),(2130,2,0,3,2,'','','',1),(2131,2,0,2,2,'','','',2),(2132,2,0,3,2,'','','',3),(2133,2,0,3,3,'','','',4),(2134,1,0,3,3,'','','',1),(2135,1,0,0,0,'','','',2),(2136,1,0,3,4,'','','',3),(2137,1,0,0,0,'','','',4),(2138,1,0,0,0,'','','',5),(2139,2,0,3,1,'','','',1),(2140,2,0,2,1,'','','',2),(2141,2,0,3,1,'','','',3),(2142,2,0,3,4,'','','',4),(2143,1,0,3,3,'','','',1),(2144,1,0,0,0,'','','',2),(2145,1,0,3,4,'','','',3),(2146,1,0,0,0,'','','',4),(2147,1,0,0,0,'','','',5),(2148,2,0,0,0,'','','',1),(2149,2,0,0,0,'','','',2),(2150,2,0,0,0,'','','',3),(2151,2,0,0,0,'','','',4),(2152,1,0,3,3,'','','',1),(2153,1,0,0,0,'','','',2),(2154,1,0,3,1,'','','',3),(2155,1,0,0,0,'','','',4),(2156,1,0,0,0,'','','',5),(2157,2,0,0,0,'','','',1),(2158,2,0,0,0,'','','',2),(2159,2,0,0,0,'','','',3),(2160,2,0,0,0,'','','',4),(2161,1,0,3,4,'','','',1),(2162,1,0,0,0,'','','',2),(2163,1,0,3,1,'','','',3),(2164,1,0,0,0,'','','',4),(2165,1,0,0,0,'','','',5),(2166,2,0,0,0,'','','',1),(2167,2,0,0,0,'','','',2),(2168,2,0,0,0,'','','',3),(2169,2,0,0,0,'','','',4),(2170,1,0,3,2,'','','',1),(2171,1,0,0,0,'','','',2),(2172,1,0,3,0,'','','',3),(2173,1,0,0,0,'','','',4),(2174,1,0,0,0,'','','',5),(2175,2,0,0,0,'','','',1),(2176,2,0,0,0,'','','',2),(2177,2,0,0,0,'','','',3),(2178,2,0,0,0,'','','',4),(2179,1,0,3,2,'','','',1),(2180,1,0,0,0,'','','',2),(2181,1,0,3,2,'','','',3),(2182,1,0,0,0,'','','',4),(2183,1,0,0,0,'','','',5),(2184,2,0,0,1,'','','',1),(2185,2,0,0,0,'','','',2),(2186,2,0,0,0,'','','',3),(2187,2,0,3,1,'','','',4),(2188,1,0,3,2,'','','',1),(2189,1,0,0,0,'','','',2),(2190,1,0,3,3,'','','',3),(2191,1,0,0,0,'','','',4),(2192,1,0,0,0,'','','',5),(2193,2,0,0,0,'','','',1),(2194,2,0,0,0,'','','',2),(2195,2,0,0,0,'','','',3),(2196,2,0,3,1,'','','',4),(2197,1,0,3,1,'','','',1),(2198,1,0,0,0,'','','',2),(2199,1,0,2,1,'','','',3),(2200,1,0,0,0,'','','',4),(2201,1,0,0,0,'','','',5),(2202,2,0,0,0,'','','',1),(2203,2,0,0,0,'','','',2),(2204,2,0,0,0,'','','',3),(2205,2,0,0,0,'','','',4),(2206,1,0,2,1,'','','',1),(2207,1,0,0,0,'','','',2),(2208,1,0,0,0,'','','',3),(2209,1,0,2,1,'','','',4),(2210,1,0,0,0,'','','',5),(2211,2,0,2,1,'','','',1),(2212,2,0,2,1,'','','',2),(2213,2,0,2,1,'','','',3),(2214,2,0,2,1,'','','',4),(2215,1,0,2,3,'','','',1),(2216,1,0,2,1,'','','',2),(2217,1,0,2,1,'','','',3),(2218,1,0,2,2,'','','',4),(2219,1,0,2,1,'','','',5),(2220,2,0,2,3,'','','',1),(2221,2,0,2,2,'','','',2),(2222,2,0,2,2,'','','',3),(2223,2,0,2,2,'','','',4),(2224,1,0,2,4,'','','',1),(2225,1,0,2,2,'','','',2),(2226,1,0,2,3,'','','',3),(2227,1,0,2,4,'','','',4),(2228,1,0,2,2,'','','',5),(2229,2,0,2,4,'','','',1),(2230,2,0,2,4,'','','',2),(2231,2,0,2,4,'','','',3),(2232,2,0,2,4,'','','',4),(2233,1,0,3,4,'','','',1),(2234,1,0,3,4,'','','',2),(2235,1,0,3,4,'','','',3),(2236,1,0,3,4,'','','',4),(2237,1,0,3,4,'','','',5),(2238,2,0,3,4,'','','',1),(2239,2,0,3,1,'','','',2),(2240,2,0,3,4,'','','',3),(2241,2,0,3,4,'','','',4),(2242,1,0,3,1,'','','',1),(2243,1,0,3,4,'','','',2),(2244,1,0,3,4,'','','',3),(2245,1,0,3,2,'','','',4),(2246,1,0,3,3,'','','',5),(2247,2,0,3,1,'','','',1),(2248,2,0,3,0,'','','',2),(2249,2,0,3,1,'','','',3),(2250,2,0,3,2,'','','',4),(2251,1,0,2,3,'','','',1),(2252,1,0,2,3,'','','',2),(2253,1,0,2,3,'','','',3),(2254,1,0,2,3,'','','',4),(2255,1,0,2,2,'','','',5),(2256,2,0,0,0,'','','',1),(2257,2,0,0,0,'','','',2),(2258,2,0,0,0,'','','',3),(2259,2,0,2,1,'','','',4),(2260,1,0,2,4,'','','',1),(2261,1,0,2,3,'','','',2),(2262,1,0,2,4,'','','',3),(2263,1,0,2,4,'','','',4),(2264,1,0,2,3,'','','',5),(2265,2,0,0,0,'','','',1),(2266,2,0,0,0,'','','',2),(2267,2,0,0,0,'','','',3),(2268,2,0,0,0,'','','',4),(2269,1,0,2,3,'','','',1),(2270,1,0,2,1,'','','',2),(2271,1,0,2,1,'','','',3),(2272,1,0,2,4,'','','',4),(2273,1,0,2,4,'','','',5),(2274,2,0,0,0,'','','',1),(2275,2,0,0,0,'','','',2),(2276,2,0,0,0,'','','',3),(2277,2,0,0,0,'','','',4),(2278,1,0,2,1,'','','',1),(2279,1,0,2,1,'','','',2),(2280,1,0,2,1,'','','',3),(2281,1,0,2,4,'','','',4),(2282,1,0,2,4,'','','',5),(2283,2,0,0,0,'','','',1),(2284,2,0,0,0,'','','',2),(2285,2,0,0,0,'','','',3),(2286,2,0,0,0,'','','',4),(2287,1,0,2,1,'','','',1),(2288,1,0,2,1,'','','',2),(2289,1,0,2,2,'','','',3),(2290,1,0,2,3,'','','',4),(2291,1,0,2,4,'','','',5),(2292,2,0,0,0,'','','',1),(2293,2,0,0,0,'','','',2),(2294,2,0,0,0,'','','',3),(2295,2,0,0,0,'','','',4),(2296,1,0,2,1,'','','',1),(2297,1,0,2,1,'','','',2),(2298,1,0,2,2,'','','',3),(2299,1,0,2,2,'','','',4),(2300,1,0,4,0,'','','',5),(2301,2,0,0,0,'','','',1),(2302,2,0,0,0,'','','',2),(2303,2,0,0,0,'','','',3),(2304,2,0,0,0,'','','',4),(2305,1,0,2,4,'','','',1),(2306,1,0,2,1,'','','',2),(2307,1,0,2,2,'','','',3),(2308,1,0,2,2,'','','',4),(2309,1,0,1,0,'','','',5),(2310,2,0,0,0,'','','',1),(2311,2,0,0,0,'','','',2),(2312,2,0,0,0,'','','',3),(2313,2,0,0,0,'','','',4),(2314,1,0,2,3,'','','',1),(2315,1,0,2,1,'','','',2),(2316,1,0,2,1,'','','',3),(2317,1,0,2,2,'','','',4),(2318,1,0,2,1,'','','',5),(2319,2,0,0,0,'','','',1),(2320,2,0,0,0,'','','',2),(2321,2,0,0,0,'','','',3),(2322,2,0,0,0,'','','',4),(2323,1,0,2,2,'','','',1),(2324,1,0,2,1,'','','',2),(2325,1,0,0,0,'','','',3),(2326,1,0,2,2,'','','',4),(2327,1,0,2,1,'','','',5),(2328,2,0,0,0,'','','',1),(2329,2,0,0,0,'','','',2),(2330,2,0,0,0,'','','',3),(2331,2,0,0,0,'','','',4),(2332,1,0,2,1,'','','',1),(2333,1,0,2,1,'','','',2),(2334,1,0,0,0,'','','',3),(2335,1,0,0,2,'','','',4),(2336,1,0,2,1,'','','',5),(2337,2,0,0,0,'','','',1),(2338,2,0,0,0,'','','',2),(2339,2,0,0,0,'','','',3),(2340,2,0,0,0,'','','',4),(2341,1,0,0,0,'','','',1),(2342,1,0,4,1,'','','',2),(2343,1,0,0,0,'','','',3),(2344,1,0,3,1,'','','',4),(2345,1,0,0,0,'','','',5),(2346,2,0,0,0,'','','',1),(2347,2,0,0,0,'','','',2),(2348,2,0,0,0,'','','',3),(2349,2,0,0,0,'','','',4),(2350,1,0,0,0,'','','',1),(2351,1,0,4,2,'','','',2),(2352,1,0,0,0,'','','',3),(2353,1,0,2,2,'','','',4),(2354,1,0,0,0,'','','',5),(2355,2,0,0,0,'','','',1),(2356,2,0,0,0,'','','',2),(2357,2,0,4,1,'','','',3),(2358,2,0,0,0,'','','',4),(2359,1,0,4,1,'','','',1),(2360,1,0,4,4,'','','',2),(2361,1,0,4,1,'','','',3),(2362,1,0,4,3,'','','',4),(2363,1,0,0,0,'','','',5),(2364,2,0,2,3,'','','',1),(2365,2,0,4,3,'','','',2),(2366,2,0,4,2,'','','',3),(2367,2,0,4,3,'','','',4),(2368,1,0,0,3,'','','',1),(2369,1,0,0,4,'','','',2),(2370,1,0,0,1,'','','',3),(2371,1,0,0,3,'','','',4),(2372,1,0,0,1,'','','',5),(2373,2,0,0,4,'','','',1),(2374,2,0,0,2,'','','',2),(2375,2,0,0,4,'','','',3),(2376,2,0,0,4,'','','',4),(2377,1,0,4,1,'','','',1),(2378,1,0,4,4,'','','',2),(2379,1,0,4,2,'','','',3),(2380,1,0,4,3,'','','',4),(2381,1,0,4,1,'','','',5),(2382,2,0,0,4,'','','',1),(2383,2,0,4,4,'','','',2),(2384,2,0,4,4,'','','',3),(2385,2,0,4,4,'','','',4),(2386,1,0,2,0,'','','',1),(2387,1,0,4,3,'','','',2),(2388,1,0,0,3,'','','',3),(2389,1,0,0,3,'','','',4),(2390,1,0,4,4,'','','',5),(2391,2,0,2,4,'','','',1),(2392,2,0,2,2,'','','',2),(2393,2,0,4,4,'','','',3),(2394,2,0,4,3,'','','',4),(2395,1,0,2,1,'','','',1),(2396,1,0,4,4,'','','',2),(2397,1,0,2,3,'','','',3),(2398,1,0,4,4,'','','',4),(2399,1,0,4,4,'','','',5),(2400,2,0,2,4,'','','',1),(2401,2,0,2,1,'','','',2),(2402,2,0,4,4,'','','',3),(2403,2,0,4,4,'','','',4),(2404,1,0,2,1,'','','',1),(2405,1,0,4,2,'','','',2),(2406,1,0,2,1,'','','',3),(2407,1,0,2,4,'','','',4),(2408,1,0,4,4,'','','',5),(2409,2,0,2,4,'','','',1),(2410,2,0,2,4,'','','',2),(2411,2,0,4,4,'','','',3),(2412,2,0,4,3,'','','',4),(2413,1,0,2,2,'','','',1),(2414,1,0,4,3,'','','',2),(2415,1,0,2,2,'','','',3),(2416,1,0,2,3,'','','',4),(2417,1,0,4,3,'','','',5),(2418,2,0,2,1,'','','',1),(2419,2,0,2,0,'','','',2),(2420,2,0,4,0,'','','',3),(2421,2,0,4,4,'','','',4),(2422,1,0,0,1,'','','',1),(2423,1,0,0,2,'','','',2),(2424,1,0,0,1,'','','',3),(2425,1,0,0,2,'','','',4),(2426,1,0,0,3,'','','',5),(2427,2,0,2,0,'','','',1),(2428,2,0,2,0,'','','',2),(2429,2,0,2,0,'','','',3),(2430,2,0,4,1,'','','',4),(2431,1,0,3,2,'','','',1),(2432,1,0,4,1,'','','',2),(2433,1,0,2,1,'','','',3),(2434,1,0,3,1,'','','',4),(2435,1,0,4,3,'','','',5),(2436,2,0,0,0,'','','',1),(2437,2,0,0,0,'','','',2),(2438,2,0,0,0,'','','',3),(2439,2,0,0,0,'','','',4),(2440,1,0,3,4,'','','',1),(2441,1,0,4,1,'','','',2),(2442,1,0,0,0,'','','',3),(2443,1,0,3,2,'','','',4),(2444,1,0,4,3,'','','',5),(2445,2,0,0,0,'','','',1),(2446,2,0,0,0,'','','',2),(2447,2,0,0,0,'','','',3),(2448,2,0,0,0,'','','',4),(2449,1,0,3,3,'','','',1),(2450,1,0,4,1,'','','',2),(2451,1,0,0,0,'','','',3),(2452,1,0,3,1,'','','',4),(2453,1,0,4,2,'','','',5),(2454,2,0,0,0,'','','',1),(2455,2,0,0,0,'','','',2),(2456,2,0,0,0,'','','',3),(2457,2,0,0,0,'','','',4),(2458,1,0,3,2,'','','',1),(2459,1,0,4,1,'','','',2),(2460,1,0,0,0,'','','',3),(2461,1,0,4,1,'','','',4),(2462,1,0,4,1,'','','',5),(2463,2,0,0,0,'','','',1),(2464,2,0,0,0,'','','',2),(2465,2,0,0,0,'','','',3),(2466,2,0,0,0,'','','',4),(2467,1,0,2,0,'','','',1),(2468,1,0,2,1,'','','',2),(2469,1,0,2,0,'','','',3),(2470,1,0,2,0,'','','',4),(2471,1,0,0,0,'','','',5),(2472,2,0,3,1,'','','',1),(2473,2,0,2,1,'','','',2),(2474,2,0,3,0,'','','',3),(2475,2,0,0,0,'','','',4),(2476,1,0,2,0,'','','',1),(2477,1,0,2,0,'','','',2),(2478,1,0,2,0,'','','',3),(2479,1,0,2,0,'','','',4),(2480,1,0,0,0,'','','',5),(2481,2,0,3,4,'','','',1),(2482,2,0,2,3,'','','',2),(2483,2,0,3,4,'','','',3),(2484,2,0,4,1,'','','',4),(2485,1,0,2,0,'','','',1),(2486,1,0,2,0,'','','',2),(2487,1,0,2,0,'','','',3),(2488,1,0,2,0,'','','',4),(2489,1,0,0,0,'','','',5),(2490,2,0,3,4,'','','',1),(2491,2,0,2,3,'','','',2),(2492,2,0,3,4,'','','',3),(2493,2,0,4,4,'','','',4),(2494,1,0,2,1,'','','',1),(2495,1,0,2,1,'','','',2),(2496,1,0,2,0,'','','',3),(2497,1,0,2,1,'','','',4),(2498,1,0,0,0,'','','',5),(2499,2,0,4,1,'','','',1),(2500,2,0,2,1,'','','',2),(2501,2,0,3,2,'','','',3),(2502,2,0,4,4,'','','',4),(2503,1,0,2,3,'','','',1),(2504,1,0,2,3,'','','',2),(2505,1,0,2,1,'','','',3),(2506,1,0,0,0,'','','',4),(2507,1,0,0,0,'','','',5),(2508,2,0,3,1,'','','',1),(2509,2,0,3,1,'','','',2),(2510,2,0,4,1,'','','',3),(2511,2,0,3,1,'','','',4),(2512,1,0,2,0,'','','',1),(2513,1,0,2,0,'','','',2),(2514,1,0,2,0,'','','',3),(2515,1,0,0,0,'','','',4),(2516,1,0,0,0,'','','',5),(2517,2,0,0,1,'','','',1),(2518,2,0,0,1,'','','',2),(2519,2,0,0,1,'','','',3),(2520,2,0,0,1,'','','',4),(2521,1,0,2,2,'','','',1),(2522,1,0,2,1,'','','',2),(2523,1,0,0,1,'','','',3),(2524,1,0,0,0,'','','',4),(2525,1,0,0,0,'','','',5),(2526,2,0,0,0,'','','',1),(2527,2,0,0,0,'','','',2),(2528,2,0,2,1,'','','',3),(2529,2,0,0,0,'','','',4),(2530,1,0,2,0,'','','',1),(2531,1,0,2,0,'','','',2),(2532,1,0,0,0,'','','',3),(2533,1,0,2,0,'','','',4),(2534,1,0,0,0,'','','',5),(2535,2,0,3,0,'','','',1),(2536,2,0,2,0,'','','',2),(2537,2,0,4,1,'','','',3),(2538,2,0,2,1,'','','',4),(2539,1,0,2,1,'','','',1),(2540,1,0,2,1,'','','',2),(2541,1,0,0,0,'','','',3),(2542,1,0,2,1,'','','',4),(2543,1,0,0,0,'','','',5),(2544,2,0,3,0,'','','',1),(2545,2,0,2,0,'','','',2),(2546,2,0,4,1,'','','',3),(2547,2,0,2,1,'','','',4),(2548,1,0,0,0,'','','',1),(2549,1,0,0,0,'','','',2),(2550,1,0,0,0,'','','',3),(2551,1,0,0,0,'','','',4),(2552,1,0,0,0,'','','',5),(2553,2,0,0,0,'','','',1),(2554,2,0,0,0,'','','',2),(2555,2,0,0,0,'','','',3),(2556,2,0,0,0,'','','',4),(2557,1,0,0,0,'','','',1),(2558,1,0,0,0,'','','',2),(2559,1,0,0,0,'','','',3),(2560,1,0,3,4,'','','',4),(2561,1,0,3,1,'','','',5),(2562,2,0,3,4,'','','',1),(2563,2,0,3,1,'','','',2),(2564,2,0,3,4,'','','',3),(2565,2,0,3,4,'','','',4),(2566,1,0,0,0,'','','',1),(2567,1,0,0,0,'','','',2),(2568,1,0,0,0,'','','',3),(2569,1,0,3,4,'','','',4),(2570,1,0,3,3,'','','',5),(2571,2,0,3,4,'','','',1),(2572,2,0,3,3,'','','',2),(2573,2,0,3,4,'','','',3),(2574,2,0,3,4,'','','',4),(2575,1,0,0,0,'','','',1),(2576,1,0,0,0,'','','',2),(2577,1,0,0,0,'','','',3),(2578,1,0,3,4,'','','',4),(2579,1,0,3,1,'','','',5),(2580,2,0,3,3,'','','',1),(2581,2,0,3,1,'','','',2),(2582,2,0,3,2,'','','',3),(2583,2,0,3,4,'','','',4),(2584,1,0,0,0,'','','',1),(2585,1,0,0,0,'','','',2),(2586,1,0,0,0,'','','',3),(2587,1,0,3,4,'','','',4),(2588,1,0,3,1,'','','',5),(2589,2,0,3,4,'','','',1),(2590,2,0,3,3,'','','',2),(2591,2,0,3,4,'','','',3),(2592,2,0,3,4,'','','',4),(2593,1,0,0,0,'','','',1),(2594,1,0,0,0,'','','',2),(2595,1,0,0,0,'','','',3),(2596,1,0,3,4,'','','',4),(2597,1,0,3,2,'','','',5),(2598,2,0,3,3,'','','',1),(2599,2,0,3,1,'','','',2),(2600,2,0,3,3,'','','',3),(2601,2,0,3,4,'','','',4),(2602,1,0,0,0,'','','',1),(2603,1,0,0,0,'','','',2),(2604,1,0,0,0,'','','',3),(2605,1,0,3,4,'','','',4),(2606,1,0,3,2,'','','',5),(2607,2,0,3,3,'','','',1),(2608,2,0,3,1,'','','',2),(2609,2,0,3,0,'','','',3),(2610,2,0,3,4,'','','',4),(2611,1,0,0,0,'','','',1),(2612,1,0,0,0,'','','',2),(2613,1,0,0,0,'','','',3),(2614,1,0,3,4,'','','',4),(2615,1,0,3,2,'','','',5),(2616,2,0,3,3,'','','',1),(2617,2,0,3,1,'','','',2),(2618,2,0,3,4,'','','',3),(2619,2,0,3,4,'','','',4),(2620,1,0,0,0,'','','',1),(2621,1,0,0,0,'','','',2),(2622,1,0,0,0,'','','',3),(2623,1,0,3,4,'','','',4),(2624,1,0,3,2,'','','',5),(2625,2,0,3,3,'','','',1),(2626,2,0,3,1,'','','',2),(2627,2,0,3,2,'','','',3),(2628,2,0,3,3,'','','',4),(2629,1,0,0,0,'','','',1),(2630,1,0,0,0,'','','',2),(2631,1,0,0,0,'','','',3),(2632,1,0,3,4,'','','',4),(2633,1,0,3,1,'','','',5),(2634,2,0,3,4,'','','',1),(2635,2,0,3,1,'','','',2),(2636,2,0,3,4,'','','',3),(2637,2,0,3,4,'','','',4),(2638,1,0,0,0,'','','',1),(2639,1,0,0,0,'','','',2),(2640,1,0,0,0,'','','',3),(2641,1,0,3,4,'','','',4),(2642,1,0,3,3,'','','',5),(2643,2,0,3,1,'','','',1),(2644,2,0,3,1,'','','',2),(2645,2,0,3,2,'','','',3),(2646,2,0,3,3,'','','',4),(2647,1,0,0,0,'','','',1),(2648,1,0,0,0,'','','',2),(2649,1,0,0,0,'','','',3),(2650,1,0,3,4,'','','',4),(2651,1,0,3,1,'','','',5),(2652,2,0,3,4,'','','',1),(2653,2,0,3,1,'','','',2),(2654,2,0,3,4,'','','',3),(2655,2,0,3,4,'','','',4),(2656,1,0,0,0,'','','',1),(2657,1,0,0,0,'','','',2),(2658,1,0,0,0,'','','',3),(2659,1,0,3,4,'','','',4),(2660,1,0,3,3,'','','',5),(2661,2,0,3,1,'','','',1),(2662,2,0,3,1,'','','',2),(2663,2,0,3,2,'','','',3),(2664,2,0,3,2,'','','',4),(2665,1,0,0,0,'','','',1),(2666,1,0,0,0,'','','',2),(2667,1,0,0,0,'','','',3),(2668,1,0,3,4,'','','',4),(2669,1,0,3,2,'','','',5),(2670,2,0,3,3,'','','',1),(2671,2,0,3,1,'','','',2),(2672,2,0,3,4,'','','',3),(2673,2,0,3,4,'','','',4),(2674,1,0,0,0,'','','',1),(2675,1,0,0,0,'','','',2),(2676,1,0,0,0,'','','',3),(2677,1,0,3,4,'','','',4),(2678,1,0,3,3,'','','',5),(2679,2,0,3,1,'','','',1),(2680,2,0,3,1,'','','',2),(2681,2,0,3,1,'','','',3),(2682,2,0,3,1,'','','',4),(2683,1,0,0,0,'','','',1),(2684,1,0,0,0,'','','',2),(2685,1,0,0,0,'','','',3),(2686,1,0,3,1,'','','',4),(2687,1,0,3,3,'','','',5),(2688,2,0,3,4,'','','',1),(2689,2,0,3,2,'','','',2),(2690,2,0,3,4,'','','',3),(2691,2,0,3,4,'','','',4),(2692,1,0,0,0,'','','',1),(2693,1,0,0,0,'','','',2),(2694,1,0,0,0,'','','',3),(2695,1,0,3,2,'','','',4),(2696,1,0,3,2,'','','',5),(2697,2,0,0,0,'','','',1),(2698,2,0,0,0,'','','',2),(2699,2,0,0,0,'','','',3),(2700,2,0,0,0,'','','',4),(2701,1,0,3,1,'','','',1),(2702,1,0,3,1,'','','',2),(2703,1,0,0,0,'','','',3),(2704,1,0,3,1,'','','',4),(2705,1,0,3,1,'','','',5),(2706,2,0,0,0,'','','',1),(2707,2,0,0,0,'','','',2),(2708,2,0,0,0,'','','',3),(2709,2,0,0,0,'','','',4),(2710,1,0,3,1,'','','',1),(2711,1,0,3,1,'','','',2),(2712,1,0,0,0,'','','',3),(2713,1,0,3,1,'','','',4),(2714,1,0,3,1,'','','',5),(2715,2,0,0,0,'','','',1),(2716,2,0,0,0,'','','',2),(2717,2,0,0,0,'','','',3),(2718,2,0,0,0,'','','',4),(2719,1,0,0,0,'','','',1),(2720,1,0,0,0,'','','',2),(2721,1,0,0,0,'','','',3),(2722,1,0,0,0,'','','',4),(2723,1,0,0,0,'','','',5),(2724,2,0,0,0,'','','',1),(2725,2,0,0,0,'','','',2),(2726,2,0,0,0,'','','',3),(2727,2,0,0,0,'','','',4),(2728,1,0,3,3,'','','',1),(2729,1,0,3,1,'','','',2),(2730,1,0,2,2,'','','',3),(2731,1,0,3,3,'','','',4),(2732,1,0,3,2,'','','',5),(2733,2,0,3,4,'','','',1),(2734,2,0,2,1,'','','',2),(2735,2,0,3,4,'','','',3),(2736,2,0,3,3,'','','',4),(2737,1,0,3,4,'','','',1),(2738,1,0,4,4,'','','',2),(2739,1,0,2,2,'','','',3),(2740,1,0,4,4,'','','',4),(2741,1,0,3,4,'','','',5),(2742,2,0,3,2,'','','',1),(2743,2,0,2,4,'','','',2),(2744,2,0,2,1,'','','',3),(2745,2,0,4,4,'','','',4),(2746,1,0,0,0,'','','',1),(2747,1,0,3,4,'','','',2),(2748,1,0,2,2,'','','',3),(2749,1,0,4,2,'','','',4),(2750,1,0,4,3,'','','',5),(2751,2,0,3,1,'','','',1),(2752,2,0,2,1,'','','',2),(2753,2,0,2,1,'','','',3),(2754,2,0,4,4,'','','',4),(2755,1,0,3,4,'','','',1),(2756,1,0,3,4,'','','',2),(2757,1,0,2,2,'','','',3),(2758,1,0,4,4,'','','',4),(2759,1,0,4,3,'','','',5),(2760,2,0,3,1,'','','',1),(2761,2,0,2,1,'','','',2),(2762,2,0,2,1,'','','',3),(2763,2,0,4,2,'','','',4),(2764,1,0,3,1,'','','',1),(2765,1,0,3,1,'','','',2),(2766,1,0,2,2,'','','',3),(2767,1,0,3,3,'','','',4),(2768,1,0,3,4,'','','',5),(2769,2,0,3,1,'','','',1),(2770,2,0,2,1,'','','',2),(2771,2,0,2,1,'','','',3),(2772,2,0,4,1,'','','',4),(2773,1,0,2,2,'','','',1),(2774,1,0,3,2,'','','',2),(2775,1,0,2,2,'','','',3),(2776,1,0,3,2,'','','',4),(2777,1,0,3,2,'','','',5),(2778,2,0,2,0,'','','',1),(2779,2,0,2,1,'','','',2),(2780,2,0,2,0,'','','',3),(2781,2,0,4,0,'','','',4),(2782,1,0,3,3,'','','',1),(2783,1,0,3,3,'','','',2),(2784,1,0,2,4,'','','',3),(2785,1,0,3,4,'','','',4),(2786,1,0,4,4,'','','',5),(2787,2,0,0,0,'','','',1),(2788,2,0,0,0,'','','',2),(2789,2,0,0,0,'','','',3),(2790,2,0,0,0,'','','',4),(2791,1,0,4,1,'','','',1),(2792,1,0,4,1,'','','',2),(2793,1,0,3,1,'','','',3),(2794,1,0,3,4,'','','',4),(2795,1,0,4,4,'','','',5),(2796,2,0,0,0,'','','',1),(2797,2,0,0,0,'','','',2),(2798,2,0,0,0,'','','',3),(2799,2,0,0,0,'','','',4),(2800,1,0,3,2,'','','',1),(2801,1,0,3,1,'','','',2),(2802,1,0,3,1,'','','',3),(2803,1,0,3,3,'','','',4),(2804,1,0,4,4,'','','',5),(2805,2,0,3,1,'','','',1),(2806,2,0,2,1,'','','',2),(2807,2,0,0,0,'','','',3),(2808,2,0,0,0,'','','',4),(2809,1,0,3,4,'','','',1),(2810,1,0,3,1,'','','',2),(2811,1,0,3,2,'','','',3),(2812,1,0,3,4,'','','',4),(2813,1,0,4,3,'','','',5),(2814,2,0,1,0,'','','',1),(2815,2,0,2,1,'','','',2),(2816,2,0,0,0,'','','',3),(2817,2,0,0,0,'','','',4),(2818,1,0,3,2,'','','',1),(2819,1,0,2,1,'','','',2),(2820,1,0,2,1,'','','',3),(2821,1,0,3,2,'','','',4),(2822,1,0,3,1,'','','',5),(2823,2,0,0,0,'','','',1),(2824,2,0,0,0,'','','',2),(2825,2,0,0,0,'','','',3),(2826,2,0,0,0,'','','',4),(2827,1,0,3,1,'','','',1),(2828,1,0,4,1,'','','',2),(2829,1,0,3,1,'','','',3),(2830,1,0,4,2,'','','',4),(2831,1,0,4,1,'','','',5),(2832,2,0,0,0,'','','',1),(2833,2,0,0,0,'','','',2),(2834,2,0,0,0,'','','',3),(2835,2,0,0,0,'','','',4),(2836,1,0,3,0,'','','',1),(2837,1,0,4,0,'','','',2),(2838,1,0,3,0,'','','',3),(2839,1,0,4,1,'','','',4),(2840,1,0,4,0,'','','',5),(2841,2,0,3,0,'','','',1),(2842,2,0,2,0,'','','',2),(2843,2,0,3,0,'','','',3),(2844,2,0,4,0,'','','',4),(2845,1,0,0,0,'','','',1),(2846,1,0,0,0,'','','',2),(2847,1,0,0,0,'','','',3),(2848,1,0,4,11,'','','',4),(2849,1,0,0,0,'','','',5),(2850,2,0,0,0,'','','',1),(2851,2,0,0,0,'','','',2),(2852,2,0,0,0,'','','',3),(2853,2,0,0,0,'','','',4),(2854,1,0,0,0,'','','',1),(2855,1,0,0,0,'','','',2),(2856,1,0,0,0,'','','',3),(2857,1,0,4,2,'','','',4),(2858,1,0,0,0,'','','',5),(2859,2,0,4,1,'','','',1),(2860,2,0,0,0,'','','',2),(2861,2,0,4,2,'','','',3),(2862,2,0,0,0,'','','',4),(2863,1,0,0,0,'','','',1),(2864,1,0,0,0,'','','',2),(2865,1,0,0,0,'','','',3),(2866,1,0,0,0,'','','',4),(2867,1,0,0,0,'','','',5),(2868,2,0,0,0,'','','',1),(2869,2,0,0,0,'','','',2),(2870,2,0,0,0,'','','',3),(2871,2,0,0,0,'','','',4),(2872,1,0,0,0,'','','',1),(2873,1,0,0,0,'','','',2),(2874,1,0,4,1,'','','',3),(2875,1,0,4,4,'','','',4),(2876,1,0,4,1,'','','',5),(2877,2,0,0,0,'','','',1),(2878,2,0,0,0,'','','',2),(2879,2,0,4,4,'','','',3),(2880,2,0,4,4,'','','',4),(2881,1,0,0,0,'','','',1),(2882,1,0,0,0,'','','',2),(2883,1,0,0,0,'','','',3),(2884,1,0,3,4,'','','',4),(2885,1,0,0,0,'','','',5),(2886,2,0,0,0,'','','',1),(2887,2,0,0,0,'','','',2),(2888,2,0,0,0,'','','',3),(2889,2,0,0,0,'','','',4),(2890,1,0,0,0,'','','',1),(2891,1,0,0,0,'','','',2),(2892,1,0,4,2,'','','',3),(2893,1,0,0,0,'','','',4),(2894,1,0,4,3,'','','',5),(2895,2,0,0,0,'','','',1),(2896,2,0,4,2,'','','',2),(2897,2,0,4,3,'','','',3),(2898,2,0,0,0,'','','',4),(2899,1,0,0,0,'','','',1),(2900,1,0,0,0,'','','',2),(2901,1,0,0,0,'','','',3),(2902,1,0,0,0,'','','',4),(2903,1,0,0,0,'','','',5),(2904,2,0,0,0,'','','',1),(2905,2,0,0,0,'','','',2),(2906,2,0,0,0,'','','',3),(2907,2,0,0,0,'','','',4),(2908,1,0,0,0,'','','',1),(2909,1,0,0,0,'','','',2),(2910,1,0,0,3,'','','',3),(2911,1,0,0,2,'','','',4),(2912,1,0,0,3,'','','',5),(2913,2,0,3,0,'','','',1),(2914,2,0,3,0,'','','',2),(2915,2,0,3,1,'','','',3),(2916,2,0,3,2,'','','',4),(2917,1,0,0,0,'','','',1),(2918,1,0,0,0,'','','',2),(2919,1,0,0,3,'','','',3),(2920,1,0,0,1,'','','',4),(2921,1,0,0,3,'','','',5),(2922,2,0,0,0,'','','',1),(2923,2,0,0,0,'','','',2),(2924,2,0,0,0,'','','',3),(2925,2,0,0,0,'','','',4);
/*!40000 ALTER TABLE `mg_plot` ENABLE KEYS */;
UNLOCK TABLES;

--
-- Table structure for table `mg_pollinator`
--

DROP TABLE IF EXISTS `mg_pollinator`;
/*!40101 SET @saved_cs_client     = @@character_set_client */;
/*!40101 SET character_set_client = utf8 */;
CREATE TABLE `mg_pollinator` (
  `pollinator_ID` int(11) NOT NULL AUTO_INCREMENT,
  `pollinatorName` varchar(255) NOT NULL,
  `pollinatorType` varchar(255) NOT NULL,
  PRIMARY KEY (`pollinator_ID`)
) ENGINE=InnoDB AUTO_INCREMENT=10 DEFAULT CHARSET=utf8;
/*!40101 SET character_set_client = @saved_cs_client */;

--
-- Dumping data for table `mg_pollinator`
--

LOCK TABLES `mg_pollinator` WRITE;
/*!40000 ALTER TABLE `mg_pollinator` DISABLE KEYS */;
INSERT INTO `mg_pollinator` VALUES (1,'Honey Bee','Bee'),(2,'Carpenter Bee','Bee'),(3,'Bumble Bee','Bee'),(4,'Green Sweat Bee','Bee'),(5,'Dark Sweat Bee','Bee'),(6,'Butterfly and Moth','Butterfly/Moth'),(7,'Other Bee\'s','Other'),(8,'Other Pollinators','Other'),(9,'Green Metallic Bee','Bee');
/*!40000 ALTER TABLE `mg_pollinator` ENABLE KEYS */;
UNLOCK TABLES;

--
-- Table structure for table `mg_pollinator_visit`
--

DROP TABLE IF EXISTS `mg_pollinator_visit`;
/*!40101 SET @saved_cs_client     = @@character_set_client */;
/*!40101 SET character_set_client = utf8 */;
CREATE TABLE `mg_pollinator_visit` (
  `id` int(11) NOT NULL AUTO_INCREMENT,
  `data_form_id` int(11) NOT NULL,
  `pollinator_id` int(11) NOT NULL,
  `plant_id` int(11) NOT NULL,
  `visit_count` int(11) NOT NULL,
  `strain_id` int(11) DEFAULT NULL,
  PRIMARY KEY (`id`)
) ENGINE=InnoDB AUTO_INCREMENT=3710 DEFAULT CHARSET=utf8;
/*!40101 SET character_set_client = @saved_cs_client */;

--
-- Dumping data for table `mg_pollinator_visit`
--

LOCK TABLES `mg_pollinator_visit` WRITE;
/*!40000 ALTER TABLE `mg_pollinator_visit` DISABLE KEYS */;
INSERT INTO `mg_pollinator_visit` VALUES (1,1,1,1,1,1),(2,1,8,1,1,1),(3,1,8,1,1,2),(4,1,1,1,1,4),(5,1,5,1,3,4),(6,1,8,1,1,4),(7,1,8,2,1,6),(8,1,2,2,2,8),(9,1,3,2,7,8),(10,1,5,2,5,8),(11,1,8,2,1,8),(12,2,1,1,2,1),(13,2,8,1,1,1),(14,2,1,1,3,2),(15,2,8,1,1,2),(16,2,7,1,1,3),(17,2,8,1,1,3),(18,2,1,1,10,4),(19,2,7,1,1,4),(20,2,8,1,1,4),(21,2,2,2,1,6),(22,2,3,2,3,6),(23,2,2,2,2,7),(24,2,3,2,5,7),(25,2,8,2,1,7),(26,2,2,2,4,8),(27,2,3,2,1,8),(28,2,8,2,1,8),(29,2,1,2,6,9),(30,2,2,2,10,9),(31,2,3,2,1,9),(32,2,8,2,1,9),(33,3,8,1,1,1),(34,3,5,1,6,2),(35,3,8,1,1,2),(36,3,5,1,2,3),(37,3,1,2,1,6),(38,3,2,2,3,6),(39,3,1,2,10,9),(40,3,2,2,6,9),(41,3,7,2,1,9),(42,4,5,1,1,2),(43,4,8,1,1,4),(44,4,2,2,2,6),(45,4,2,2,4,9),(46,5,8,1,1,1),(47,5,7,1,1,2),(48,5,5,1,1,3),(49,5,8,2,1,8),(50,5,2,2,3,9),(51,5,5,2,2,9),(52,6,8,1,1,5),(53,6,2,2,2,9),(54,7,4,1,1,1),(55,7,5,1,1,1),(56,7,8,1,1,1),(57,7,6,1,1,3),(58,7,8,1,1,3),(59,7,8,1,1,4),(60,7,3,1,1,5),(61,8,6,1,2,1),(62,9,4,1,5,1),(63,9,8,1,1,5),(64,10,7,1,2,4),(65,10,3,2,2,6),(66,10,5,2,1,6),(67,10,8,2,1,6),(68,10,3,2,3,8),(69,10,5,2,10,8),(70,10,8,2,1,8),(71,11,5,1,2,4),(72,11,7,1,1,4),(73,11,3,2,1,6),(74,11,5,2,5,6),(75,11,6,2,1,6),(76,11,3,2,2,7),(77,11,5,2,4,7),(78,11,6,2,1,7),(79,11,3,2,7,8),(80,11,5,2,5,8),(81,11,2,2,2,9),(82,11,3,2,3,9),(83,11,5,2,5,9),(84,12,7,1,1,4),(85,12,8,1,1,4),(86,12,2,2,4,6),(87,12,3,2,1,6),(88,12,7,2,1,6),(89,12,3,2,3,7),(90,12,7,2,1,7),(91,12,8,2,1,7),(92,12,3,2,3,8),(93,12,6,2,3,8),(94,12,7,2,2,8),(95,12,8,2,1,8),(96,12,1,2,2,9),(97,12,2,2,4,9),(98,12,3,2,3,9),(99,12,6,2,1,9),(100,12,7,2,2,9),(101,12,8,2,1,9),(102,13,1,1,1,4),(103,13,5,1,7,4),(104,13,6,1,1,4),(105,13,7,1,1,4),(106,13,1,1,1,5),(107,13,6,1,1,5),(108,13,7,1,1,5),(109,13,1,2,4,6),(110,13,7,2,1,6),(111,13,1,2,3,7),(112,13,2,2,2,7),(113,13,5,2,2,7),(114,13,1,2,25,9),(115,13,2,2,30,9),(116,13,5,2,2,9),(117,14,5,1,5,4),(118,14,8,1,1,4),(119,14,6,2,1,7),(120,14,1,2,13,9),(121,14,2,2,12,9),(122,14,3,2,3,9),(123,14,8,2,1,9),(124,15,1,1,2,4),(125,15,2,1,1,4),(126,15,7,1,1,4),(127,15,8,1,1,4),(128,15,1,2,2,6),(129,15,2,2,3,6),(130,15,7,2,1,6),(131,15,1,2,1,7),(132,15,2,2,3,7),(133,15,8,2,1,7),(134,15,1,2,1,8),(135,15,2,2,1,8),(136,15,7,2,1,8),(137,15,1,2,12,9),(138,15,2,2,9,9),(139,15,7,2,1,9),(140,15,8,2,1,9),(141,16,7,1,1,4),(142,16,8,1,1,4),(143,16,2,2,1,6),(144,16,3,2,1,6),(145,16,2,2,1,7),(146,16,2,2,1,8),(147,16,2,2,5,9),(148,16,3,2,2,9),(149,16,7,2,1,9),(150,16,8,2,1,9),(151,17,1,1,2,4),(152,17,5,1,1,4),(153,17,8,1,1,4),(154,17,5,1,2,5),(155,17,8,1,1,5),(156,17,2,2,1,6),(157,17,8,2,1,6),(158,17,2,2,18,9),(159,17,3,2,2,9),(160,17,8,2,1,9),(161,18,5,1,9,4),(162,18,2,2,1,6),(163,18,3,2,2,6),(164,18,2,2,1,7),(165,18,3,2,1,7),(166,18,2,2,1,9),(167,18,3,2,4,9),(168,18,8,2,1,9),(169,19,3,1,2,4),(170,19,7,1,1,4),(171,19,7,1,1,5),(172,19,3,2,2,6),(173,19,3,2,1,7),(174,19,7,2,1,7),(175,19,3,2,2,8),(176,19,2,2,1,9),(177,19,3,2,5,9),(178,19,7,2,1,9),(179,20,2,1,1,1),(180,20,3,1,4,1),(181,20,5,1,7,1),(182,20,7,1,1,1),(183,20,3,1,4,4),(184,20,5,1,4,4),(185,20,7,1,1,4),(186,20,8,1,1,4),(187,20,2,2,2,9),(188,20,3,2,5,9),(189,21,1,1,1,4),(190,21,3,1,1,4),(191,21,5,1,3,4),(192,21,1,1,3,5),(193,21,5,1,4,5),(194,21,2,2,2,6),(195,21,1,2,1,8),(196,21,2,2,2,8),(197,22,8,1,1,4),(198,22,1,1,1,5),(199,22,5,1,1,5),(200,24,5,1,2,2),(201,24,1,1,1,3),(202,24,5,1,9,3),(203,24,8,1,1,3),(204,24,1,1,1,5),(205,24,5,1,4,5),(206,25,5,1,3,2),(207,25,7,1,1,2),(208,25,8,1,1,2),(209,25,1,1,1,3),(210,25,4,1,2,3),(211,25,5,1,2,3),(212,25,7,1,1,3),(213,25,1,1,1,5),(214,25,4,1,7,5),(215,25,5,1,1,5),(216,25,7,1,1,5),(217,25,3,2,1,7),(218,25,4,2,1,7),(219,25,7,2,1,7),(220,26,7,1,1,2),(221,26,7,1,1,3),(222,26,8,1,1,4),(223,26,7,1,1,5),(224,26,1,2,1,6),(225,26,3,2,1,6),(226,26,6,2,1,6),(227,26,6,2,1,9),(228,26,8,2,1,9),(229,27,5,1,2,2),(230,27,5,1,1,3),(231,27,8,1,1,3),(232,27,8,1,1,5),(233,27,1,2,2,9),(234,28,7,1,1,1),(235,28,4,2,1,9),(236,28,5,2,1,9),(237,29,7,1,1,1),(238,29,7,2,1,6),(239,30,8,1,1,2),(240,30,8,1,1,5),(241,30,7,2,1,9),(242,31,6,1,1,2),(243,31,6,1,1,4),(244,31,1,2,1,6),(245,31,2,2,1,6),(246,31,6,2,2,6),(247,31,7,2,1,6),(248,31,8,2,1,6),(249,32,4,1,1,2),(250,32,5,1,1,5),(251,33,7,1,1,2),(252,33,8,1,1,2),(253,34,7,1,1,1),(254,34,8,1,1,1),(255,34,7,1,1,2),(256,34,7,1,1,4),(257,34,8,1,1,4),(258,34,4,2,3,8),(259,34,5,2,3,8),(260,35,4,1,1,1),(261,35,7,1,1,1),(262,35,8,1,1,1),(263,35,7,1,1,2),(264,35,4,1,3,4),(265,35,5,1,2,4),(266,35,8,1,1,4),(267,35,8,1,1,5),(268,35,4,2,6,6),(269,35,6,2,1,6),(270,35,7,2,1,6),(271,35,8,2,1,6),(272,35,2,2,4,8),(273,35,3,2,1,8),(274,35,4,2,3,8),(275,35,6,2,4,8),(276,35,7,2,1,8),(277,35,2,2,10,9),(278,35,3,2,7,9),(279,35,4,2,1,9),(280,35,7,2,1,9),(281,35,8,2,1,9),(282,36,5,1,1,1),(283,36,7,1,1,1),(284,36,8,1,1,2),(285,36,5,1,1,3),(286,36,7,1,1,3),(287,36,8,1,1,3),(288,36,5,1,1,4),(289,36,7,1,1,4),(290,36,4,1,1,5),(291,36,7,1,1,5),(292,36,8,1,1,5),(293,36,7,2,1,6),(294,36,8,2,1,6),(295,36,2,2,1,8),(296,36,4,2,8,8),(297,36,5,2,6,8),(298,36,7,2,1,8),(299,36,8,2,1,8),(300,36,1,2,12,9),(301,36,2,2,3,9),(302,36,3,2,9,9),(303,36,4,2,7,9),(304,36,6,2,1,9),(305,36,7,2,1,9),(306,37,1,1,1,1),(307,37,5,1,2,1),(308,37,1,1,4,2),(309,37,6,1,1,2),(310,37,7,1,1,2),(311,37,4,1,2,3),(312,37,7,1,1,3),(313,37,5,1,1,4),(314,37,7,1,1,4),(315,37,8,1,1,4),(316,37,4,1,2,5),(317,37,5,1,1,5),(318,37,1,2,1,6),(319,37,2,2,1,6),(320,37,4,2,4,6),(321,37,8,2,1,6),(322,37,7,2,1,8),(323,37,1,2,30,9),(324,37,2,2,5,9),(325,37,3,2,2,9),(326,37,4,2,1,9),(327,38,4,1,1,1),(328,38,7,1,1,1),(329,38,8,1,1,1),(330,38,4,1,1,2),(331,38,8,1,1,2),(332,38,4,1,3,3),(333,38,5,1,14,3),(334,38,7,1,1,3),(335,38,8,1,1,3),(336,38,8,1,1,4),(337,38,4,1,2,5),(338,38,5,1,2,5),(339,38,7,1,1,5),(340,38,2,2,3,6),(341,38,3,2,4,6),(342,38,5,2,1,6),(343,38,8,2,1,6),(344,38,6,2,5,8),(345,38,1,2,15,9),(346,38,2,2,4,9),(347,38,4,2,3,9),(348,38,5,2,8,9),(349,38,6,2,3,9),(350,38,8,2,1,9),(351,39,5,1,5,1),(352,39,6,1,1,1),(353,39,7,1,1,1),(354,39,8,1,1,2),(355,39,3,1,1,3),(356,39,5,1,5,3),(357,39,7,1,1,3),(358,39,6,1,1,4),(359,39,8,1,1,4),(360,39,4,1,2,5),(361,39,5,1,2,5),(362,39,7,1,1,5),(363,39,2,2,1,6),(364,39,3,2,3,6),(365,39,2,2,1,7),(366,39,3,2,6,7),(367,39,5,2,1,7),(368,39,8,2,1,7),(369,39,6,2,2,8),(370,39,8,2,1,8),(371,40,4,1,2,1),(372,40,5,1,2,1),(373,40,4,1,2,2),(374,40,5,1,5,2),(375,40,6,1,1,2),(376,40,7,1,1,2),(377,40,4,1,1,3),(378,40,5,1,2,3),(379,40,4,1,2,4),(380,40,7,1,1,4),(381,40,4,1,2,5),(382,40,5,1,2,5),(383,40,6,1,1,5),(384,40,7,1,1,5),(385,40,2,2,1,6),(386,40,3,2,2,6),(387,40,6,2,1,6),(388,40,7,2,1,6),(389,40,8,2,1,6),(390,40,8,2,1,8),(391,40,2,2,2,9),(392,40,3,2,10,9),(393,40,7,2,1,9),(394,40,8,2,1,9),(395,41,6,1,2,1),(396,41,8,1,1,1),(397,41,1,1,1,2),(398,41,4,1,12,2),(399,41,6,1,2,2),(400,41,7,1,1,2),(401,41,4,1,1,3),(402,41,5,1,4,3),(403,41,7,1,1,3),(404,41,5,1,6,4),(405,41,6,1,1,4),(406,41,7,1,1,4),(407,41,8,1,1,4),(408,41,5,1,6,5),(409,41,6,1,1,5),(410,41,7,1,2,5),(411,41,2,2,4,6),(412,41,3,2,4,6),(413,41,6,2,1,6),(414,41,8,2,1,6),(415,41,1,2,3,7),(416,41,8,2,1,8),(417,41,2,2,14,9),(418,41,3,2,3,9),(419,41,5,2,1,9),(420,41,6,2,4,9),(421,41,8,2,1,9),(422,42,8,1,1,1),(423,42,3,1,1,2),(424,42,7,1,1,2),(425,42,5,1,2,3),(426,42,8,1,1,3),(427,42,1,1,1,4),(428,42,6,1,1,4),(429,42,7,1,1,4),(430,42,8,1,1,4),(431,42,3,1,2,5),(432,42,7,1,1,5),(433,42,8,1,1,5),(434,42,8,2,1,6),(435,42,2,2,1,7),(436,42,8,2,1,7),(437,42,6,2,1,8),(438,42,7,2,1,8),(439,42,2,2,11,9),(440,42,3,2,1,9),(441,42,4,2,1,9),(442,42,7,2,1,9),(443,43,7,1,1,1),(444,43,1,1,1,2),(445,43,6,1,3,2),(446,43,7,1,1,2),(447,43,8,1,3,2),(448,43,7,1,1,3),(449,43,8,1,1,3),(450,43,7,1,1,4),(451,43,8,1,1,4),(452,43,4,1,50,5),(453,43,7,1,1,5),(454,43,8,1,1,5),(455,43,2,2,2,6),(456,43,4,2,1,6),(457,43,7,2,1,6),(458,43,8,2,1,6),(459,43,8,2,1,7),(460,43,7,2,1,8),(461,43,2,2,3,9),(462,43,4,2,3,9),(463,43,6,2,1,9),(464,43,8,2,1,9),(465,44,7,1,1,1),(466,44,7,1,2,2),(467,44,8,1,1,2),(468,44,4,1,6,3),(469,44,6,1,1,3),(470,44,8,1,1,4),(471,44,8,1,2,5),(472,44,8,2,1,8),(473,45,6,1,4,1),(474,45,8,1,1,1),(475,45,4,1,2,2),(476,45,6,1,1,2),(477,45,7,1,1,2),(478,45,8,1,1,2),(479,45,8,1,1,3),(480,45,7,1,1,4),(481,45,8,1,1,4),(482,45,7,1,1,5),(483,45,8,1,1,5),(484,45,8,2,1,7),(485,45,7,2,1,9),(486,46,8,1,1,1),(487,46,8,1,1,2),(488,46,8,1,1,3),(489,46,8,1,1,4),(490,46,8,1,1,5),(491,47,8,1,1,2),(492,47,7,1,1,3),(493,47,8,1,1,3),(494,47,8,1,1,4),(495,47,8,1,1,5),(496,48,5,1,1,1),(497,48,3,1,1,4),(498,48,5,1,1,4),(499,48,8,1,1,5),(500,48,8,2,1,9),(501,49,1,1,2,1),(502,49,8,1,1,1),(503,49,1,1,1,4),(504,49,4,1,1,4),(505,49,5,1,3,4),(506,49,8,1,1,4),(507,49,1,1,3,5),(508,49,5,1,2,5),(509,49,8,1,1,5),(510,49,4,2,4,6),(511,49,5,2,4,6),(512,49,8,2,2,6),(513,49,1,2,1,8),(514,49,2,2,1,8),(515,49,5,2,10,8),(516,49,7,2,1,8),(517,49,8,2,4,8),(518,50,4,1,1,1),(519,50,8,1,1,1),(520,50,4,1,4,3),(521,50,8,1,1,3),(522,50,4,1,3,4),(523,50,1,1,2,5),(524,50,4,1,3,5),(525,50,8,1,1,5),(526,50,1,2,4,6),(527,50,2,2,3,6),(528,50,6,2,1,6),(529,50,8,2,1,6),(530,50,2,2,1,7),(531,50,1,2,2,8),(532,50,2,2,2,8),(533,50,4,2,5,8),(534,50,1,2,2,9),(535,50,2,2,1,9),(536,50,4,2,2,9),(537,51,8,1,1,1),(538,51,1,1,2,3),(539,51,5,1,4,3),(540,51,1,1,1,4),(541,51,5,1,4,4),(542,51,7,1,1,4),(543,51,8,1,1,4),(544,51,1,1,10,5),(545,51,4,1,2,5),(546,51,5,1,3,5),(547,51,7,1,1,5),(548,51,8,1,1,5),(549,51,1,2,3,6),(550,51,2,2,3,6),(551,51,4,2,1,6),(552,51,5,2,1,6),(553,51,8,2,2,6),(554,51,2,2,3,7),(555,51,4,2,2,7),(556,51,5,2,3,7),(557,51,7,2,1,7),(558,51,8,2,1,7),(559,51,1,2,3,8),(560,51,2,2,2,8),(561,51,4,2,2,8),(562,51,5,2,5,8),(563,51,8,2,1,8),(564,51,1,2,2,9),(565,51,2,2,7,9),(566,51,4,2,1,9),(567,51,5,2,1,9),(568,51,8,2,1,9),(569,52,8,1,1,1),(570,52,1,1,1,3),(571,52,4,1,1,3),(572,52,5,1,5,3),(573,52,7,1,1,3),(574,52,8,1,1,3),(575,52,5,1,1,4),(576,52,8,1,1,4),(577,52,1,1,3,5),(578,52,4,1,2,5),(579,52,5,1,7,5),(580,52,7,1,1,5),(581,52,8,1,1,5),(582,52,1,2,2,6),(583,52,2,2,2,6),(584,52,4,2,2,6),(585,52,5,2,3,6),(586,52,8,2,1,6),(587,52,4,2,1,7),(588,52,7,2,1,7),(589,52,1,2,1,8),(590,52,2,2,2,8),(591,52,5,2,2,8),(592,52,7,2,1,8),(593,52,8,2,1,8),(594,52,1,2,2,9),(595,52,2,2,13,9),(596,52,4,2,2,9),(597,52,5,2,2,9),(598,52,7,2,1,9),(599,52,8,2,1,9),(600,53,1,1,3,3),(601,53,5,1,4,3),(602,53,6,1,1,3),(603,53,7,1,1,3),(604,53,8,1,1,3),(605,53,5,1,1,4),(606,53,6,1,3,4),(607,53,7,1,1,4),(608,53,1,1,1,5),(609,53,5,1,4,5),(610,53,7,1,1,5),(611,53,8,1,1,5),(612,53,2,2,1,6),(613,53,5,2,1,6),(614,53,8,2,1,6),(615,53,2,2,1,7),(616,53,8,2,1,7),(617,53,1,2,1,9),(618,53,2,2,12,9),(619,53,4,2,4,9),(620,53,5,2,1,9),(621,53,7,2,1,9),(622,53,8,2,1,9),(623,54,1,1,1,1),(624,54,5,1,2,1),(625,54,2,1,2,3),(626,54,4,1,2,3),(627,54,1,1,4,5),(628,54,5,1,3,5),(629,54,8,1,1,5),(630,54,2,2,1,6),(631,54,5,2,1,6),(632,54,1,2,9,9),(633,54,2,2,10,9),(634,54,4,2,3,9),(635,54,8,2,1,9),(636,55,7,1,1,1),(637,55,4,1,2,4),(638,55,5,1,3,4),(639,55,6,1,2,4),(640,55,8,1,1,4),(641,55,1,1,4,5),(642,55,4,1,5,5),(643,55,5,1,2,5),(644,55,8,1,1,5),(645,55,1,2,9,9),(646,55,2,2,8,9),(647,55,5,2,1,9),(648,55,8,2,1,9),(649,56,5,1,2,1),(650,56,8,1,1,1),(651,56,5,1,5,3),(652,56,7,1,1,3),(653,56,8,1,1,3),(654,56,4,1,1,4),(655,56,5,1,9,4),(656,56,7,1,1,4),(657,56,8,1,1,4),(658,56,1,1,4,5),(659,56,5,1,10,5),(660,56,7,1,1,5),(661,56,8,1,1,5),(662,56,1,2,14,9),(663,56,2,2,2,9),(664,56,4,2,3,9),(665,56,8,2,1,9),(666,57,4,1,3,3),(667,57,8,1,1,3),(668,57,1,1,5,4),(669,57,1,1,3,5),(670,57,5,1,5,5),(671,57,6,1,2,5),(672,57,8,1,1,5),(673,57,5,2,3,6),(674,57,1,2,7,9),(675,57,5,2,5,9),(676,58,5,1,2,3),(677,58,8,1,1,3),(678,58,7,1,1,4),(679,58,8,1,1,4),(680,58,1,1,1,5),(681,58,5,1,4,5),(682,58,6,1,1,5),(683,58,7,1,1,5),(684,58,8,1,1,5),(685,58,1,2,2,6),(686,58,2,2,1,6),(687,58,5,2,1,6),(688,58,1,2,8,9),(689,58,2,2,3,9),(690,58,4,2,1,9),(691,58,5,2,1,9),(692,59,8,1,1,1),(693,59,8,1,1,3),(694,59,5,1,1,4),(695,59,8,1,1,4),(696,59,1,1,1,5),(697,59,8,1,1,5),(698,59,2,2,3,9),(699,59,7,2,1,9),(700,59,8,2,1,9),(701,60,1,1,8,4),(702,60,4,1,2,4),(703,60,8,1,1,4),(704,60,5,2,4,8),(705,60,5,2,2,9),(706,61,1,1,3,2),(707,61,4,1,2,2),(708,61,7,1,1,2),(709,61,8,1,1,2),(710,61,4,1,2,4),(711,61,5,1,6,4),(712,61,7,1,1,4),(713,61,8,1,1,4),(714,61,5,2,2,8),(715,61,8,2,1,8),(716,61,1,2,2,9),(717,61,8,2,1,9),(718,62,1,1,7,2),(719,62,5,1,1,2),(720,62,8,1,1,2),(721,62,1,1,1,4),(722,62,1,2,1,8),(723,62,3,2,1,8),(724,62,3,2,1,9),(725,62,5,2,2,9),(726,63,1,1,1,2),(727,63,4,1,1,2),(728,63,7,1,1,2),(729,63,1,1,1,4),(730,63,8,1,1,4),(731,63,1,2,3,6),(732,63,5,2,1,6),(733,63,8,2,1,6),(734,63,5,2,1,8),(735,63,6,2,1,8),(736,63,8,2,1,8),(737,63,3,2,1,9),(738,63,4,2,3,9),(739,63,5,2,6,9),(740,63,8,2,1,9),(741,64,5,1,1,2),(742,64,1,1,2,4),(743,64,5,1,2,4),(744,64,5,2,2,6),(745,64,7,2,1,6),(746,64,1,2,1,8),(747,64,3,2,1,8),(748,64,8,2,1,8),(749,64,3,2,1,9),(750,64,4,2,2,9),(751,64,5,2,3,9),(752,64,7,2,1,9),(753,65,8,1,1,1),(754,65,1,1,2,2),(755,65,8,1,1,2),(756,65,1,1,5,4),(757,65,8,1,1,4),(758,66,1,1,2,1),(759,66,1,1,6,2),(760,66,1,1,3,3),(761,66,1,1,4,4),(762,66,5,1,1,4),(763,66,8,1,1,4),(764,66,1,1,3,5),(765,66,8,1,1,5),(766,66,8,2,2,6),(767,66,3,2,1,8),(768,66,8,2,1,8),(769,66,1,2,2,9),(770,66,3,2,1,9),(771,66,8,2,1,9),(772,67,1,1,3,1),(773,67,8,1,1,1),(774,67,1,1,7,2),(775,67,8,1,2,2),(776,67,1,1,1,5),(777,67,3,2,1,8),(778,67,3,2,4,9),(779,67,4,2,1,9),(780,67,5,2,2,9),(781,68,5,1,1,1),(782,68,8,1,1,1),(783,68,1,1,12,2),(784,68,8,1,1,2),(785,68,1,1,2,3),(786,68,1,1,8,4),(787,68,6,1,1,4),(788,68,1,1,1,5),(789,68,8,1,1,5),(790,68,3,2,4,6),(791,68,8,2,1,6),(792,68,3,2,1,8),(793,68,5,2,1,8),(794,68,8,2,1,8),(795,68,3,2,1,9),(796,68,7,2,1,9),(797,69,1,1,1,1),(798,69,1,1,18,2),(799,69,7,1,1,2),(800,69,1,1,2,3),(801,69,7,1,1,3),(802,69,1,1,14,4),(803,69,1,1,9,5),(804,69,5,1,4,5),(805,69,8,1,1,5),(806,69,8,2,1,6),(807,69,1,2,1,8),(808,69,8,2,1,8),(809,69,8,2,1,9),(810,70,1,1,4,2),(811,70,8,1,1,3),(812,70,1,1,4,5),(813,70,8,1,1,5),(814,70,2,2,1,6),(815,70,2,2,1,9),(816,71,1,1,1,1),(817,71,8,1,1,1),(818,71,1,1,1,3),(819,71,8,1,1,4),(820,71,8,1,1,5),(821,72,7,1,1,1),(822,72,7,1,1,2),(823,72,7,1,1,3),(824,72,7,1,1,4),(825,72,8,1,1,4),(826,73,5,2,5,6),(827,73,8,2,1,6),(828,73,5,2,7,7),(829,73,6,2,2,7),(830,73,8,2,1,7),(831,73,1,2,1,8),(832,73,3,2,16,8),(833,73,5,2,13,8),(834,73,6,2,1,8),(835,74,5,1,4,2),(836,74,7,1,1,2),(837,74,8,1,1,2),(838,74,8,1,1,3),(839,74,3,2,29,6),(840,74,5,2,1,6),(841,74,7,2,1,6),(842,74,8,2,1,6),(843,74,3,2,15,7),(844,74,5,2,7,7),(845,74,8,2,1,7),(846,74,3,2,25,8),(847,74,5,2,7,8),(848,74,3,2,14,9),(849,74,5,2,16,9),(850,74,8,2,2,9),(851,75,5,1,4,2),(852,75,7,1,1,2),(853,75,8,1,1,2),(854,75,5,1,7,3),(855,75,8,1,2,3),(856,75,2,2,5,6),(857,75,3,2,5,6),(858,75,6,2,7,6),(859,75,8,2,1,6),(860,75,3,2,3,7),(861,75,6,2,1,7),(862,75,7,2,1,7),(863,75,8,2,2,7),(864,75,2,2,13,9),(865,75,3,2,28,9),(866,75,6,2,4,9),(867,76,1,1,33,2),(868,76,5,1,48,2),(869,76,8,1,1,2),(870,76,1,1,24,3),(871,76,5,1,25,3),(872,76,8,1,1,3),(873,76,1,1,32,5),(874,76,5,1,25,5),(875,76,8,1,1,5),(876,76,8,2,1,6),(877,76,3,2,1,7),(878,76,8,2,1,7),(879,76,5,2,1,8),(880,76,7,2,1,8),(881,76,3,2,33,9),(882,76,7,2,2,9),(883,77,1,1,29,2),(884,77,2,1,3,2),(885,77,5,1,18,2),(886,77,7,1,2,2),(887,77,1,1,29,3),(888,77,5,1,19,3),(889,77,7,1,3,3),(890,77,1,1,93,5),(891,77,4,1,8,5),(892,77,5,1,5,5),(893,77,6,1,1,5),(894,77,7,1,3,5),(895,77,2,2,2,6),(896,77,5,2,1,6),(897,77,8,2,1,6),(898,77,1,2,1,7),(899,77,2,2,6,9),(900,77,7,2,3,9),(901,78,5,1,102,2),(902,78,5,1,120,3),(903,78,1,1,25,5),(904,78,5,1,50,5),(905,78,5,2,16,6),(906,78,5,2,9,7),(907,78,1,2,25,9),(908,78,5,2,50,9),(909,79,5,1,1,1),(910,79,8,1,1,1),(911,79,5,1,1,2),(912,79,8,1,1,2),(913,79,5,1,3,4),(914,79,8,1,1,4),(915,80,5,1,1,1),(916,80,8,1,1,1),(917,80,7,1,1,2),(918,80,8,1,1,2),(919,80,7,1,1,3),(920,80,7,1,1,4),(921,80,8,1,1,4),(922,80,7,1,1,5),(923,80,8,1,1,5),(924,80,7,2,1,6),(925,80,3,2,1,7),(926,80,5,2,2,8),(927,80,7,2,1,8),(928,80,8,2,1,8),(929,81,8,1,1,1),(930,81,8,1,1,2),(931,81,8,1,1,3),(932,81,5,1,4,4),(933,81,3,1,1,5),(934,81,4,1,2,5),(935,81,5,1,1,5),(936,81,2,2,1,6),(937,81,7,2,1,6),(938,81,8,2,1,6),(939,81,6,2,1,7),(940,81,8,2,1,7),(941,81,3,2,2,8),(942,81,6,2,1,8),(943,82,4,1,1,1),(944,82,7,1,1,1),(945,82,8,1,1,1),(946,82,4,1,2,2),(947,82,5,1,1,2),(948,82,7,1,1,2),(949,82,8,1,1,2),(950,82,5,1,5,3),(951,82,8,1,1,3),(952,82,8,1,1,4),(953,82,3,1,2,5),(954,82,5,1,7,5),(955,82,7,1,1,5),(956,82,8,1,1,5),(957,82,3,2,1,6),(958,82,5,2,1,6),(959,82,6,2,1,6),(960,82,8,2,1,6),(961,82,3,2,4,7),(962,82,7,2,1,7),(963,82,8,2,1,7),(964,82,6,2,1,8),(965,82,7,2,1,8),(966,82,8,2,1,8),(967,82,2,2,1,9),(968,82,3,2,3,9),(969,82,5,2,1,9),(970,82,7,2,1,9),(971,82,8,2,1,9),(972,83,4,1,1,1),(973,83,8,1,1,1),(974,83,3,1,3,2),(975,83,4,1,3,2),(976,83,8,1,1,2),(977,83,4,1,2,3),(978,83,5,1,2,3),(979,83,3,1,1,4),(980,83,4,1,2,4),(981,83,5,1,1,4),(982,83,8,1,1,4),(983,83,4,1,4,5),(984,83,8,1,1,5),(985,83,2,2,1,6),(986,83,3,2,2,6),(987,83,4,2,4,6),(988,83,7,2,1,6),(989,83,8,2,1,6),(990,83,4,2,1,7),(991,83,5,2,3,7),(992,83,8,2,1,7),(993,83,5,2,3,8),(994,83,7,2,1,8),(995,83,8,2,1,8),(996,83,2,2,1,9),(997,83,3,2,3,9),(998,83,4,2,2,9),(999,83,5,2,2,9),(1000,83,6,2,1,9),(1001,83,7,2,1,9),(1002,83,8,2,1,9),(1003,84,5,1,2,1),(1004,84,8,1,1,1),(1005,84,5,1,11,2),(1006,84,5,1,6,3),(1007,84,6,1,1,3),(1008,84,5,1,2,4),(1009,84,7,1,1,4),(1010,84,8,1,1,4),(1011,84,5,1,5,5),(1012,84,7,1,1,5),(1013,84,8,1,1,5),(1014,84,3,2,2,6),(1015,84,5,2,1,7),(1016,84,3,2,3,8),(1017,84,4,2,1,8),(1018,84,5,2,2,8),(1019,84,2,2,2,9),(1020,84,3,2,2,9),(1021,84,4,2,1,9),(1022,84,5,2,3,9),(1023,84,8,2,1,9),(1024,85,5,1,5,1),(1025,85,7,1,1,1),(1026,85,5,1,12,2),(1027,85,8,1,1,2),(1028,85,5,1,7,3),(1029,85,4,1,1,4),(1030,85,5,1,7,4),(1031,85,8,1,1,4),(1032,85,5,1,6,5),(1033,85,6,1,1,5),(1034,85,2,2,3,6),(1035,85,6,2,1,6),(1036,85,7,2,1,6),(1037,85,6,2,1,7),(1038,85,6,2,1,8),(1039,85,2,2,3,9),(1040,85,5,2,3,9),(1041,85,6,2,2,9),(1042,86,8,1,1,1),(1043,86,3,1,1,2),(1044,86,4,1,12,2),(1045,86,5,1,9,2),(1046,86,7,1,1,2),(1047,86,8,1,1,2),(1048,86,5,1,1,3),(1049,86,5,1,7,4),(1050,86,7,1,1,4),(1051,86,4,1,7,5),(1052,86,5,1,8,5),(1053,86,8,1,1,5),(1054,86,2,2,3,6),(1055,86,4,2,1,6),(1056,86,5,2,3,6),(1057,86,6,2,1,6),(1058,86,7,2,1,6),(1059,86,8,2,1,6),(1060,86,8,2,1,7),(1061,86,4,2,1,8),(1062,86,2,2,1,9),(1063,86,4,2,4,9),(1064,86,5,2,5,9),(1065,86,6,2,1,9),(1066,86,7,2,1,9),(1067,87,7,1,2,1),(1068,87,4,1,3,2),(1069,87,7,2,1,7),(1070,87,2,2,3,9),(1071,87,3,2,8,9),(1072,87,4,2,3,9),(1073,88,5,1,3,1),(1074,88,4,1,1,2),(1075,88,5,1,5,2),(1076,88,7,1,1,2),(1077,88,8,1,1,2),(1078,88,5,1,1,3),(1079,88,5,1,6,4),(1080,88,8,1,1,4),(1081,88,5,1,4,5),(1082,88,7,1,2,5),(1083,88,2,2,2,6),(1084,88,5,2,2,6),(1085,88,7,2,1,7),(1086,88,8,2,1,7),(1087,88,2,2,3,9),(1088,88,5,2,1,9),(1089,89,3,1,1,1),(1090,89,7,1,2,1),(1091,89,4,1,1,2),(1092,89,7,1,2,2),(1093,89,3,1,1,3),(1094,89,5,1,2,3),(1095,89,7,1,1,3),(1096,89,8,1,1,3),(1097,89,3,1,2,4),(1098,89,5,1,5,4),(1099,89,8,1,1,4),(1100,89,5,1,2,5),(1101,89,7,1,2,5),(1102,89,2,2,1,6),(1103,89,3,2,1,6),(1104,89,5,2,2,6),(1105,89,2,2,1,9),(1106,89,3,2,1,9),(1107,89,5,2,3,9),(1108,89,8,2,1,9),(1109,90,5,1,2,1),(1110,90,5,1,4,2),(1111,90,8,1,1,2),(1112,90,5,1,5,3),(1113,90,5,1,5,4),(1114,90,4,1,3,5),(1115,90,5,1,5,5),(1116,90,2,2,2,9),(1117,91,8,1,1,1),(1118,91,7,1,1,2),(1119,91,8,1,1,2),(1120,91,4,1,1,3),(1121,91,5,1,5,3),(1122,91,7,1,1,3),(1123,91,8,1,1,3),(1124,91,4,1,1,4),(1125,91,5,1,2,4),(1126,91,7,1,1,4),(1127,91,8,1,1,4),(1128,91,5,1,3,5),(1129,91,7,1,1,5),(1130,91,8,1,1,5),(1131,91,1,2,1,9),(1132,91,2,2,2,9),(1133,92,4,1,3,1),(1134,92,5,1,3,1),(1135,92,7,1,1,1),(1136,92,8,1,1,1),(1137,92,7,1,1,2),(1138,92,8,1,1,2),(1139,92,7,1,1,3),(1140,92,8,1,1,3),(1141,92,7,1,1,4),(1142,92,8,1,1,4),(1143,92,1,1,10,5),(1144,92,4,1,3,5),(1145,92,5,1,3,5),(1146,92,7,1,1,5),(1147,92,8,1,1,5),(1148,92,7,2,1,6),(1149,92,8,2,1,6),(1150,92,7,2,1,7),(1151,92,8,2,1,7),(1152,92,7,2,1,8),(1153,92,8,2,1,8),(1154,92,7,2,1,9),(1155,92,8,2,1,9),(1156,93,8,1,1,4),(1157,93,5,1,3,5),(1158,95,8,2,1,6),(1159,96,4,1,2,1),(1160,96,8,1,1,1),(1161,96,4,1,3,2),(1162,96,4,1,1,3),(1163,96,8,1,1,3),(1164,96,4,2,1,6),(1165,96,8,2,1,6),(1166,96,4,2,1,7),(1167,96,5,2,1,7),(1168,96,8,2,1,8),(1169,96,4,2,2,9),(1170,96,6,2,1,9),(1171,96,8,2,1,9),(1172,97,7,1,1,1),(1173,97,8,1,1,1),(1174,97,4,1,1,2),(1175,97,5,1,1,2),(1176,97,7,1,1,2),(1177,97,8,1,1,2),(1178,97,5,1,1,3),(1179,97,8,1,1,3),(1180,97,1,1,1,4),(1181,97,5,2,2,6),(1182,97,6,2,1,6),(1183,97,1,2,1,7),(1184,97,4,2,2,7),(1185,97,7,2,1,7),(1186,97,8,2,1,7),(1187,97,5,2,1,8),(1188,97,7,2,1,8),(1189,97,8,2,1,8),(1190,97,1,2,1,9),(1191,97,3,2,1,9),(1192,97,4,2,1,9),(1193,97,6,2,2,9),(1194,97,8,2,1,9),(1195,98,7,1,1,1),(1196,98,6,1,1,2),(1197,98,7,1,1,2),(1198,98,7,1,1,3),(1199,98,8,1,1,3),(1200,98,7,1,1,5),(1201,98,2,2,1,6),(1202,98,7,2,1,6),(1203,98,8,2,1,6),(1204,98,2,2,1,7),(1205,98,7,2,1,7),(1206,98,6,2,1,8),(1207,98,7,2,1,8),(1208,98,8,2,1,8),(1209,98,1,2,4,9),(1210,98,2,2,5,9),(1211,98,7,2,1,9),(1212,99,4,1,2,1),(1213,99,4,1,6,2),(1214,99,5,1,7,2),(1215,99,6,1,1,2),(1216,99,7,1,1,2),(1217,99,8,1,1,2),(1218,99,1,1,1,3),(1219,99,5,1,7,3),(1220,99,6,1,1,3),(1221,99,4,1,1,4),(1222,99,4,1,2,5),(1223,99,5,1,2,5),(1224,99,8,1,1,5),(1225,99,1,2,2,6),(1226,99,3,2,2,6),(1227,99,4,2,4,6),(1228,99,5,2,6,6),(1229,99,8,2,1,6),(1230,99,4,2,2,7),(1231,99,6,2,1,7),(1232,99,3,2,1,8),(1233,99,6,2,1,8),(1234,99,7,2,1,8),(1235,99,1,2,3,9),(1236,99,2,2,6,9),(1237,99,4,2,4,9),(1238,99,6,2,1,9),(1239,99,7,2,1,9),(1240,100,1,1,3,1),(1241,100,4,1,20,1),(1242,100,6,1,1,1),(1243,100,5,1,1,2),(1244,100,7,1,1,2),(1245,100,1,1,2,3),(1246,100,2,1,3,3),(1247,100,4,1,8,3),(1248,100,8,1,1,4),(1249,100,1,1,1,5),(1250,100,2,1,1,5),(1251,100,4,1,5,5),(1252,100,5,1,5,5),(1253,100,7,1,1,5),(1254,100,1,2,5,6),(1255,100,2,2,5,6),(1256,100,7,2,1,6),(1257,100,8,2,1,6),(1258,100,2,2,3,7),(1259,100,2,2,3,8),(1260,100,5,2,1,8),(1261,100,8,2,1,8),(1262,100,1,2,3,9),(1263,100,2,2,8,9),(1264,100,7,2,1,9),(1265,100,8,2,1,9),(1266,101,8,1,1,3),(1267,101,2,2,5,6),(1268,101,3,2,4,6),(1269,101,4,2,1,6),(1270,101,1,2,3,9),(1271,101,2,2,3,9),(1272,101,3,2,1,9),(1273,101,4,2,2,9),(1274,102,8,1,1,2),(1275,102,8,1,1,3),(1276,102,4,1,1,5),(1277,102,5,2,2,6),(1278,102,1,2,1,8),(1279,102,5,2,1,8),(1280,102,1,2,1,9),(1281,102,2,2,4,9),(1282,102,5,2,1,9),(1283,102,8,2,1,9),(1284,103,8,1,1,1),(1285,104,5,1,2,1),(1286,105,5,1,1,1),(1287,105,7,1,1,1),(1288,105,7,2,1,6),(1289,105,2,2,2,7),(1290,105,8,2,1,7),(1291,105,7,2,1,8),(1292,105,2,2,3,9),(1293,105,7,2,2,9),(1294,106,5,1,1,1),(1295,106,7,1,1,1),(1296,106,8,1,1,1),(1297,106,7,1,1,5),(1298,106,2,2,2,6),(1299,106,7,2,1,6),(1300,106,8,2,1,6),(1301,106,2,2,1,8),(1302,106,6,2,1,8),(1303,106,7,2,1,8),(1304,106,2,2,4,9),(1305,106,6,2,1,9),(1306,106,7,2,1,9),(1307,107,8,1,1,1),(1308,107,5,1,3,4),(1309,107,7,1,1,5),(1310,107,8,1,1,5),(1311,107,2,2,2,6),(1312,107,7,2,1,6),(1313,107,2,2,1,7),(1314,107,7,2,1,7),(1315,107,7,2,1,8),(1316,107,1,2,1,9),(1317,107,2,2,2,9),(1318,107,3,2,1,9),(1319,107,7,2,1,9),(1320,108,8,1,1,1),(1321,108,5,1,2,4),(1322,108,8,1,1,4),(1323,108,4,2,1,6),(1324,108,3,2,1,7),(1325,108,5,2,1,7),(1326,108,8,2,1,7),(1327,108,4,2,3,8),(1328,108,8,2,1,8),(1329,108,4,2,1,9),(1330,108,5,2,1,9),(1331,108,8,2,1,9),(1332,109,1,1,1,1),(1333,109,5,1,2,1),(1334,109,3,1,1,4),(1335,109,5,1,3,4),(1336,109,5,1,2,5),(1337,109,8,1,1,5),(1338,109,1,2,1,6),(1339,109,5,2,4,6),(1340,109,1,2,1,8),(1341,109,5,2,2,8),(1342,109,7,2,1,8),(1343,109,1,2,1,9),(1344,109,3,2,2,9),(1345,109,5,2,4,9),(1346,109,8,2,1,9),(1347,110,5,1,2,1),(1348,110,7,1,1,1),(1349,110,8,1,1,1),(1350,110,5,1,2,4),(1351,110,3,1,1,5),(1352,110,5,1,3,5),(1353,110,1,2,3,6),(1354,110,5,2,2,6),(1355,110,8,2,1,6),(1356,110,3,2,1,7),(1357,110,5,2,1,7),(1358,110,1,2,3,8),(1359,110,5,2,3,8),(1360,110,1,2,1,9),(1361,110,3,2,3,9),(1362,110,5,2,3,9),(1363,111,1,1,1,1),(1364,111,5,1,1,1),(1365,111,5,1,1,4),(1366,111,1,1,1,5),(1367,111,5,1,2,5),(1368,111,1,2,1,6),(1369,111,5,2,2,6),(1370,111,8,2,1,6),(1371,111,1,2,2,9),(1372,112,1,1,1,1),(1373,112,5,1,1,1),(1374,112,1,1,2,4),(1375,112,5,1,3,4),(1376,112,5,1,1,5),(1377,112,7,1,1,5),(1378,112,8,1,1,5),(1379,112,1,2,1,6),(1380,112,5,2,5,6),(1381,112,8,2,1,6),(1382,112,5,2,1,7),(1383,112,8,2,1,7),(1384,112,1,2,1,8),(1385,112,1,2,3,9),(1386,112,5,2,3,9),(1387,112,8,2,1,9),(1388,113,5,1,1,1),(1389,113,1,1,1,4),(1390,113,4,1,2,5),(1391,113,1,2,3,6),(1392,113,5,2,1,6),(1393,113,7,2,1,6),(1394,113,8,2,1,6),(1395,113,1,2,2,7),(1396,113,1,2,1,8),(1397,113,5,2,1,8),(1398,113,1,2,3,9),(1399,114,1,1,1,1),(1400,114,5,1,1,1),(1401,114,5,1,1,4),(1402,114,1,1,1,5),(1403,114,5,1,2,5),(1404,114,1,2,1,6),(1405,114,5,2,1,6),(1406,114,1,2,1,8),(1407,114,1,2,1,9),(1408,114,5,2,1,9),(1409,115,5,1,1,1),(1410,115,7,1,1,5),(1411,115,5,2,2,6),(1412,115,8,2,1,6),(1413,115,5,2,1,9),(1414,115,8,2,1,9),(1415,116,1,1,1,1),(1416,116,5,1,1,1),(1417,116,6,1,1,4),(1418,116,1,1,1,5),(1419,116,5,1,1,5),(1420,116,1,2,1,6),(1421,116,5,2,1,6),(1422,116,1,2,1,7),(1423,116,1,2,1,9),(1424,116,6,2,1,9),(1425,117,5,1,2,1),(1426,117,5,1,1,4),(1427,117,5,1,2,5),(1428,117,5,2,1,6),(1429,118,5,1,2,1),(1430,118,5,1,1,4),(1431,118,5,1,2,5),(1432,118,5,2,2,6),(1433,119,8,1,1,4),(1434,119,8,1,1,5),(1435,120,7,1,1,1),(1436,120,8,1,1,1),(1437,120,7,1,1,4),(1438,120,8,1,1,4),(1439,120,7,1,1,5),(1440,120,8,2,1,6),(1441,121,8,1,1,4),(1442,122,5,1,2,1),(1443,122,5,1,1,3),(1444,122,5,1,3,4),(1445,122,8,1,1,4),(1446,122,5,2,1,6),(1447,122,3,2,1,8),(1448,122,5,2,5,8),(1449,122,6,2,3,8),(1450,122,8,2,1,8),(1451,123,5,1,2,1),(1452,123,1,1,1,3),(1453,123,5,1,1,3),(1454,123,8,1,1,3),(1455,123,5,1,4,4),(1456,123,1,2,7,6),(1457,123,2,2,2,6),(1458,123,3,2,4,6),(1459,123,4,2,1,6),(1460,123,5,2,4,6),(1461,123,6,2,1,6),(1462,123,8,2,1,6),(1463,123,5,2,1,7),(1464,123,1,2,1,8),(1465,123,5,2,2,8),(1466,123,8,2,1,8),(1467,123,1,2,3,9),(1468,123,3,2,1,9),(1469,123,5,2,2,9),(1470,123,8,2,1,9),(1471,124,4,1,3,1),(1472,124,5,1,3,3),(1473,124,4,1,1,4),(1474,124,5,1,3,4),(1475,124,8,1,1,4),(1476,124,1,2,6,6),(1477,124,2,2,2,6),(1478,124,4,2,1,6),(1479,124,5,2,1,6),(1480,124,1,2,2,8),(1481,124,2,2,1,8),(1482,124,3,2,2,8),(1483,124,5,2,1,8),(1484,124,1,2,21,9),(1485,124,2,2,1,9),(1486,124,4,2,1,9),(1487,124,5,2,3,9),(1488,125,5,1,1,1),(1489,125,1,1,2,3),(1490,125,5,1,1,3),(1491,125,1,1,2,4),(1492,125,5,1,3,4),(1493,125,2,2,1,6),(1494,125,5,2,2,6),(1495,125,8,2,1,6),(1496,125,1,2,1,8),(1497,125,2,2,1,8),(1498,125,5,2,1,8),(1499,125,1,2,10,9),(1500,125,2,2,2,9),(1501,125,5,2,2,9),(1502,126,5,1,1,1),(1503,126,5,1,3,3),(1504,126,6,1,1,3),(1505,126,8,1,1,3),(1506,126,5,1,2,4),(1507,126,4,2,1,6),(1508,126,5,2,1,6),(1509,126,5,2,1,8),(1510,126,7,2,1,8),(1511,126,8,2,1,8),(1512,126,1,2,4,9),(1513,126,2,2,2,9),(1514,127,5,1,3,1),(1515,127,5,1,6,3),(1516,127,6,1,1,3),(1517,127,5,1,7,4),(1518,127,1,2,2,9),(1519,127,2,2,1,9),(1520,127,4,2,1,9),(1521,127,5,2,1,9),(1522,127,8,2,1,9),(1523,128,5,1,2,1),(1524,128,7,1,1,1),(1525,128,1,1,3,3),(1526,128,5,1,5,3),(1527,128,6,1,1,3),(1528,128,8,1,1,3),(1529,128,1,1,2,4),(1530,128,5,1,4,4),(1531,128,8,1,1,4),(1532,128,5,2,1,6),(1533,128,2,2,3,9),(1534,128,5,2,1,9),(1535,128,8,2,1,9),(1536,129,4,1,1,1),(1537,129,5,1,3,1),(1538,129,8,1,1,1),(1539,129,5,1,20,3),(1540,129,5,1,4,4),(1541,129,3,2,1,6),(1542,129,8,2,1,6),(1543,129,2,2,1,9),(1544,129,3,2,1,9),(1545,130,4,1,1,1),(1546,130,5,1,4,1),(1547,130,6,1,1,1),(1548,130,8,1,1,1),(1549,130,5,1,32,3),(1550,130,6,1,1,3),(1551,130,5,1,4,4),(1552,130,6,1,1,4),(1553,130,8,1,1,4),(1554,130,2,2,2,6),(1555,130,8,2,1,6),(1556,130,1,2,1,9),(1557,130,8,2,1,9),(1558,131,4,1,2,1),(1559,131,5,1,2,1),(1560,131,6,1,2,1),(1561,131,4,1,1,3),(1562,131,5,1,6,3),(1563,131,6,1,2,3),(1564,131,4,1,1,4),(1565,131,5,1,7,4),(1566,131,6,1,1,4),(1567,131,2,2,1,9),(1568,131,7,2,1,9),(1569,132,5,1,7,1),(1570,132,6,1,1,1),(1571,132,8,1,1,1),(1572,132,5,1,8,3),(1573,132,6,1,2,3),(1574,132,7,1,1,3),(1575,132,4,1,1,4),(1576,132,5,1,4,4),(1577,132,6,1,4,4),(1578,133,8,1,1,3),(1579,133,8,1,1,4),(1580,134,5,1,1,1),(1581,134,5,1,1,4),(1582,135,1,1,2,4),(1583,135,5,1,2,4),(1584,135,5,1,1,5),(1585,136,5,1,2,2),(1586,136,3,1,1,4),(1587,136,5,1,3,5),(1588,136,3,2,1,6),(1589,136,5,2,1,8),(1590,137,3,1,1,1),(1591,137,7,1,1,1),(1592,137,8,1,1,1),(1593,137,7,1,1,2),(1594,137,7,1,1,3),(1595,137,7,1,2,4),(1596,137,7,1,1,5),(1597,137,3,2,3,6),(1598,137,3,2,1,7),(1599,137,7,2,1,7),(1600,137,3,2,1,8),(1601,137,3,2,1,9),(1602,138,5,1,1,2),(1603,138,7,1,1,2),(1604,138,3,1,1,3),(1605,138,5,1,3,3),(1606,138,7,1,1,4),(1607,138,2,1,1,5),(1608,138,8,1,1,5),(1609,138,8,2,1,7),(1610,138,1,2,4,8),(1611,138,3,2,1,9),(1612,139,1,1,3,2),(1613,139,5,1,4,2),(1614,139,8,1,1,2),(1615,139,1,1,6,3),(1616,139,5,1,2,3),(1617,139,8,1,1,3),(1618,139,1,1,2,4),(1619,139,5,1,2,4),(1620,139,1,1,4,5),(1621,139,5,1,8,5),(1622,139,8,1,1,5),(1623,139,1,2,6,6),(1624,139,5,2,6,6),(1625,139,8,2,1,6),(1626,139,1,2,4,8),(1627,139,5,2,8,8),(1628,139,8,2,1,8),(1629,139,1,2,10,9),(1630,139,5,2,5,9),(1631,139,7,2,2,9),(1632,140,2,1,1,1),(1633,140,2,1,3,2),(1634,140,8,1,1,2),(1635,140,1,1,1,3),(1636,140,8,1,1,3),(1637,140,2,1,2,4),(1638,140,8,1,1,4),(1639,140,1,2,2,8),(1640,140,1,2,1,9),(1641,141,5,1,3,1),(1642,141,5,1,5,2),(1643,141,7,1,1,2),(1644,141,8,1,1,2),(1645,141,5,1,7,3),(1646,141,1,1,2,4),(1647,141,5,1,5,4),(1648,141,8,1,1,4),(1649,141,5,1,6,5),(1650,141,8,1,1,5),(1651,141,8,2,1,7),(1652,141,1,2,1,8),(1653,141,5,2,2,8),(1654,141,8,2,1,8),(1655,142,1,1,3,1),(1656,142,4,1,5,1),(1657,142,5,1,33,1),(1658,142,8,1,1,1),(1659,142,5,1,9,2),(1660,142,5,1,11,3),(1661,142,8,1,1,3),(1662,142,5,1,8,4),(1663,142,8,1,1,4),(1664,142,1,1,3,5),(1665,142,4,1,5,5),(1666,142,5,1,5,5),(1667,142,8,1,1,5),(1668,142,1,2,2,8),(1669,142,1,2,2,9),(1670,142,5,2,2,9),(1671,143,1,1,1,2),(1672,143,5,1,8,2),(1673,143,8,1,1,2),(1674,143,1,1,1,3),(1675,143,5,1,10,3),(1676,143,8,1,1,3),(1677,143,1,1,2,4),(1678,143,5,1,10,5),(1679,143,8,1,1,5),(1680,143,1,2,2,7),(1681,143,3,2,1,7),(1682,143,3,2,1,8),(1683,143,6,2,2,8),(1684,143,1,2,2,9),(1685,143,3,2,1,9),(1686,143,6,2,2,9),(1687,144,4,1,4,1),(1688,144,5,1,5,1),(1689,144,8,1,1,1),(1690,144,5,1,3,2),(1691,144,8,1,1,2),(1692,144,5,1,3,3),(1693,144,7,1,1,3),(1694,144,8,1,1,3),(1695,144,6,1,2,4),(1696,144,8,1,1,4),(1697,144,5,1,1,5),(1698,144,7,1,1,5),(1699,144,8,1,1,5),(1700,144,8,2,1,6),(1701,144,8,2,1,7),(1702,144,1,2,1,8),(1703,144,3,2,1,8),(1704,144,8,2,1,8),(1705,144,3,2,1,9),(1706,144,8,2,1,9),(1707,145,2,1,1,1),(1708,145,4,1,3,1),(1709,145,5,1,4,1),(1710,145,4,1,3,2),(1711,145,5,1,4,2),(1712,145,4,1,2,3),(1713,145,5,1,3,4),(1714,145,4,1,2,5),(1715,145,5,1,3,5),(1716,145,3,2,1,7),(1717,146,5,1,1,2),(1718,146,5,1,1,3),(1719,146,7,1,1,3),(1720,147,5,1,2,1),(1721,147,7,1,1,1),(1722,147,7,1,1,2),(1723,147,7,1,1,3),(1724,147,8,1,1,3),(1725,147,1,1,1,4),(1726,147,5,1,1,4),(1727,147,7,1,1,4),(1728,147,8,1,1,4),(1729,147,7,1,1,5),(1730,147,8,1,1,5),(1731,148,5,1,1,1),(1732,148,8,1,1,1),(1733,148,7,1,1,3),(1734,148,8,1,1,3),(1735,148,5,1,3,5),(1736,148,8,1,1,5),(1737,148,3,2,1,8),(1738,148,5,2,1,8),(1739,148,7,2,1,8),(1740,149,1,1,1,1),(1741,149,8,1,1,1),(1742,149,5,1,1,2),(1743,149,6,1,2,2),(1744,149,1,1,4,3),(1745,149,6,2,1,7),(1746,149,3,2,2,8),(1747,149,5,2,4,8),(1748,150,1,1,1,1),(1749,150,1,1,2,2),(1750,150,1,1,3,3),(1751,150,8,1,1,3),(1752,150,8,1,1,4),(1753,150,1,1,1,5),(1754,150,3,2,1,7),(1755,150,8,2,1,7),(1756,150,3,2,1,8),(1757,150,8,2,1,8),(1758,151,1,1,2,1),(1759,151,1,1,8,2),(1760,151,3,1,2,2),(1761,151,1,1,8,3),(1762,151,3,1,1,3),(1763,151,1,1,8,4),(1764,151,3,1,1,4),(1765,151,1,1,1,5),(1766,151,1,2,3,6),(1767,151,2,2,2,6),(1768,151,3,2,1,6),(1769,151,1,2,5,7),(1770,151,1,2,10,8),(1771,151,2,2,1,8),(1772,151,3,2,1,8),(1773,151,1,2,3,9),(1774,151,3,2,2,9),(1775,152,1,1,21,1),(1776,152,7,1,2,1),(1777,152,1,1,5,2),(1778,152,5,1,2,2),(1779,152,6,1,1,2),(1780,152,7,1,1,2),(1781,152,1,1,13,3),(1782,152,2,1,1,3),(1783,152,5,1,4,3),(1784,152,6,1,3,3),(1785,152,7,1,1,3),(1786,152,1,1,5,4),(1787,152,7,1,1,4),(1788,152,1,1,9,5),(1789,152,5,1,6,5),(1790,152,6,1,1,5),(1791,152,1,2,6,6),(1792,152,7,2,1,6),(1793,152,1,2,5,7),(1794,152,3,2,2,7),(1795,152,5,2,1,7),(1796,152,6,2,1,7),(1797,152,7,2,1,7),(1798,152,1,2,1,8),(1799,152,7,2,1,8),(1800,152,1,2,6,9),(1801,152,3,2,2,9),(1802,152,7,2,1,9),(1803,153,7,1,1,1),(1804,153,1,1,6,2),(1805,153,5,1,10,2),(1806,153,7,1,2,2),(1807,153,8,1,1,2),(1808,153,1,1,5,3),(1809,153,5,1,2,3),(1810,153,6,1,3,3),(1811,153,7,1,1,3),(1812,153,8,1,1,3),(1813,153,6,1,3,4),(1814,153,7,1,1,4),(1815,153,1,1,2,5),(1816,153,5,1,6,5),(1817,153,7,1,2,5),(1818,153,8,2,1,6),(1819,153,8,2,1,7),(1820,153,8,2,1,8),(1821,153,1,2,1,9),(1822,153,7,2,1,9),(1823,153,8,2,1,9),(1824,154,7,1,1,1),(1825,154,1,1,5,2),(1826,154,6,1,1,2),(1827,154,7,1,2,2),(1828,154,8,1,1,2),(1829,154,2,1,1,3),(1830,154,7,1,1,3),(1831,154,1,1,2,4),(1832,154,7,1,1,4),(1833,154,8,1,1,4),(1834,154,1,1,5,5),(1835,154,6,1,1,5),(1836,154,7,1,1,5),(1837,155,7,1,1,1),(1838,155,1,1,10,2),(1839,155,6,1,5,2),(1840,155,7,1,1,2),(1841,155,1,1,2,3),(1842,155,5,1,3,3),(1843,155,7,1,1,3),(1844,155,1,1,5,4),(1845,155,7,1,1,4),(1846,155,1,1,9,5),(1847,155,6,1,2,5),(1848,155,7,1,1,5),(1849,155,8,1,1,5),(1850,156,5,1,10,2),(1851,156,1,1,5,3),(1852,156,4,1,4,3),(1853,156,5,1,3,3),(1854,156,6,1,1,3),(1855,156,7,1,1,3),(1856,156,8,1,1,3),(1857,156,5,1,5,4),(1858,156,6,1,2,4),(1859,156,7,1,1,4),(1860,156,1,1,5,5),(1861,156,4,1,2,5),(1862,156,5,1,3,5),(1863,156,6,1,1,5),(1864,156,7,1,1,5),(1865,156,8,1,1,5),(1866,159,1,1,1,3),(1867,159,4,1,1,3),(1868,159,8,1,3,3),(1869,159,4,2,2,8),(1870,159,6,2,3,8),(1871,159,8,2,3,8),(1872,159,4,2,1,9),(1873,159,5,2,1,9),(1874,159,8,2,3,9),(1875,160,4,1,5,3),(1876,160,5,1,2,3),(1877,160,7,1,1,3),(1878,160,8,1,2,3),(1879,160,5,1,1,4),(1880,160,1,1,2,5),(1881,160,4,1,1,5),(1882,160,7,1,1,5),(1883,160,3,2,1,6),(1884,160,6,2,1,6),(1885,160,7,2,1,6),(1886,160,8,2,1,6),(1887,160,1,2,1,7),(1888,160,3,2,1,7),(1889,160,4,2,1,7),(1890,160,6,2,3,7),(1891,160,7,2,1,7),(1892,160,8,2,1,7),(1893,160,1,2,1,8),(1894,160,3,2,1,8),(1895,160,5,2,1,8),(1896,160,6,2,5,8),(1897,160,7,2,1,8),(1898,160,8,2,2,8),(1899,160,3,2,4,9),(1900,160,4,2,2,9),(1901,160,5,2,1,9),(1902,160,7,2,1,9),(1903,160,8,2,1,9),(1904,161,1,1,4,3),(1905,161,4,1,2,3),(1906,161,5,1,2,3),(1907,161,6,1,1,3),(1908,161,7,1,2,3),(1909,161,8,1,1,3),(1910,161,7,1,1,4),(1911,161,4,1,4,5),(1912,161,5,1,4,5),(1913,161,7,1,2,5),(1914,161,8,1,1,5),(1915,161,1,2,2,6),(1916,161,2,2,3,6),(1917,161,3,2,2,6),(1918,161,5,2,4,6),(1919,161,7,2,1,6),(1920,161,8,2,1,6),(1921,161,2,2,3,7),(1922,161,3,2,1,7),(1923,161,5,2,3,7),(1924,161,7,2,1,7),(1925,161,8,2,1,7),(1926,161,1,2,2,8),(1927,161,2,2,2,8),(1928,161,4,2,2,8),(1929,161,5,2,1,8),(1930,161,7,2,3,8),(1931,161,8,2,1,8),(1932,161,1,2,13,9),(1933,161,2,2,6,9),(1934,161,4,2,3,9),(1935,161,5,2,6,9),(1936,161,7,2,3,9),(1937,161,8,2,1,9),(1938,162,1,1,4,3),(1939,162,4,1,2,3),(1940,162,5,1,3,3),(1941,162,6,1,1,3),(1942,162,7,1,2,3),(1943,162,8,1,1,3),(1944,162,5,1,1,4),(1945,162,7,1,1,4),(1946,162,1,1,1,5),(1947,162,4,1,5,5),(1948,162,5,1,4,5),(1949,162,7,1,2,5),(1950,162,8,1,1,5),(1951,162,1,2,2,6),(1952,162,2,2,3,6),(1953,162,3,2,2,6),(1954,162,5,2,4,6),(1955,162,7,2,1,6),(1956,162,8,2,1,6),(1957,162,2,2,2,7),(1958,162,3,2,1,7),(1959,162,5,2,2,7),(1960,162,7,2,1,7),(1961,162,8,2,1,7),(1962,162,1,2,2,8),(1963,162,2,2,2,8),(1964,162,3,2,1,8),(1965,162,4,2,2,8),(1966,162,5,2,2,8),(1967,162,6,2,1,8),(1968,162,7,2,3,8),(1969,162,8,2,1,8),(1970,162,1,2,16,9),(1971,162,2,2,6,9),(1972,162,3,2,1,9),(1973,162,4,2,3,9),(1974,162,5,2,6,9),(1975,162,7,2,3,9),(1976,162,8,2,1,9),(1977,163,4,1,4,3),(1978,163,5,1,5,3),(1979,163,7,1,1,3),(1980,163,8,1,1,3),(1981,163,4,1,2,5),(1982,163,5,1,5,5),(1983,163,7,1,1,5),(1984,163,2,2,2,6),(1985,163,4,2,2,6),(1986,163,2,2,1,8),(1987,163,5,2,3,8),(1988,163,8,2,1,8),(1989,163,1,2,3,9),(1990,163,2,2,1,9),(1991,163,4,2,2,9),(1992,163,5,2,3,9),(1993,163,8,2,1,9),(1994,164,8,1,1,4),(1995,164,5,1,5,5),(1996,164,8,1,1,5),(1997,164,1,2,1,9),(1998,165,5,1,1,3),(1999,165,4,1,1,5),(2000,165,5,1,5,5),(2001,165,8,1,1,5),(2002,165,2,2,1,6),(2003,165,4,2,2,6),(2004,165,5,2,3,6),(2005,165,2,2,1,9),(2006,165,5,2,3,9),(2007,165,8,2,1,9),(2008,166,5,1,1,4),(2009,166,8,1,1,4),(2010,166,8,2,1,6),(2011,166,3,2,2,8),(2012,166,5,2,2,8),(2013,166,6,2,3,8),(2014,166,7,2,1,8),(2015,167,5,1,1,1),(2016,167,8,1,1,2),(2017,167,8,1,1,4),(2018,167,7,2,1,6),(2019,167,8,2,1,6),(2020,167,8,2,1,7),(2021,167,3,2,1,8),(2022,167,6,2,2,8),(2023,167,7,2,1,8),(2024,167,8,2,2,8),(2025,167,3,2,1,9),(2026,167,7,2,1,9),(2027,167,8,2,1,9),(2028,168,4,1,1,2),(2029,168,7,1,1,2),(2030,168,8,1,2,2),(2031,168,7,1,1,4),(2032,168,8,1,1,4),(2033,168,7,1,2,5),(2034,168,8,1,1,5),(2035,168,2,2,1,6),(2036,168,8,2,2,6),(2037,168,3,2,1,7),(2038,168,6,2,1,7),(2039,168,7,2,1,7),(2040,168,3,2,2,8),(2041,168,6,2,3,8),(2042,168,7,2,1,8),(2043,168,8,2,2,8),(2044,168,2,2,2,9),(2045,168,7,2,1,9),(2046,168,8,2,2,9),(2047,169,6,1,1,1),(2048,169,8,1,1,1),(2049,169,1,1,1,2),(2050,169,6,1,2,2),(2051,169,7,1,1,2),(2052,169,8,1,2,2),(2053,169,6,1,1,4),(2054,169,7,1,1,4),(2055,169,8,1,2,4),(2056,169,6,1,1,5),(2057,169,8,1,1,5),(2058,169,1,2,1,6),(2059,169,4,2,1,6),(2060,169,7,2,1,6),(2061,169,8,2,1,6),(2062,169,8,2,1,7),(2063,169,2,2,1,8),(2064,169,3,2,1,8),(2065,169,7,2,1,8),(2066,169,8,2,1,8),(2067,169,1,2,2,9),(2068,169,2,2,2,9),(2069,169,3,2,1,9),(2070,169,7,2,1,9),(2071,169,8,2,1,9),(2072,170,6,1,1,1),(2073,170,8,1,1,1),(2074,170,6,1,2,2),(2075,170,8,1,2,2),(2076,170,8,1,1,4),(2077,170,6,1,1,5),(2078,170,8,1,2,5),(2079,170,6,2,1,6),(2080,170,8,2,1,6),(2081,170,3,2,1,7),(2082,170,8,2,1,7),(2083,170,2,2,1,8),(2084,170,3,2,1,8),(2085,170,1,2,5,9),(2086,170,2,2,3,9),(2087,170,3,2,2,9),(2088,170,7,2,1,9),(2089,170,8,2,1,9),(2090,171,7,1,1,1),(2091,171,6,1,1,2),(2092,171,6,1,1,4),(2093,171,7,1,1,4),(2094,171,8,1,1,4),(2095,171,7,1,2,5),(2096,171,8,1,1,5),(2097,171,2,2,1,6),(2098,171,8,2,1,6),(2099,171,7,2,1,7),(2100,171,8,2,1,8),(2101,171,2,2,1,9),(2102,171,8,2,1,9),(2103,172,7,1,1,1),(2104,172,8,1,2,1),(2105,172,4,1,1,2),(2106,172,7,1,1,2),(2107,172,8,1,2,2),(2108,172,7,1,1,4),(2109,172,8,1,2,4),(2110,172,3,1,1,5),(2111,172,7,1,1,5),(2112,172,8,1,2,5),(2113,172,8,2,1,6),(2114,172,8,2,1,7),(2115,172,8,2,1,8),(2116,172,2,2,2,9),(2117,172,8,2,1,9),(2118,173,6,1,1,1),(2119,173,8,1,1,1),(2120,173,6,1,4,2),(2121,173,7,1,1,2),(2122,173,8,1,2,2),(2123,173,8,1,2,4),(2124,173,6,1,3,5),(2125,173,7,1,1,5),(2126,173,8,1,2,5),(2127,173,2,2,2,6),(2128,173,6,2,2,6),(2129,173,8,2,1,6),(2130,173,2,2,1,9),(2131,173,7,2,1,9),(2132,174,8,1,2,1),(2133,174,6,1,3,2),(2134,174,8,1,2,2),(2135,174,6,1,1,4),(2136,174,7,1,1,4),(2137,174,8,1,2,4),(2138,174,8,1,2,5),(2139,174,7,2,1,6),(2140,174,8,2,1,6),(2141,174,8,2,1,8),(2142,174,8,2,1,9),(2143,175,6,1,1,1),(2144,175,8,1,2,1),(2145,175,8,1,2,2),(2146,175,6,1,2,4),(2147,175,7,1,1,4),(2148,175,8,1,2,4),(2149,175,6,1,2,5),(2150,175,7,1,1,5),(2151,175,8,1,3,5),(2152,175,8,2,1,6),(2153,175,8,2,1,7),(2154,175,7,2,1,8),(2155,175,2,2,1,9),(2156,175,3,2,1,9),(2157,175,6,2,5,9),(2158,175,7,2,1,9),(2159,175,8,2,2,9),(2160,176,8,1,3,1),(2161,176,8,1,3,2),(2162,176,6,1,2,4),(2163,176,7,1,1,4),(2164,176,8,1,3,4),(2165,176,7,1,1,5),(2166,176,8,1,3,5),(2167,176,8,2,2,6),(2168,176,8,2,2,8),(2169,176,2,2,2,9),(2170,176,8,2,2,9),(2171,177,3,1,1,1),(2172,177,5,1,2,1),(2173,177,3,1,1,2),(2174,177,5,1,2,2),(2175,177,5,1,3,3),(2176,177,3,1,2,4),(2177,177,5,1,3,4),(2178,177,8,1,1,4),(2179,177,5,1,2,5),(2180,177,8,1,1,5),(2181,178,5,1,2,1),(2182,178,5,1,2,2),(2183,178,3,1,1,4),(2184,178,5,1,2,4),(2185,178,5,1,1,5),(2186,179,3,1,1,1),(2187,179,5,1,2,1),(2188,179,3,1,1,2),(2189,179,5,1,2,2),(2190,179,5,1,3,3),(2191,179,3,1,2,4),(2192,179,5,1,3,4),(2193,179,8,1,1,4),(2194,179,5,1,2,5),(2195,179,8,1,1,5),(2196,180,3,1,1,2),(2197,180,5,1,2,2),(2198,180,3,1,2,3),(2199,180,5,1,3,3),(2200,180,5,1,2,4),(2201,180,8,1,1,4),(2202,180,3,1,1,5),(2203,180,5,1,2,5),(2204,181,5,1,2,1),(2205,181,3,1,1,2),(2206,181,5,1,2,2),(2207,181,3,1,2,3),(2208,181,5,1,3,3),(2209,181,3,1,2,4),(2210,181,5,1,2,4),(2211,181,5,1,2,5),(2212,182,3,1,1,1),(2213,182,5,1,2,1),(2214,182,5,1,3,2),(2215,182,8,1,1,2),(2216,182,3,1,2,3),(2217,182,4,1,1,3),(2218,182,5,1,3,3),(2219,182,3,1,2,4),(2220,182,5,1,3,4),(2221,182,5,1,2,5),(2222,183,5,1,3,1),(2223,183,8,1,1,1),(2224,183,3,1,1,2),(2225,183,5,1,2,2),(2226,183,3,1,3,3),(2227,183,5,1,3,3),(2228,183,3,1,2,4),(2229,183,5,1,3,4),(2230,183,3,1,1,5),(2231,183,5,1,2,5),(2232,184,3,1,1,3),(2233,184,4,1,1,3),(2234,184,5,1,4,3),(2235,184,8,1,1,3),(2236,184,3,1,2,4),(2237,184,5,1,4,4),(2238,184,8,1,1,4),(2239,184,5,1,3,5),(2240,184,8,1,1,5),(2241,185,3,1,2,1),(2242,185,5,1,2,2),(2243,185,3,1,2,3),(2244,185,5,1,2,3),(2245,185,3,1,2,4),(2246,185,4,1,1,4),(2247,185,5,1,2,4),(2248,185,5,1,1,5),(2249,186,5,1,1,1),(2250,186,4,1,1,2),(2251,186,5,1,1,2),(2252,186,3,1,2,3),(2253,186,5,1,2,3),(2254,186,5,1,2,4),(2255,187,5,1,2,1),(2256,187,3,1,1,2),(2257,187,5,1,2,2),(2258,187,3,1,3,3),(2259,187,5,1,4,3),(2260,187,7,1,1,3),(2261,187,8,1,1,3),(2262,187,3,1,2,4),(2263,187,5,1,1,4),(2264,187,7,1,1,4),(2265,187,8,1,1,4),(2266,187,5,1,3,5),(2267,188,3,1,1,1),(2268,188,3,1,2,2),(2269,188,3,1,1,3),(2270,188,5,1,2,3),(2271,188,3,1,3,4),(2272,188,5,1,1,4),(2273,188,8,1,1,4),(2274,188,3,2,2,6),(2275,189,4,1,1,3),(2276,189,7,1,1,5),(2277,189,8,2,1,6),(2278,189,5,2,1,7),(2279,189,6,2,1,7),(2280,189,7,2,1,7),(2281,190,4,1,1,1),(2282,190,5,1,2,2),(2283,190,4,1,1,5),(2284,190,7,2,1,6),(2285,190,4,2,2,7),(2286,190,6,2,1,7),(2287,190,3,2,1,8),(2288,190,5,2,2,8),(2289,190,7,2,1,8),(2290,190,2,2,1,9),(2291,191,7,1,1,1),(2292,191,8,1,1,2),(2293,191,7,1,1,3),(2294,191,8,1,1,3),(2295,191,7,1,1,5),(2296,191,8,1,1,5),(2297,191,4,2,1,7),(2298,191,5,2,2,7),(2299,191,6,2,2,7),(2300,191,8,2,1,7),(2301,191,2,2,1,8),(2302,191,3,2,1,8),(2303,191,5,2,3,8),(2304,191,1,2,1,9),(2305,191,2,2,1,9),(2306,191,3,2,1,9),(2307,191,5,2,1,9),(2308,191,6,2,1,9),(2309,192,7,1,1,1),(2310,192,1,1,1,2),(2311,192,7,1,1,2),(2312,192,8,1,1,2),(2313,192,3,1,1,3),(2314,192,7,1,1,3),(2315,192,3,2,1,7),(2316,192,5,2,2,7),(2317,192,6,2,1,7),(2318,192,3,2,1,8),(2319,192,8,2,1,8),(2320,192,3,2,1,9),(2321,192,6,2,1,9),(2322,193,7,1,1,1),(2323,193,4,1,1,2),(2324,193,5,1,2,2),(2325,193,7,1,1,2),(2326,193,5,1,1,3),(2327,193,7,1,1,3),(2328,193,4,1,1,5),(2329,193,5,1,1,5),(2330,193,7,2,1,6),(2331,193,6,2,1,7),(2332,193,6,2,3,8),(2333,193,2,2,1,9),(2334,193,3,2,1,9),(2335,193,4,2,1,9),(2336,193,5,2,1,9),(2337,193,7,2,1,9),(2338,194,8,2,1,6),(2339,195,5,1,1,1),(2340,195,5,1,1,3),(2341,195,8,1,1,4),(2342,195,8,1,1,5),(2343,195,7,2,1,7),(2344,196,6,1,1,1),(2345,196,8,1,1,1),(2346,196,4,1,1,3),(2347,196,5,1,2,3),(2348,196,8,1,1,3),(2349,196,6,1,1,5),(2350,196,8,1,1,5),(2351,196,5,2,1,6),(2352,196,6,2,1,6),(2353,196,7,2,1,6),(2354,196,8,2,1,6),(2355,196,1,2,1,7),(2356,196,5,2,1,7),(2357,196,6,2,1,7),(2358,196,7,2,1,7),(2359,196,8,2,1,7),(2360,196,3,2,2,8),(2361,196,5,2,1,8),(2362,196,7,2,1,8),(2363,196,8,2,1,8),(2364,196,3,2,2,9),(2365,196,5,2,3,9),(2366,196,7,2,1,9),(2367,197,1,1,2,1),(2368,197,8,1,1,1),(2369,197,1,1,6,3),(2370,197,5,1,1,3),(2371,197,7,1,1,3),(2372,197,8,1,1,3),(2373,197,5,1,2,4),(2374,197,8,1,1,4),(2375,197,1,2,1,6),(2376,197,3,2,1,6),(2377,197,7,2,1,6),(2378,197,8,2,1,6),(2379,197,1,2,1,7),(2380,197,3,2,3,7),(2381,197,5,2,1,7),(2382,197,8,2,1,7),(2383,197,1,2,2,8),(2384,197,3,2,6,8),(2385,197,5,2,1,8),(2386,197,1,2,1,9),(2387,197,3,2,4,9),(2388,197,8,2,1,9),(2389,198,1,1,2,1),(2390,198,5,1,1,1),(2391,198,6,1,1,1),(2392,198,8,1,1,1),(2393,198,1,1,7,3),(2394,198,5,1,1,3),(2395,198,1,1,2,4),(2396,198,8,1,1,4),(2397,198,1,1,3,5),(2398,198,5,1,3,5),(2399,198,3,2,1,7),(2400,198,8,2,1,7),(2401,198,1,2,2,8),(2402,198,3,2,3,8),(2403,198,5,2,1,8),(2404,198,6,2,1,8),(2405,198,8,2,1,8),(2406,198,3,2,1,9),(2407,198,6,2,1,9),(2408,198,7,2,1,9),(2409,198,8,2,1,9),(2410,199,1,1,2,1),(2411,199,5,1,4,1),(2412,199,1,1,2,3),(2413,199,7,1,1,3),(2414,199,8,1,1,3),(2415,199,5,1,4,4),(2416,199,7,1,1,4),(2417,199,8,1,1,4),(2418,199,1,1,5,5),(2419,199,5,1,2,5),(2420,199,7,1,1,5),(2421,199,5,2,3,6),(2422,199,4,2,2,7),(2423,199,5,2,1,7),(2424,199,4,2,2,8),(2425,199,5,2,2,8),(2426,199,4,2,5,9),(2427,199,5,2,5,9),(2428,199,8,2,1,9),(2429,200,5,1,1,1),(2430,200,7,1,1,1),(2431,200,8,1,1,1),(2432,200,1,1,1,3),(2433,200,5,1,3,3),(2434,200,7,1,1,3),(2435,200,4,1,1,4),(2436,200,8,1,1,4),(2437,200,5,1,1,5),(2438,200,8,1,1,5),(2439,200,5,2,1,6),(2440,200,8,2,1,6),(2441,200,5,2,1,9),(2442,201,6,1,1,1),(2443,201,6,1,1,3),(2444,201,8,1,1,3),(2445,201,5,1,3,4),(2446,201,4,1,1,5),(2447,201,8,1,1,5),(2448,202,8,1,1,3),(2449,202,7,1,1,4),(2450,202,7,1,1,5),(2451,203,8,1,1,2),(2452,203,8,1,1,4),(2453,203,7,1,1,5),(2454,203,8,1,1,5),(2455,204,8,1,1,2),(2456,204,8,1,1,3),(2457,204,8,1,1,4),(2458,204,7,1,1,5),(2459,204,8,1,2,5),(2460,204,8,2,1,7),(2461,204,8,2,1,8),(2462,205,5,1,1,1),(2463,205,8,1,1,1),(2464,205,7,1,1,2),(2465,205,8,1,1,2),(2466,205,5,1,4,3),(2467,205,7,1,1,3),(2468,205,8,1,1,4),(2469,205,5,1,5,5),(2470,205,7,1,1,5),(2471,205,8,1,1,5),(2472,205,8,2,1,7),(2473,205,3,2,1,8),(2474,205,7,2,1,8),(2475,206,5,1,1,1),(2476,206,5,1,2,2),(2477,206,8,1,1,2),(2478,206,5,1,3,3),(2479,206,8,1,1,3),(2480,206,5,1,2,4),(2481,206,8,1,1,4),(2482,206,4,1,1,5),(2483,206,5,1,8,5),(2484,206,6,1,1,5),(2485,206,8,1,1,5),(2486,206,3,2,2,8),(2487,206,5,2,1,8),(2488,207,5,1,1,1),(2489,207,8,1,1,1),(2490,207,5,1,2,2),(2491,207,8,1,1,4),(2492,207,4,1,1,5),(2493,207,5,1,6,5),(2494,207,3,2,3,8),(2495,207,2,2,1,9),(2496,207,3,2,1,9),(2497,207,7,2,1,9),(2498,208,3,1,1,1),(2499,208,4,1,3,1),(2500,208,5,1,2,1),(2501,208,4,1,2,4),(2502,208,5,1,2,4),(2503,208,4,1,4,5),(2504,208,5,1,8,5),(2505,208,3,2,1,6),(2506,208,2,2,1,8),(2507,208,3,2,6,8),(2508,208,4,2,3,8),(2509,208,5,2,4,8),(2510,208,2,2,1,9),(2511,208,5,2,1,9),(2512,209,5,1,1,1),(2513,209,7,1,1,1),(2514,209,8,1,1,1),(2515,209,5,1,1,3),(2516,209,6,1,2,4),(2517,209,8,1,1,4),(2518,209,4,1,3,5),(2519,209,5,1,3,5),(2520,209,3,2,1,6),(2521,209,7,2,1,6),(2522,209,1,2,1,7),(2523,209,6,2,1,7),(2524,209,8,2,1,7),(2525,209,2,2,1,9),(2526,209,3,2,1,9),(2527,209,5,2,1,9),(2528,210,7,1,1,4),(2529,210,8,1,1,4),(2530,210,5,1,1,5),(2531,210,8,1,1,5),(2532,210,5,2,2,6),(2533,210,8,2,1,6),(2534,210,2,2,1,7),(2535,210,1,2,1,9),(2536,210,2,2,3,9),(2537,210,7,2,1,9),(2538,210,8,2,1,9),(2539,211,5,1,1,1),(2540,211,8,1,1,1),(2541,211,5,1,1,3),(2542,211,8,1,1,3),(2543,211,5,1,1,4),(2544,211,7,1,1,4),(2545,211,8,1,1,4),(2546,211,4,1,1,5),(2547,211,5,1,2,5),(2548,211,7,1,1,5),(2549,211,8,1,1,5),(2550,211,2,2,2,6),(2551,211,8,2,1,6),(2552,211,2,2,2,8),(2553,211,1,2,1,9),(2554,211,2,2,1,9),(2555,211,7,2,1,9),(2556,212,8,1,1,4),(2557,212,8,1,1,5),(2558,212,2,2,1,6),(2559,212,8,2,1,6),(2560,212,2,2,1,9),(2561,213,8,1,1,1),(2562,215,7,1,1,1),(2563,215,8,1,1,1),(2564,215,8,1,1,2),(2565,215,8,1,1,4),(2566,215,8,1,1,5),(2567,215,8,2,1,8),(2568,216,1,1,3,1),(2569,216,4,1,5,1),(2570,216,5,1,4,1),(2571,216,8,1,1,1),(2572,216,1,1,12,2),(2573,216,4,1,4,2),(2574,216,5,1,1,2),(2575,216,1,1,6,3),(2576,216,3,1,1,3),(2577,216,4,1,6,3),(2578,216,5,1,2,3),(2579,216,1,1,6,4),(2580,216,5,1,3,4),(2581,216,1,1,7,5),(2582,216,4,1,1,5),(2583,216,5,1,4,5),(2584,216,1,2,3,7),(2585,216,2,2,3,7),(2586,216,4,2,2,7),(2587,216,6,2,1,7),(2588,216,8,2,1,7),(2589,216,1,2,3,8),(2590,216,2,2,4,8),(2591,216,3,2,4,8),(2592,216,5,2,1,8),(2593,216,6,2,1,8),(2594,216,8,2,1,8),(2595,216,1,2,5,9),(2596,216,2,2,2,9),(2597,216,3,2,3,9),(2598,216,5,2,5,9),(2599,216,8,2,1,9),(2600,217,1,1,8,1),(2601,217,3,1,1,1),(2602,217,4,1,2,1),(2603,217,5,1,3,1),(2604,217,8,1,1,1),(2605,217,1,1,8,2),(2606,217,4,1,2,2),(2607,217,5,1,2,2),(2608,217,1,1,11,3),(2609,217,5,1,1,3),(2610,217,1,1,4,4),(2611,217,4,1,1,4),(2612,217,5,1,4,4),(2613,217,1,1,19,5),(2614,217,1,2,1,7),(2615,217,2,2,1,7),(2616,217,3,2,9,7),(2617,217,4,2,1,7),(2618,217,5,2,1,7),(2619,217,6,2,1,7),(2620,217,8,2,1,7),(2621,217,1,2,4,8),(2622,217,2,2,3,8),(2623,217,3,2,9,8),(2624,217,4,2,1,8),(2625,217,5,2,1,8),(2626,217,6,2,2,8),(2627,217,8,2,1,8),(2628,217,1,2,12,9),(2629,217,2,2,3,9),(2630,217,3,2,10,9),(2631,217,5,2,5,9),(2632,217,6,2,3,9),(2633,218,1,1,12,1),(2634,218,7,1,1,1),(2635,218,8,1,1,1),(2636,218,1,1,14,2),(2637,218,6,1,4,2),(2638,218,8,1,1,2),(2639,218,1,1,8,3),(2640,218,8,1,1,3),(2641,218,1,1,5,4),(2642,218,6,1,1,4),(2643,218,8,1,1,4),(2644,218,1,1,10,5),(2645,218,8,1,1,5),(2646,218,1,2,1,7),(2647,218,3,2,5,7),(2648,218,8,2,1,7),(2649,218,1,2,6,8),(2650,218,2,2,1,8),(2651,218,3,2,4,8),(2652,218,8,2,1,8),(2653,218,1,2,25,9),(2654,218,2,2,3,9),(2655,218,3,2,12,9),(2656,218,4,2,1,9),(2657,218,6,2,2,9),(2658,218,8,2,1,9),(2659,219,1,1,5,1),(2660,219,6,1,2,1),(2661,219,7,1,1,1),(2662,219,1,1,6,2),(2663,219,6,1,9,2),(2664,219,7,1,1,2),(2665,219,1,1,11,3),(2666,219,6,1,5,3),(2667,219,7,1,1,3),(2668,219,1,1,1,4),(2669,219,6,1,2,4),(2670,219,1,1,10,5),(2671,219,7,1,1,5),(2672,219,1,2,3,7),(2673,219,2,2,1,7),(2674,219,3,2,2,7),(2675,219,6,2,1,7),(2676,219,8,2,1,7),(2677,219,1,2,4,8),(2678,219,2,2,3,8),(2679,219,8,2,1,8),(2680,219,1,2,41,9),(2681,219,2,2,2,9),(2682,219,3,2,2,9),(2683,219,8,2,1,9),(2684,220,1,1,1,1),(2685,220,7,1,2,1),(2686,220,8,1,1,1),(2687,220,7,1,2,2),(2688,220,8,1,1,2),(2689,220,1,1,2,3),(2690,220,7,1,2,3),(2691,220,8,1,1,3),(2692,220,1,1,1,4),(2693,220,7,1,1,4),(2694,220,8,1,1,4),(2695,220,1,1,4,5),(2696,220,7,1,1,5),(2697,220,8,1,1,5),(2698,220,7,2,1,7),(2699,220,8,2,1,7),(2700,220,1,2,1,8),(2701,220,7,2,1,8),(2702,220,1,2,8,9),(2703,220,2,2,1,9),(2704,220,3,2,5,9),(2705,220,7,2,1,9),(2706,220,8,2,1,9),(2707,221,1,1,1,1),(2708,221,7,1,1,1),(2709,221,7,1,1,2),(2710,221,8,1,1,2),(2711,221,1,1,1,3),(2712,221,7,1,1,3),(2713,221,1,2,3,9),(2714,221,3,2,1,9),(2715,222,5,1,6,1),(2716,222,5,1,8,2),(2717,222,8,1,1,3),(2718,222,5,1,5,4),(2719,222,8,1,1,4),(2720,222,4,1,1,5),(2721,222,5,1,4,5),(2722,222,2,2,2,9),(2723,222,5,2,2,9),(2724,222,8,2,1,9),(2725,223,6,1,2,1),(2726,223,7,1,1,1),(2727,223,7,1,1,2),(2728,223,8,1,1,2),(2729,223,6,1,1,4),(2730,223,8,1,1,4),(2731,223,7,1,1,5),(2732,223,8,1,1,5),(2733,224,5,1,6,1),(2734,224,8,1,1,1),(2735,224,3,1,1,2),(2736,224,5,1,5,2),(2737,224,6,1,1,2),(2738,224,8,1,1,2),(2739,224,6,1,1,3),(2740,224,8,1,1,3),(2741,224,3,1,2,4),(2742,224,5,1,5,4),(2743,224,8,1,1,4),(2744,224,3,1,1,5),(2745,224,5,1,2,5),(2746,224,8,1,1,5),(2747,225,6,1,2,1),(2748,225,7,1,1,1),(2749,225,1,1,1,2),(2750,225,6,1,2,2),(2751,225,7,1,1,2),(2752,225,6,1,1,3),(2753,225,8,1,1,3),(2754,225,1,1,1,4),(2755,225,3,1,1,4),(2756,225,6,1,4,4),(2757,225,8,1,1,4),(2758,225,1,1,2,5),(2759,225,8,1,1,5),(2760,226,1,1,3,1),(2761,226,4,1,2,1),(2762,226,5,1,7,1),(2763,226,6,1,2,1),(2764,226,7,1,1,1),(2765,226,8,1,1,1),(2766,226,4,1,1,2),(2767,226,5,1,4,2),(2768,226,7,1,1,2),(2769,226,1,1,1,3),(2770,226,4,1,1,3),(2771,226,5,1,4,3),(2772,226,6,1,1,3),(2773,226,1,1,1,4),(2774,226,5,1,3,4),(2775,226,6,1,5,4),(2776,226,8,1,1,4),(2777,226,4,1,1,5),(2778,226,5,1,4,5),(2779,226,6,2,2,8),(2780,226,2,2,3,9),(2781,226,8,2,1,9),(2782,227,1,1,2,1),(2783,227,6,1,3,1),(2784,227,7,1,1,1),(2785,227,8,1,1,1),(2786,227,6,1,2,2),(2787,227,8,1,1,2),(2788,227,1,1,3,3),(2789,227,6,1,8,3),(2790,227,8,1,1,3),(2791,227,6,1,6,4),(2792,227,8,1,1,4),(2793,227,1,1,3,5),(2794,227,6,1,2,5),(2795,227,8,1,1,5),(2796,228,1,1,2,1),(2797,228,5,1,3,1),(2798,228,6,1,1,1),(2799,228,5,1,2,2),(2800,228,1,1,1,3),(2801,228,5,1,6,3),(2802,228,6,1,1,3),(2803,228,5,1,3,4),(2804,228,6,1,1,4),(2805,228,5,1,1,5),(2806,229,1,1,1,1),(2807,229,8,1,1,1),(2808,229,1,1,1,3),(2809,229,8,1,1,3),(2810,229,1,1,1,4),(2811,229,8,1,1,4),(2812,230,8,1,1,1),(2813,230,7,1,1,2),(2814,230,8,1,1,2),(2815,230,8,1,1,3),(2816,230,7,1,1,4),(2817,230,8,1,1,4),(2818,230,7,1,1,5),(2819,230,8,1,1,5),(2820,232,5,1,1,1),(2821,233,5,1,1,1),(2822,233,8,1,1,1),(2823,234,3,1,1,1),(2824,234,5,1,1,1),(2825,234,6,1,1,1),(2826,234,8,1,1,1),(2827,234,3,1,1,3),(2828,234,6,1,1,3),(2829,234,3,2,1,7),(2830,234,6,2,1,7),(2831,235,5,1,1,1),(2832,235,8,1,1,1),(2833,235,2,2,1,6),(2834,235,3,2,1,6),(2835,235,4,2,1,6),(2836,235,5,2,1,6),(2837,235,7,2,1,6),(2838,235,8,2,1,6),(2839,235,7,2,1,7),(2840,235,3,2,1,8),(2841,235,7,2,1,8),(2842,236,7,1,1,1),(2843,236,8,1,1,1),(2844,236,1,1,2,3),(2845,236,5,1,6,3),(2846,236,6,1,2,3),(2847,236,7,1,1,3),(2848,236,5,2,3,7),(2849,236,7,2,1,7),(2850,236,5,2,4,8),(2851,236,7,2,1,8),(2852,236,2,2,5,9),(2853,236,3,2,2,9),(2854,236,5,2,1,9),(2855,236,7,2,1,9),(2856,236,8,2,1,9),(2857,237,4,1,1,3),(2858,237,5,1,1,3),(2859,237,1,2,1,6),(2860,237,2,2,1,6),(2861,237,5,2,1,6),(2862,237,6,2,1,6),(2863,237,8,2,1,6),(2864,237,4,2,1,8),(2865,237,2,2,1,9),(2866,237,4,2,1,9),(2867,238,7,1,1,1),(2868,238,8,1,1,1),(2869,238,5,1,2,3),(2870,238,8,1,1,3),(2871,238,5,2,1,6),(2872,238,6,2,1,6),(2873,238,8,2,1,8),(2874,238,3,2,4,9),(2875,238,5,2,2,9),(2876,238,6,2,1,9),(2877,238,8,2,1,9),(2878,239,5,1,1,1),(2879,239,8,1,1,1),(2880,239,8,1,1,3),(2881,240,4,1,1,1),(2882,240,5,1,6,1),(2883,240,8,1,1,1),(2884,240,3,1,2,3),(2885,240,4,1,1,3),(2886,240,5,1,1,3),(2887,240,8,1,1,3),(2888,241,4,1,2,1),(2889,241,8,1,1,1),(2890,242,1,1,1,1),(2891,242,2,1,1,1),(2892,242,4,1,1,1),(2893,242,5,1,7,1),(2894,242,5,1,3,3),(2895,243,3,1,2,3),(2896,243,8,1,1,3),(2897,244,3,1,1,1),(2898,244,5,1,2,1),(2899,244,8,1,1,1),(2900,244,3,1,1,3),(2901,244,8,1,1,3),(2902,245,3,1,2,1),(2903,246,5,1,1,1),(2904,246,7,1,1,1),(2905,246,8,1,1,1),(2906,246,5,1,1,4),(2907,246,7,1,1,4),(2908,246,8,1,1,4),(2909,246,3,2,1,6),(2910,246,7,2,1,6),(2911,246,8,2,1,6),(2912,246,3,2,5,7),(2913,246,5,2,1,7),(2914,246,7,2,2,7),(2915,246,8,2,1,7),(2916,246,2,2,1,8),(2917,246,3,2,3,8),(2918,246,7,2,1,8),(2919,246,8,2,1,8),(2920,246,7,2,1,9),(2921,246,8,2,1,9),(2922,247,7,1,1,1),(2923,247,7,1,1,2),(2924,247,5,1,1,3),(2925,247,8,1,1,3),(2926,247,5,1,2,4),(2927,247,5,1,1,5),(2928,247,3,2,4,6),(2929,247,7,2,1,6),(2930,247,8,2,1,6),(2931,247,3,2,7,7),(2932,247,6,2,1,7),(2933,247,7,2,1,7),(2934,247,3,2,3,8),(2935,247,7,2,1,8),(2936,247,8,2,1,8),(2937,247,3,2,4,9),(2938,247,7,2,1,9),(2939,247,8,2,2,9),(2940,248,7,1,1,1),(2941,248,7,1,1,2),(2942,248,7,1,1,3),(2943,248,7,1,2,4),(2944,248,8,1,1,4),(2945,248,4,1,1,5),(2946,248,7,1,1,5),(2947,248,3,2,1,6),(2948,248,7,2,1,6),(2949,248,3,2,3,7),(2950,248,5,2,1,7),(2951,248,7,2,2,7),(2952,248,8,2,1,7),(2953,248,3,2,3,8),(2954,248,5,2,1,8),(2955,248,7,2,3,8),(2956,248,8,2,1,8),(2957,248,2,2,3,9),(2958,248,3,2,4,9),(2959,248,4,2,1,9),(2960,248,7,2,2,9),(2961,248,8,2,1,9),(2962,249,3,1,2,1),(2963,249,4,1,3,1),(2964,249,5,1,2,1),(2965,249,4,1,2,2),(2966,249,5,1,1,2),(2967,249,3,1,2,3),(2968,249,4,1,2,3),(2969,249,5,1,1,3),(2970,249,5,1,2,4),(2971,249,6,1,1,4),(2972,249,5,1,3,5),(2973,249,3,2,4,6),(2974,249,4,2,1,6),(2975,249,5,2,2,6),(2976,249,3,2,5,8),(2977,249,4,2,4,8),(2978,249,5,2,1,8),(2979,249,3,2,3,9),(2980,249,4,2,4,9),(2981,249,5,2,5,9),(2982,250,4,1,4,1),(2983,250,5,1,3,1),(2984,250,4,1,4,2),(2985,250,5,1,3,2),(2986,250,4,1,5,3),(2987,250,5,1,2,3),(2988,250,8,1,1,3),(2989,250,4,1,1,4),(2990,250,5,1,1,4),(2991,250,4,1,4,5),(2992,250,5,1,4,5),(2993,250,8,1,1,5),(2994,250,3,2,1,8),(2995,250,3,2,4,9),(2996,250,4,2,1,9),(2997,250,5,2,1,9),(2998,250,6,2,1,9),(2999,251,7,1,1,1),(3000,251,7,1,2,2),(3001,251,7,1,2,3),(3002,251,4,1,2,4),(3003,251,7,1,2,4),(3004,251,7,1,1,5),(3005,251,2,2,1,9),(3006,251,7,2,1,9),(3007,252,7,1,1,1),(3008,252,7,1,2,2),(3009,252,4,1,3,3),(3010,252,7,1,2,3),(3011,252,4,1,1,4),(3012,252,5,1,1,4),(3013,252,7,1,2,4),(3014,252,7,1,1,5),(3015,253,7,1,1,1),(3016,253,7,1,1,2),(3017,253,7,1,1,3),(3018,253,7,1,2,4),(3019,253,4,1,5,5),(3020,253,7,1,1,5),(3021,254,7,1,1,1),(3022,254,8,1,1,1),(3023,254,7,1,1,2),(3024,254,8,1,1,2),(3025,254,4,1,5,3),(3026,254,6,1,1,3),(3027,254,7,1,1,3),(3028,254,8,1,1,3),(3029,254,4,1,3,4),(3030,254,5,1,10,4),(3031,254,7,1,3,4),(3032,254,8,1,2,4),(3033,254,4,1,10,5),(3034,254,5,1,2,5),(3035,254,7,1,3,5),(3036,254,8,1,2,5),(3037,255,4,1,2,1),(3038,255,7,1,1,1),(3039,255,6,1,1,2),(3040,255,7,1,1,2),(3041,255,4,1,1,3),(3042,255,5,1,2,3),(3043,255,7,1,1,3),(3044,255,8,1,1,3),(3045,255,6,1,2,4),(3046,255,7,1,2,4),(3047,255,8,1,1,4),(3048,255,5,1,1,5),(3049,255,7,1,2,5),(3050,255,8,1,1,5),(3051,256,7,1,1,1),(3052,256,7,1,1,2),(3053,256,7,1,1,3),(3054,256,7,1,1,4),(3055,256,5,1,8,5),(3056,256,7,1,1,5),(3057,256,8,1,2,5),(3058,257,7,1,1,1),(3059,257,7,1,1,2),(3060,257,7,1,1,3),(3061,257,7,1,2,4),(3062,257,4,1,2,5),(3063,257,7,1,1,5),(3064,257,8,1,2,5),(3065,258,7,1,1,1),(3066,258,7,1,1,2),(3067,258,7,1,1,3),(3068,258,7,1,1,4),(3069,258,7,1,1,5),(3070,259,7,1,1,1),(3071,259,7,1,1,2),(3072,259,4,1,1,4),(3073,259,7,1,2,4),(3074,259,2,1,1,5),(3075,259,3,1,1,5),(3076,259,7,1,1,5),(3077,260,7,1,1,1),(3078,260,7,1,1,2),(3079,260,6,1,1,4),(3080,260,7,1,1,4),(3081,260,7,1,1,5),(3082,261,6,1,1,2),(3083,261,8,1,1,2),(3084,261,7,1,1,4),(3085,261,8,1,1,4),(3086,262,5,1,1,2),(3087,262,8,1,1,2),(3088,262,8,1,1,4),(3089,262,7,2,1,8),(3090,262,8,2,1,8),(3091,263,5,1,4,1),(3092,263,8,1,1,1),(3093,263,5,1,6,2),(3094,263,5,1,4,4),(3095,263,5,2,2,6),(3096,263,3,2,1,7),(3097,263,4,2,1,7),(3098,263,5,2,2,7),(3099,263,8,2,1,7),(3100,263,3,2,1,8),(3101,263,5,2,3,8),(3102,264,7,1,1,1),(3103,264,8,1,1,1),(3104,264,1,1,5,2),(3105,264,5,1,1,2),(3106,264,7,1,1,2),(3107,264,8,1,1,2),(3108,264,1,1,1,3),(3109,264,7,1,1,3),(3110,264,1,1,2,4),(3111,264,4,1,1,4),(3112,264,5,1,8,4),(3113,264,8,1,1,4),(3114,264,1,2,3,6),(3115,264,7,2,1,6),(3116,264,3,2,3,7),(3117,264,5,2,3,7),(3118,264,7,2,1,7),(3119,264,1,2,1,8),(3120,264,3,2,15,8),(3121,264,5,2,16,8),(3122,264,7,2,1,8),(3123,264,8,2,1,8),(3124,264,1,2,12,9),(3125,264,3,2,21,9),(3126,264,5,2,6,9),(3127,264,8,2,1,9),(3128,265,5,1,3,1),(3129,265,7,1,1,1),(3130,265,8,1,1,1),(3131,265,1,1,5,2),(3132,265,5,1,2,2),(3133,265,7,1,1,2),(3134,265,8,1,2,2),(3135,265,5,1,2,3),(3136,265,7,1,1,3),(3137,265,8,1,1,3),(3138,265,1,1,1,4),(3139,265,5,1,2,4),(3140,265,7,1,1,4),(3141,265,8,1,1,4),(3142,265,1,1,5,5),(3143,265,5,1,2,5),(3144,265,8,1,1,5),(3145,265,4,2,1,6),(3146,265,5,2,1,6),(3147,265,8,2,1,6),(3148,265,3,2,1,7),(3149,265,5,2,1,7),(3150,265,7,2,1,7),(3151,265,8,2,1,7),(3152,265,3,2,4,8),(3153,265,4,2,1,8),(3154,265,5,2,1,8),(3155,265,7,2,1,8),(3156,265,8,2,1,8),(3157,265,1,2,17,9),(3158,265,3,2,6,9),(3159,265,5,2,4,9),(3160,265,8,2,1,9),(3161,266,8,1,1,1),(3162,266,4,1,2,2),(3163,266,5,1,2,2),(3164,266,8,1,1,2),(3165,266,5,1,2,4),(3166,266,8,1,1,4),(3167,266,1,1,5,5),(3168,266,5,1,1,5),(3169,266,6,1,1,5),(3170,266,7,1,1,5),(3171,266,8,1,1,5),(3172,266,1,2,6,6),(3173,266,5,2,2,6),(3174,266,7,2,1,6),(3175,266,8,2,1,6),(3176,266,1,2,1,7),(3177,266,7,2,1,7),(3178,266,8,2,1,7),(3179,266,1,2,8,8),(3180,266,3,2,1,8),(3181,266,5,2,1,8),(3182,266,7,2,1,8),(3183,266,8,2,1,8),(3184,266,1,2,41,9),(3185,266,3,2,3,9),(3186,266,5,2,1,9),(3187,266,7,2,1,9),(3188,266,8,2,1,9),(3189,267,5,1,1,1),(3190,267,8,1,1,1),(3191,267,7,1,1,2),(3192,267,5,1,4,3),(3193,267,4,1,2,4),(3194,267,5,1,2,4),(3195,267,8,1,1,4),(3196,267,1,1,9,5),(3197,267,5,1,2,5),(3198,267,8,1,1,5),(3199,267,1,2,7,6),(3200,267,5,2,6,6),(3201,267,7,2,1,6),(3202,267,1,2,1,7),(3203,267,5,2,5,7),(3204,267,7,2,1,7),(3205,267,1,2,11,8),(3206,267,5,2,4,8),(3207,267,7,2,1,8),(3208,267,8,2,1,8),(3209,267,1,2,59,9),(3210,267,2,2,2,9),(3211,267,3,2,3,9),(3212,267,5,2,5,9),(3213,267,7,2,1,9),(3214,268,4,1,1,2),(3215,268,6,1,2,2),(3216,268,8,1,1,2),(3217,268,4,1,1,4),(3218,268,5,1,2,4),(3219,268,6,1,1,4),(3220,268,7,1,1,4),(3221,268,8,1,1,4),(3222,268,5,1,2,5),(3223,268,8,1,1,5),(3224,268,4,2,2,6),(3225,268,5,2,2,6),(3226,268,8,2,1,6),(3227,268,2,2,2,7),(3228,268,8,2,1,7),(3229,268,5,2,3,8),(3230,268,8,2,1,8),(3231,268,1,2,26,9),(3232,268,2,2,4,9),(3233,268,3,2,1,9),(3234,268,4,2,3,9),(3235,268,8,2,1,9),(3236,269,8,1,1,1),(3237,269,7,1,1,2),(3238,269,8,1,1,2),(3239,269,7,1,1,3),(3240,269,8,1,1,3),(3241,269,8,1,1,4),(3242,269,7,1,1,5),(3243,269,8,1,1,5),(3244,269,1,2,1,6),(3245,269,1,2,21,9),(3246,269,2,2,7,9),(3247,269,3,2,1,9),(3248,269,7,2,1,9),(3249,269,8,2,1,9),(3250,270,5,1,3,2),(3251,270,8,1,1,4),(3252,270,1,1,3,5),(3253,270,5,1,1,5),(3254,270,6,1,1,5),(3255,270,8,1,1,5),(3256,270,1,2,4,9),(3257,270,4,2,1,9),(3258,270,7,2,1,9),(3259,271,8,1,1,4),(3260,271,1,1,2,5),(3261,271,4,1,1,5),(3262,271,5,1,1,5),(3263,272,6,1,1,2),(3264,272,6,1,2,5),(3265,272,7,1,1,5),(3266,273,6,1,1,2),(3267,273,7,1,1,4),(3268,273,8,1,1,4),(3269,273,1,1,1,5),(3270,273,7,1,1,5),(3271,273,8,1,1,5),(3272,274,3,1,1,1),(3273,274,8,1,1,1),(3274,274,7,1,1,2),(3275,274,8,1,1,2),(3276,274,8,1,1,4),(3277,274,3,1,1,5),(3278,274,7,1,1,5),(3279,274,8,1,1,5),(3280,275,1,2,1,6),(3281,275,3,2,2,8),(3282,275,4,2,1,8),(3283,276,3,2,1,6),(3284,276,8,2,1,6),(3285,276,3,2,1,7),(3286,276,3,2,4,8),(3287,276,6,2,2,8),(3288,277,4,2,2,6),(3289,277,8,2,1,6),(3290,277,3,2,3,7),(3291,277,3,2,4,8),(3292,277,6,2,3,8),(3293,277,7,2,1,8),(3294,277,8,2,1,8),(3295,277,3,2,1,9),(3296,277,4,2,1,9),(3297,277,8,2,1,9),(3298,278,4,2,1,8),(3299,278,3,2,1,9),(3300,279,5,1,1,2),(3301,279,3,2,1,6),(3302,280,4,1,1,1),(3303,280,6,1,1,1),(3304,280,7,1,1,1),(3305,280,6,1,1,2),(3306,280,7,1,1,2),(3307,280,1,2,1,8),(3308,280,7,2,1,8),(3309,281,5,1,2,1),(3310,285,4,1,12,4),(3311,285,5,1,2,4),(3312,285,7,1,1,4),(3313,285,8,1,1,4),(3314,285,3,2,1,6),(3315,285,4,2,8,6),(3316,285,5,2,2,6),(3317,285,3,2,1,7),(3318,285,4,2,1,7),(3319,285,5,2,1,7),(3320,285,3,2,3,8),(3321,285,4,2,1,8),(3322,285,5,2,6,8),(3323,285,3,2,1,9),(3324,285,4,2,3,9),(3325,286,1,1,1,4),(3326,286,5,1,1,4),(3327,286,8,1,1,4),(3328,286,1,2,1,8),(3329,286,3,2,3,8),(3330,286,6,2,3,8),(3331,286,3,2,3,9),(3332,287,7,1,1,4),(3333,287,4,1,3,5),(3334,287,3,2,1,6),(3335,287,4,2,1,6),(3336,287,7,2,1,6),(3337,287,3,2,1,7),(3338,287,5,2,1,7),(3339,287,6,2,1,7),(3340,287,2,2,1,8),(3341,287,3,2,4,8),(3342,287,6,2,2,8),(3343,287,3,2,6,9),(3344,287,6,2,1,9),(3345,287,8,2,1,9),(3346,288,8,1,1,4),(3347,288,3,2,1,6),(3348,288,1,2,1,8),(3349,288,3,2,5,8),(3350,288,6,2,2,8),(3351,288,8,2,1,8),(3352,288,1,2,1,9),(3353,288,3,2,5,9),(3354,288,6,2,1,9),(3355,288,8,2,1,9),(3356,289,4,1,2,4),(3357,289,5,1,1,4),(3358,289,8,1,1,4),(3359,289,4,1,1,5),(3360,289,4,2,3,6),(3361,289,4,2,1,7),(3362,289,4,2,1,8),(3363,289,6,2,1,8),(3364,289,1,2,2,9),(3365,289,3,2,1,9),(3366,289,4,2,1,9),(3367,290,8,1,1,4),(3368,290,8,2,1,6),(3369,290,8,2,1,7),(3370,290,8,2,1,8),(3371,290,1,2,1,9),(3372,290,3,2,3,9),(3373,290,8,2,1,9),(3374,291,4,1,3,4),(3375,291,5,1,2,4),(3376,291,8,1,1,4),(3377,291,4,1,1,5),(3378,291,5,1,2,5),(3379,291,5,2,1,6),(3380,291,7,2,1,6),(3381,291,5,2,2,7),(3382,291,3,2,1,8),(3383,291,4,2,1,8),(3384,291,5,2,2,8),(3385,291,8,2,1,8),(3386,291,3,2,1,9),(3387,291,4,2,1,9),(3388,291,5,2,4,9),(3389,291,8,2,1,9),(3390,292,3,2,3,9),(3391,292,8,2,1,9),(3392,293,4,1,3,4),(3393,293,5,1,1,4),(3394,293,5,1,1,5),(3395,293,2,2,1,6),(3396,293,8,2,1,6),(3397,293,2,2,2,8),(3398,293,2,2,1,9),(3399,293,4,2,1,9),(3400,294,6,1,3,4),(3401,294,6,1,3,5),(3402,294,2,2,3,9),(3403,294,6,2,1,9),(3404,295,5,1,1,5),(3405,295,4,2,1,6),(3406,295,5,2,1,6),(3407,295,8,2,1,6),(3408,295,2,2,2,8),(3409,295,4,2,1,8),(3410,295,4,2,1,9),(3411,295,6,2,1,9),(3412,296,8,1,1,4),(3413,296,2,2,1,6),(3414,296,6,2,2,8),(3415,296,2,2,1,9),(3416,296,6,2,2,9),(3417,297,5,1,1,4),(3418,297,5,1,1,5),(3419,297,4,2,1,6),(3420,297,8,2,1,6),(3421,297,8,2,1,8),(3422,297,4,2,1,9),(3423,298,8,1,1,5),(3424,299,5,1,2,4),(3425,299,8,1,1,5),(3426,299,6,2,1,7),(3427,299,8,2,1,8),(3428,299,2,2,1,9),(3429,299,8,2,1,9),(3430,301,8,1,1,1),(3431,302,8,1,1,1),(3432,304,5,1,3,1),(3433,304,8,1,1,1),(3434,304,5,1,3,2),(3435,304,8,1,1,2),(3436,304,5,1,3,3),(3437,304,5,1,1,4),(3438,304,8,1,1,4),(3439,304,5,1,5,5),(3440,304,8,1,2,5),(3441,304,7,2,1,6),(3442,304,3,2,3,8),(3443,304,7,2,1,8),(3444,304,2,2,2,9),(3445,304,3,2,1,9),(3446,304,4,2,2,9),(3447,304,7,2,1,9),(3448,305,4,1,1,1),(3449,305,5,1,1,1),(3450,305,7,1,1,1),(3451,305,8,1,1,1),(3452,305,1,1,1,2),(3453,305,7,1,1,2),(3454,305,8,1,1,2),(3455,305,7,1,1,3),(3456,305,7,1,1,4),(3457,305,1,1,2,5),(3458,305,4,1,3,5),(3459,305,7,1,1,5),(3460,305,8,2,1,8),(3461,305,1,2,1,9),(3462,305,2,2,3,9),(3463,305,4,2,1,9),(3464,305,8,2,1,9),(3465,306,4,1,3,1),(3466,306,5,1,7,1),(3467,306,5,1,7,2),(3468,306,6,1,1,2),(3469,306,8,1,1,2),(3470,306,5,1,3,3),(3471,306,6,1,1,3),(3472,306,8,1,1,3),(3473,306,5,1,4,4),(3474,306,8,1,1,4),(3475,306,5,1,5,5),(3476,306,7,1,1,5),(3477,306,2,2,1,7),(3478,306,5,2,2,7),(3479,306,2,2,1,8),(3480,306,4,2,1,8),(3481,306,1,2,2,9),(3482,306,2,2,4,9),(3483,306,4,2,5,9),(3484,306,5,2,5,9),(3485,306,7,2,1,9),(3486,306,8,2,1,9),(3487,307,4,1,1,1),(3488,307,8,1,1,1),(3489,307,5,1,1,2),(3490,307,7,1,2,2),(3491,307,8,1,1,2),(3492,307,7,1,1,3),(3493,307,7,1,1,4),(3494,307,8,1,1,4),(3495,307,7,1,2,5),(3496,307,8,1,1,5),(3497,307,4,2,1,6),(3498,307,5,2,3,6),(3499,307,8,2,1,8),(3500,307,2,2,1,9),(3501,307,3,2,2,9),(3502,307,4,2,4,9),(3503,307,7,2,1,9),(3504,308,4,1,4,1),(3505,308,6,1,1,1),(3506,308,8,1,1,1),(3507,308,4,1,1,2),(3508,308,5,1,2,2),(3509,308,8,1,1,2),(3510,308,4,1,2,3),(3511,308,5,1,4,3),(3512,308,8,1,1,3),(3513,308,4,1,1,4),(3514,308,8,1,1,4),(3515,308,1,1,3,5),(3516,308,5,1,5,5),(3517,308,6,1,1,5),(3518,308,8,1,1,5),(3519,308,2,2,2,9),(3520,309,5,1,8,1),(3521,309,5,1,2,2),(3522,309,4,1,7,3),(3523,309,5,1,6,3),(3524,309,4,1,2,4),(3525,309,6,1,1,4),(3526,309,7,1,1,4),(3527,309,5,1,8,5),(3528,309,7,1,1,5),(3529,310,5,1,5,1),(3530,310,5,1,16,2),(3531,310,7,1,1,2),(3532,310,4,1,1,3),(3533,310,5,1,12,3),(3534,310,7,1,1,3),(3535,310,5,1,5,4),(3536,310,7,1,1,4),(3537,310,5,1,52,5),(3538,310,7,1,3,5),(3539,310,8,1,3,5),(3540,311,1,1,2,1),(3541,311,5,1,2,1),(3542,311,8,1,1,1),(3543,311,1,1,2,2),(3544,311,5,1,6,2),(3545,311,1,1,1,3),(3546,311,4,1,2,3),(3547,311,5,1,1,3),(3548,311,6,1,1,3),(3549,311,5,1,2,4),(3550,311,8,1,1,4),(3551,311,1,1,2,5),(3552,311,2,1,1,5),(3553,311,4,1,1,5),(3554,311,5,1,3,5),(3555,311,6,1,1,5),(3556,312,5,1,2,1),(3557,312,6,1,1,2),(3558,312,6,1,1,3),(3559,312,4,1,3,4),(3560,312,6,1,1,4),(3561,312,4,1,10,5),(3562,312,5,1,4,5),(3563,313,5,1,1,1),(3564,313,6,1,1,1),(3565,313,7,1,1,1),(3566,313,8,1,1,1),(3567,313,8,1,1,2),(3568,313,5,1,2,3),(3569,313,7,1,1,3),(3570,313,5,1,1,4),(3571,313,5,1,8,5),(3572,313,7,2,1,6),(3573,313,8,2,3,6),(3574,314,5,1,2,1),(3575,314,7,1,1,1),(3576,314,5,1,3,3),(3577,314,5,1,2,4),(3578,314,5,1,7,5),(3579,315,5,1,1,1),(3580,315,8,1,1,3),(3581,315,5,1,2,4),(3582,315,5,1,1,5),(3583,315,8,1,1,5),(3584,316,3,1,1,4),(3585,316,8,1,1,4),(3586,317,5,1,1,4),(3587,317,1,2,1,8),(3588,317,2,2,4,8),(3589,317,5,2,3,8),(3590,317,7,2,1,8),(3591,317,8,2,1,8),(3592,318,5,1,3,4),(3593,318,7,1,1,4),(3594,318,1,2,1,8),(3595,318,3,2,2,8),(3596,318,5,2,4,8),(3597,318,6,2,2,8),(3598,318,7,2,1,8),(3599,318,8,2,1,8),(3600,319,2,1,4,4),(3601,319,4,1,3,4),(3602,319,6,1,1,4),(3603,319,8,1,1,4),(3604,319,2,2,4,8),(3605,319,5,2,10,8),(3606,319,1,2,1,9),(3607,319,4,2,3,9),(3608,320,5,1,2,3),(3609,320,7,1,1,3),(3610,320,8,1,1,3),(3611,320,5,1,3,4),(3612,320,7,1,1,4),(3613,320,8,1,1,4),(3614,320,5,1,3,5),(3615,320,8,1,1,5),(3616,320,4,2,2,7),(3617,320,2,2,1,8),(3618,320,3,2,1,8),(3619,320,4,2,4,8),(3620,320,5,2,1,8),(3621,320,8,2,1,8),(3622,320,1,2,1,9),(3623,320,2,2,2,9),(3624,320,4,2,4,9),(3625,320,7,2,1,9),(3626,320,8,2,1,9),(3627,321,5,1,1,3),(3628,321,6,1,1,3),(3629,321,7,1,1,3),(3630,321,8,1,1,3),(3631,321,5,1,10,4),(3632,321,6,1,2,4),(3633,321,7,1,1,4),(3634,321,8,1,1,4),(3635,321,2,2,7,7),(3636,321,4,2,2,7),(3637,321,6,2,1,7),(3638,321,7,2,1,7),(3639,321,8,2,1,7),(3640,321,1,2,4,8),(3641,321,2,2,13,8),(3642,321,4,2,2,8),(3643,321,5,2,1,8),(3644,321,7,2,1,8),(3645,321,8,2,1,8),(3646,321,1,2,4,9),(3647,321,2,2,24,9),(3648,321,4,2,8,9),(3649,321,5,2,2,9),(3650,321,8,2,1,9),(3651,322,7,1,1,3),(3652,322,8,1,1,3),(3653,322,5,1,3,4),(3654,322,6,1,1,4),(3655,322,8,1,1,4),(3656,322,5,1,3,5),(3657,322,7,1,1,5),(3658,322,8,1,1,5),(3659,322,1,2,1,7),(3660,322,2,2,1,7),(3661,322,8,2,1,7),(3662,322,1,2,3,8),(3663,322,2,2,9,8),(3664,322,4,2,2,8),(3665,322,5,2,8,8),(3666,322,7,2,1,8),(3667,322,1,2,1,9),(3668,322,2,2,16,9),(3669,322,8,2,1,9),(3670,323,5,1,4,3),(3671,323,5,1,6,4),(3672,323,7,1,1,4),(3673,323,7,1,1,5),(3674,323,8,1,1,5),(3675,323,2,2,5,7),(3676,323,5,2,2,7),(3677,323,7,2,1,7),(3678,323,1,2,3,8),(3679,323,2,2,11,8),(3680,323,7,2,1,8),(3681,323,8,2,1,8),(3682,323,2,2,19,9),(3683,323,4,2,1,9),(3684,323,7,2,1,9),(3685,323,8,2,1,9),(3686,324,1,1,2,3),(3687,324,5,1,16,3),(3688,324,6,1,1,3),(3689,324,1,1,1,4),(3690,324,5,1,18,4),(3691,324,7,1,1,4),(3692,324,1,1,3,5),(3693,324,5,1,7,5),(3694,324,6,1,2,5),(3695,324,7,1,1,5),(3696,324,2,2,2,8),(3697,324,1,2,4,9),(3698,324,2,2,13,9),(3699,324,4,2,1,9),(3700,324,5,2,2,9),(3701,324,6,2,1,9),(3702,324,7,2,1,9),(3703,325,5,1,7,3),(3704,325,6,1,2,3),(3705,325,5,1,3,4),(3706,325,7,1,1,4),(3707,325,5,1,3,5),(3708,325,6,1,1,5),(3709,325,7,1,1,5);
/*!40000 ALTER TABLE `mg_pollinator_visit` ENABLE KEYS */;
UNLOCK TABLES;

--
-- Table structure for table `mg_post`
--

DROP TABLE IF EXISTS `mg_post`;
/*!40101 SET @saved_cs_client     = @@character_set_client */;
/*!40101 SET character_set_client = utf8 */;
CREATE TABLE `mg_post` (
  `post_id` int(11) NOT NULL AUTO_INCREMENT,
  `user_id` int(11) NOT NULL,
  `garden_id` int(11) NOT NULL,
  `comments` varchar(500) NOT NULL,
  PRIMARY KEY (`post_id`)
) ENGINE=InnoDB AUTO_INCREMENT=7 DEFAULT CHARSET=utf8;
/*!40101 SET character_set_client = @saved_cs_client */;

--
-- Dumping data for table `mg_post`
--

LOCK TABLES `mg_post` WRITE;
/*!40000 ALTER TABLE `mg_post` DISABLE KEYS */;
INSERT INTO `mg_post` VALUES (1,1,1,'Admin1_Comment1'),(2,2,2,'Admin2_Comment1'),(3,3,3,'Admin3_Comment1'),(4,4,1,'Member4_Comment1'),(5,5,2,'Member5_Comment1'),(6,6,3,'Member6_Comment1');
/*!40000 ALTER TABLE `mg_post` ENABLE KEYS */;
UNLOCK TABLES;

--
-- Table structure for table `mg_user`
--

DROP TABLE IF EXISTS `mg_user`;
/*!40101 SET @saved_cs_client     = @@character_set_client */;
/*!40101 SET character_set_client = utf8 */;
CREATE TABLE `mg_user` (
  `user_ID` int(11) NOT NULL AUTO_INCREMENT COMMENT 'Unique ID per user account.',
  `userName` varchar(512) NOT NULL COMMENT 'Unique username created by user. Tied to the userID. Variable length, max 255 chars.',
  `passWord` varchar(255) NOT NULL COMMENT 'Non-unique (for security reasons) password per user (tied to ID). Variable length, max 255 chars.',
  `salt` varchar(255) DEFAULT NULL,
  `email` varchar(255) NOT NULL,
  `first_name` varchar(255) NOT NULL,
  `last_name` varchar(255) DEFAULT NULL,
  `description` varchar(255) DEFAULT NULL,
  `login_id` int(11) NOT NULL,
  `moderator` tinyint(1) DEFAULT '0',
  PRIMARY KEY (`user_ID`),
  UNIQUE KEY `userID_UNIQUE` (`user_ID`),
  UNIQUE KEY `userName_UNIQUE` (`userName`)
) ENGINE=InnoDB AUTO_INCREMENT=26 DEFAULT CHARSET=utf8;
/*!40101 SET character_set_client = @saved_cs_client */;

--
-- Dumping data for table `mg_user`
--

LOCK TABLES `mg_user` WRITE;
/*!40000 ALTER TABLE `mg_user` DISABLE KEYS */;
INSERT INTO `mg_user` VALUES (23,'Alex2','6d12b3b842e6c23308bc1aba6a7242fe6b508bc5f6b8a1a7b10e1c43e466c8a145929337ccbb1ea300a091f544e424f80f8efb0a437c95a15e492e8a6e4ec781','[B@64b214a6','2@ycp.edu','haha','nice','dank',-1,0),(24,'Alex3','2e41497f20be86766fd5afb990ebebf96b76089c4d29663761886b5ce68a37d27cde6edcf57d3fb56365c1826fc7f32aeeead728e769564f02923f45cc1bfcd1','[B@624e98b7','dank@ycp.edu','Same Password','As Alex2!','Check that salt!',-1,0),(25,'Alex4','7cc121ad49bb96171926d5593a5100fa61cba93d219abcb8e178c17a4f41ae4c9ec0f4ebaef8ba4462cbe9d5ff1fa4753e8570357940714a15d291fed5e80010','[B@2be444a7','hopefully@ycp.edu','A Third Test?!','Does it work?','The password is the same!!!',-1,0);
/*!40000 ALTER TABLE `mg_user` ENABLE KEYS */;
UNLOCK TABLES;
/*!40103 SET TIME_ZONE=@OLD_TIME_ZONE */;

/*!40101 SET SQL_MODE=@OLD_SQL_MODE */;
/*!40014 SET FOREIGN_KEY_CHECKS=@OLD_FOREIGN_KEY_CHECKS */;
/*!40014 SET UNIQUE_CHECKS=@OLD_UNIQUE_CHECKS */;
/*!40101 SET CHARACTER_SET_CLIENT=@OLD_CHARACTER_SET_CLIENT */;
/*!40101 SET CHARACTER_SET_RESULTS=@OLD_CHARACTER_SET_RESULTS */;
/*!40101 SET COLLATION_CONNECTION=@OLD_COLLATION_CONNECTION */;
/*!40111 SET SQL_NOTES=@OLD_SQL_NOTES */;

-- Dump completed on 2018-03-24 12:23:24
